state	family	disposition	lines	bytes	sha256	path
untracked	raw-performance-evidence	archive-raw	455	15663	2e87179b855e179d06a8c7f42567a3e43f84b2c8ee1580c887cde6ce2753ab48	v12/docs/perf-baselines/2026-07-15-strict-cohort-a-async-compiled-02.json
untracked	supporting-performance-report	archive-supporting	15	1048	896d524f9f2df6b5869fe9b8d86afe5073b7b04777c8e18342463c2555ae2ada	v12/docs/perf-baselines/2026-07-15-strict-cohort-a-async-compiled-02.md
untracked	raw-performance-evidence	archive-raw	287	9374	cbcd6d091f9e2c9fcf1f13d21b4cc8d69b27e85fe5137b286377c23895788110	v12/docs/perf-baselines/2026-07-15-strict-cohort-a-async-go-reference.json
untracked	supporting-performance-report	archive-supporting	17	1550	fa52d50c47e2a8ac08d211e9a5bff1dd0e7a606a79738ba5259a77ab77b9b673	v12/docs/perf-baselines/2026-07-15-strict-cohort-a-async-go-reference.md
untracked	raw-performance-evidence	archive-raw	610	20065	296be57409023b643e137224e067320eb6428e9bab1be75e940b81297641af56	v12/docs/perf-baselines/2026-07-15-strict-cohort-a-async-interpreter-reference.json
untracked	supporting-performance-report	archive-supporting	24	3165	e0b50be4a19912fd2ec8958e1a725eb0de42dd28bddbd149a58e10a90277f74d	v12/docs/perf-baselines/2026-07-15-strict-cohort-a-async-interpreter-reference.md
untracked	raw-performance-evidence	archive-raw	590	20682	6c1bd993254db8a66be0414c4a2cf80fd29d71ea06ed6070145f458e171e3c50	v12/docs/perf-baselines/2026-07-15-strict-cohort-a-coverage-extra-bytecode-01.json
untracked	supporting-performance-report	archive-supporting	15	1177	deaff6f9bb048bd16ebaf67ca8bbb5fa6436f6f795159689e24661590516340a	v12/docs/perf-baselines/2026-07-15-strict-cohort-a-coverage-extra-bytecode-01.md
untracked	raw-performance-evidence	archive-raw	604	20916	b48e7f73aa0eda4c1da7029b984b8378adb6023e1066399e5b048170613c7f67	v12/docs/perf-baselines/2026-07-15-strict-cohort-a-coverage-extra-bytecode-02.json
untracked	supporting-performance-report	archive-supporting	15	1110	7864c6a54a633930671f9696a0a4d376515868c388dfe17e9a85ffca9a4fffa2	v12/docs/perf-baselines/2026-07-15-strict-cohort-a-coverage-extra-bytecode-02.md
untracked	raw-performance-evidence	archive-raw	598	21069	6d6f8e023184c990b685b71e064a704cd2c8eeb53f5b8afb5cb6267e9c542b22	v12/docs/perf-baselines/2026-07-15-strict-cohort-a-coverage-extra-bytecode-03.json
untracked	supporting-performance-report	archive-supporting	15	1195	68521d09b12c8d8e55e91f98c247f42a44f1028a154631c05b178a077d751d3d	v12/docs/perf-baselines/2026-07-15-strict-cohort-a-coverage-extra-bytecode-03.md
untracked	raw-performance-evidence	archive-raw	395	13833	644d5e64f19582b6862e102d6d099dcf3b046c83e9094034e6348c989252d448	v12/docs/perf-baselines/2026-07-15-strict-cohort-a-coverage-extra-bytecode-04.json
untracked	supporting-performance-report	archive-supporting	14	1002	c94e9394a8e3dbbf0ea038a5a5e8f76940ea4c8687a696c49795b9e927ba824e	v12/docs/perf-baselines/2026-07-15-strict-cohort-a-coverage-extra-bytecode-04.md
untracked	raw-performance-evidence	archive-raw	463	15927	bcc9ec0eab8cbb468b2d82989922ee7117b78d746d08d6d771e1443def227573	v12/docs/perf-baselines/2026-07-15-strict-cohort-a-coverage-extra-compiled-01.json
untracked	supporting-performance-report	archive-supporting	15	1050	7d87948b74edd3f7903b68bdd1cf6ad5a7d9ad9ebbe6b766b3ac9ea78c538d44	v12/docs/perf-baselines/2026-07-15-strict-cohort-a-coverage-extra-compiled-01.md
untracked	raw-performance-evidence	archive-raw	479	16555	bb9f889742415c9843ded7204ba948e40359f04c610d65bac4ff7b7c9706e4fa	v12/docs/perf-baselines/2026-07-15-strict-cohort-a-coverage-extra-compiled-02.json
untracked	supporting-performance-report	archive-supporting	15	1051	e03cbefec673a1ce71b1d561e0a4729c0bc3a739ad8b035ef0a4d51f41b4b2a0	v12/docs/perf-baselines/2026-07-15-strict-cohort-a-coverage-extra-compiled-02.md
untracked	raw-performance-evidence	archive-raw	471	16297	d993f6909e6aafce9755cf5e1329c1a2796fa0335b9240105ee08dbc2ba1c1f8	v12/docs/perf-baselines/2026-07-15-strict-cohort-a-coverage-extra-compiled-03.json
untracked	supporting-performance-report	archive-supporting	15	1062	4466f50f77d0bbc8be7d2e8ecc3667e0b4306e8c653522b400e4c3429394e7d7	v12/docs/perf-baselines/2026-07-15-strict-cohort-a-coverage-extra-compiled-03.md
untracked	raw-performance-evidence	archive-raw	310	10628	d56cd7a158c886af20f7db23878afe695172a4dc3b46fc573679aca6c6736865	v12/docs/perf-baselines/2026-07-15-strict-cohort-a-coverage-extra-compiled-04.json
untracked	supporting-performance-report	archive-supporting	14	889	52ad3eefdf56f0becdafab2de5366b0cad2cf7943f4a8d583bd7d5c8a73f1bdc	v12/docs/perf-baselines/2026-07-15-strict-cohort-a-coverage-extra-compiled-04.md
untracked	raw-performance-evidence	archive-raw	517	16980	320cf600ab7e882d6291f316d88e2a6206d4684de5b1cf9e2840a3cf7c512580	v12/docs/perf-baselines/2026-07-15-strict-cohort-a-coverage-extra-go-reference.json
untracked	supporting-performance-report	archive-supporting	22	2592	5a6cbee0800a27cd36a457c45234fb46a19da0bed266853c4ebe3a6ce86e8804	v12/docs/perf-baselines/2026-07-15-strict-cohort-a-coverage-extra-go-reference.md
untracked	raw-performance-evidence	archive-raw	1100	36287	dde518417c954aa9261f2c9ff42e1aded681c8001b6b915d120da8decc057133	v12/docs/perf-baselines/2026-07-15-strict-cohort-a-coverage-extra-interpreter-reference.json
untracked	supporting-performance-report	archive-supporting	34	5459	f6b168e82beba6f42207ff317300510dbc59a6cea69aeeecf4078721888139f1	v12/docs/perf-baselines/2026-07-15-strict-cohort-a-coverage-extra-interpreter-reference.md
untracked	raw-performance-evidence	archive-raw	582	19893	5ef47da0d8ec56d0124d3e5482253d469dd92d7132ca2fab10f9fbf03ca4b57d	v12/docs/perf-baselines/2026-07-15-strict-cohort-a-generality-bytecode-01.json
untracked	supporting-performance-report	archive-supporting	15	1073	bcdde7d4c0fabaa659c39fc8ac911006f7ec5fe559d9e588872dbc5f7fbda118	v12/docs/perf-baselines/2026-07-15-strict-cohort-a-generality-bytecode-01.md
untracked	raw-performance-evidence	archive-raw	391	12926	2d58af799437e958a135a1bb5eda9ce9db6bf006e480b5a68d41a718dec975a4	v12/docs/perf-baselines/2026-07-15-strict-cohort-a-generality-bytecode-02.json
untracked	supporting-performance-report	archive-supporting	14	833	0918332c6efe0a7af852ec7bef566ec9ab3ee807463ea31cd07846659947cb30	v12/docs/perf-baselines/2026-07-15-strict-cohort-a-generality-bytecode-02.md
untracked	raw-performance-evidence	archive-raw	590	20460	e434e76b08ffeb468ec9cb0183cbaae1100a490dbda32bf8b140b52f7bf3b30b	v12/docs/perf-baselines/2026-07-15-strict-cohort-a-generality-bytecode-03.json
untracked	supporting-performance-report	archive-supporting	15	1119	3d4b1d88861134a0989d637afd29b6f0ec9f10cce5278833585c1363bbbf6a15	v12/docs/perf-baselines/2026-07-15-strict-cohort-a-generality-bytecode-03.md
untracked	raw-performance-evidence	archive-raw	584	20333	859afbedbacb29a96b5e04ab9c5a0c7effe1545c02a8f2a19d6ec61a72fadcaf	v12/docs/perf-baselines/2026-07-15-strict-cohort-a-generality-bytecode-04.json
untracked	supporting-performance-report	archive-supporting	15	1144	a93b4f9fd414bbc7ad8c614755c09483214b30454304a6b775351698882f283d	v12/docs/perf-baselines/2026-07-15-strict-cohort-a-generality-bytecode-04.md
untracked	raw-performance-evidence	archive-raw	411	14459	8ada451571201260baa501cf8d3756c4fe60c694e0b1574ec5a7898c93f56835	v12/docs/perf-baselines/2026-07-15-strict-cohort-a-generality-bytecode-05.json
untracked	supporting-performance-report	archive-supporting	14	989	2ccb43638438e243a70721030826b517d7a4588e8b8fe3c4f0905e759630cdde	v12/docs/perf-baselines/2026-07-15-strict-cohort-a-generality-bytecode-05.md
untracked	raw-performance-evidence	archive-raw	399	13207	a1566d19772b89888bc2cf18bacea88da6a414705c82a65ab0cd2fa55ed93c73	v12/docs/perf-baselines/2026-07-15-strict-cohort-a-generality-bytecode-06.json
untracked	supporting-performance-report	archive-supporting	14	833	17e0e13b0324dca0faf7e1267201cad5051ebec308d34c2ffeca5a834f84d11c	v12/docs/perf-baselines/2026-07-15-strict-cohort-a-generality-bytecode-06.md
untracked	raw-performance-evidence	archive-raw	457	15522	f7143829a77499efae73a8df82d471d6633e01ecb62e8eaae9bcfe9957662059	v12/docs/perf-baselines/2026-07-15-strict-cohort-a-generality-compiled-01.json
untracked	supporting-performance-report	archive-supporting	15	1009	4b2a21dd09a596f2bf03e522f85caafd4d6b0f5d1cf20ddd29baba12bef375bd	v12/docs/perf-baselines/2026-07-15-strict-cohort-a-generality-compiled-01.md
untracked	raw-performance-evidence	archive-raw	310	10537	b7bd813d1baf584182e18b51a73df9af972a4577960cae7c49ebbd65d0f7b224	v12/docs/perf-baselines/2026-07-15-strict-cohort-a-generality-compiled-02.json
untracked	supporting-performance-report	archive-supporting	14	856	e1c2dee35f3081005513638d9ad631db37b8307510bd6cbc9da118d2b330f37f	v12/docs/perf-baselines/2026-07-15-strict-cohort-a-generality-compiled-02.md
untracked	raw-performance-evidence	archive-raw	463	15720	ba8aceb93b5dfe072ad3dfead44ea9b4d0291a277bc170da94ece997e6f09aa6	v12/docs/perf-baselines/2026-07-15-strict-cohort-a-generality-compiled-03.json
untracked	supporting-performance-report	archive-supporting	15	992	897e4d0087b2df4023b43072019d3c424ba27f49274420fc4787f3bb36277bec	v12/docs/perf-baselines/2026-07-15-strict-cohort-a-generality-compiled-03.md
untracked	raw-performance-evidence	archive-raw	457	15559	e5eab7a12e465f444a1928d18a26a6db28fd462b800b017d27e4dfbdf23a5d4b	v12/docs/perf-baselines/2026-07-15-strict-cohort-a-generality-compiled-04.json
untracked	supporting-performance-report	archive-supporting	15	1016	0924849f43160b0c286c77c6fd0faa983996371796ec3ee9d3e9c8ea0abc2f56	v12/docs/perf-baselines/2026-07-15-strict-cohort-a-generality-compiled-04.md
untracked	raw-performance-evidence	archive-raw	326	11244	102a4833d3e9c45e4e26b267c9471e3d1321b5b8146e2848912cc8ddda2a416c	v12/docs/perf-baselines/2026-07-15-strict-cohort-a-generality-compiled-05.json
untracked	supporting-performance-report	archive-supporting	14	874	63055633f1da1afd9d54e4e8c3c3670bfbe09ecee64d912abf34d9240be45500	v12/docs/perf-baselines/2026-07-15-strict-cohort-a-generality-compiled-05.md
untracked	raw-performance-evidence	archive-raw	318	10817	7c67bc533127ecdf1ec3c55d7b99e0d5bbfe3aba4e1ebc62c91f2564b1501d7c	v12/docs/perf-baselines/2026-07-15-strict-cohort-a-generality-compiled-06.json
untracked	supporting-performance-report	archive-supporting	14	858	ae376f6b8447b1a52d8baf249d8153168e6bcddc373a8c67dbf6796feed36ba0	v12/docs/perf-baselines/2026-07-15-strict-cohort-a-generality-compiled-06.md
untracked	raw-performance-evidence	archive-raw	705	23175	7ce1f6f048755a78966ac20da41a7028e2825dfc3ce262bcf93d017ca152a485	v12/docs/perf-baselines/2026-07-15-strict-cohort-a-generality-go-reference.json
untracked	supporting-performance-report	archive-supporting	26	3614	8314b99665a14f54a218b5b25a51033e6f946467c25b3f4390b3390f5dd839a0	v12/docs/perf-baselines/2026-07-15-strict-cohort-a-generality-go-reference.md
untracked	raw-performance-evidence	archive-raw	1500	49640	5a4738073cffac9cb0c5b6a47da47d2bbf9f8c4a47217f6143736cddab4cc350	v12/docs/perf-baselines/2026-07-15-strict-cohort-a-generality-interpreter-reference.json
untracked	supporting-performance-report	archive-supporting	42	7688	d041583e95102ec848c967ab75e9b0676c9c1f43383991aa32f7942203e65e42	v12/docs/perf-baselines/2026-07-15-strict-cohort-a-generality-interpreter-reference.md
untracked	raw-performance-evidence	archive-raw	78	89810	c8370dc339118bcd1686f8e146bbd273c5eb05b5e727245f08fdf88f26c29a3f	v12/docs/perf-baselines/2026-07-15-strict-cohort-a-refresh.json
untracked	supporting-performance-report	archive-supporting	123	12168	39cdfb2a087a7494b85a258b82904f152662f0ebac387d160d2f4f90d9a7dcda	v12/docs/perf-baselines/2026-07-15-strict-cohort-a-refresh.md
untracked	raw-performance-evidence	archive-raw	8	272	6f4ef53b7261070556c3fe0903ffcb29301d8398016a8476875945a6e5e7a401	v12/docs/perf-baselines/2026-07-15-strict-cohort-a-stdlib-source-state.json
untracked	raw-performance-evidence	archive-raw	590	20703	38b3a0c5651493f0412607703e42d5d592b7323f19492fe3746324449eb8bd84	v12/docs/perf-baselines/2026-07-15-strict-cohort-b-async-bytecode-01.json
untracked	supporting-performance-report	archive-supporting	15	1168	aa0f094715ab10e909edf28638b47bce837a40a759c0c02d1732d15b1cdac121	v12/docs/perf-baselines/2026-07-15-strict-cohort-b-async-bytecode-01.md
untracked	raw-performance-evidence	archive-raw	582	20425	7f518baed8f7cf258022611b456bd3e4b4c489dfef7c92c81e7d49d9480388ae	v12/docs/perf-baselines/2026-07-15-strict-cohort-b-async-bytecode-02.json
untracked	supporting-performance-report	archive-supporting	15	1173	f3c7df756796d2cdd119efc1ca9b29166a193aac6cacf6c8a7f7dc0c7e2f361b	v12/docs/perf-baselines/2026-07-15-strict-cohort-b-async-bytecode-02.md
untracked	raw-performance-evidence	archive-raw	463	15930	19cbb4a6c318d556f0c9cfdb7da9e341a9a0ba174e0061a6171b7acef7bad644	v12/docs/perf-baselines/2026-07-15-strict-cohort-b-async-compiled-01.json
untracked	supporting-performance-report	archive-supporting	15	1044	e2efa7c7b6781d515b7dc838198d5bde3e7e38c512b29f13a78ec78ee2476653	v12/docs/perf-baselines/2026-07-15-strict-cohort-b-async-compiled-01.md
untracked	raw-performance-evidence	archive-raw	455	15648	31a538eb45b2333494c389dd78c3159a325cc874982abfc5aeb00901e612e18e	v12/docs/perf-baselines/2026-07-15-strict-cohort-b-async-compiled-02.json
untracked	supporting-performance-report	archive-supporting	15	1048	fa05f48f13305488f8766b3296d73b7b2078d95ea2baceb205639da143c29c7d	v12/docs/perf-baselines/2026-07-15-strict-cohort-b-async-compiled-02.md
untracked	raw-performance-evidence	archive-raw	287	9370	b029eb60dc7345997aa30192788dc192fc800785752ff7213fff751740941210	v12/docs/perf-baselines/2026-07-15-strict-cohort-b-async-go-reference.json
untracked	supporting-performance-report	archive-supporting	17	1550	266778b4c509b8346c8aaeeba600c771ca7fed73519fe9f24cf00db67824011b	v12/docs/perf-baselines/2026-07-15-strict-cohort-b-async-go-reference.md
untracked	raw-performance-evidence	archive-raw	610	20075	6ebd2d2e42d135a66793a46b6016c376b9cc98464ffa431fa142a9a3d5b77327	v12/docs/perf-baselines/2026-07-15-strict-cohort-b-async-interpreter-reference.json
untracked	supporting-performance-report	archive-supporting	24	3165	5d3d15fc3ba02ff2a82773a1ce2bf4dc43072e284901ba6f620e0e199bfd037f	v12/docs/perf-baselines/2026-07-15-strict-cohort-b-async-interpreter-reference.md
untracked	raw-performance-evidence	archive-raw	590	20677	7a8fea35bcbab8b183eec208a7af59e9a92625977f8fa148a1ad571f70578e8e	v12/docs/perf-baselines/2026-07-15-strict-cohort-b-coverage-extra-bytecode-01.json
untracked	supporting-performance-report	archive-supporting	15	1177	31db831fd567a027d9bbe8a01b31d8139e2a42be6d57cd323483276c0ff371fd	v12/docs/perf-baselines/2026-07-15-strict-cohort-b-coverage-extra-bytecode-01.md
untracked	raw-performance-evidence	archive-raw	604	20920	d6288e112caa6d6cb801de1cee439b1875a54cc52aa5c4fba6dc6f74502b4986	v12/docs/perf-baselines/2026-07-15-strict-cohort-b-coverage-extra-bytecode-02.json
untracked	supporting-performance-report	archive-supporting	15	1110	a9a7571d7a5c9dd0dab6388af7a48fbad64043f03c41499af4be72124b37f012	v12/docs/perf-baselines/2026-07-15-strict-cohort-b-coverage-extra-bytecode-02.md
untracked	raw-performance-evidence	archive-raw	598	21067	96ee66abcb919c1c6745b58bbfe04b5f29a15631ca9feea611a69127474b4496	v12/docs/perf-baselines/2026-07-15-strict-cohort-b-coverage-extra-bytecode-03.json
untracked	supporting-performance-report	archive-supporting	15	1195	848f03d1a1f557c350781614aeb9d731d08b96f01924ecf09a5d2a04d340ba90	v12/docs/perf-baselines/2026-07-15-strict-cohort-b-coverage-extra-bytecode-03.md
untracked	raw-performance-evidence	archive-raw	395	13831	a9a8ab5144e8b61ddf951adfd6ee638757b4423e71190c312e3b435b59124ad3	v12/docs/perf-baselines/2026-07-15-strict-cohort-b-coverage-extra-bytecode-04.json
untracked	supporting-performance-report	archive-supporting	14	1002	492b6f0c9077bf5930595a974f740ae3f652f1b1660b9198249c8320755e6ae9	v12/docs/perf-baselines/2026-07-15-strict-cohort-b-coverage-extra-bytecode-04.md
untracked	raw-performance-evidence	archive-raw	463	15915	8ee76fb87c3f7ca1fc5aef58fe2b9c9be468324be64fea030f71bbc238b15a34	v12/docs/perf-baselines/2026-07-15-strict-cohort-b-coverage-extra-compiled-01.json
untracked	supporting-performance-report	archive-supporting	15	1050	18f770a64261543a3aa09e58e02153d8acd42848c6efc821954beb0bdfa4519b	v12/docs/perf-baselines/2026-07-15-strict-cohort-b-coverage-extra-compiled-01.md
untracked	raw-performance-evidence	archive-raw	479	16566	9032553dd8bf781cb5e95991e4662a5b1a1d8431d66cd763003f22c85a4cf09a	v12/docs/perf-baselines/2026-07-15-strict-cohort-b-coverage-extra-compiled-02.json
untracked	supporting-performance-report	archive-supporting	15	1051	2cbfe05345435a65c72e9240c35107183b7adcafe655a7330f191fd6bcb1f4ef	v12/docs/perf-baselines/2026-07-15-strict-cohort-b-coverage-extra-compiled-02.md
untracked	raw-performance-evidence	archive-raw	471	16297	c031d885f408ec73a7e81f89282bc58a49a8bade6903c45dfbe15ab687f86153	v12/docs/perf-baselines/2026-07-15-strict-cohort-b-coverage-extra-compiled-03.json
untracked	supporting-performance-report	archive-supporting	15	1061	2d36dde74742abeef9f53061359e37b4ba07859f6af934b22d310b15e38bed9a	v12/docs/perf-baselines/2026-07-15-strict-cohort-b-coverage-extra-compiled-03.md
untracked	raw-performance-evidence	archive-raw	310	10627	f731170fdb6656c017b70f7cbc8020fdfd7592481dee6875bb81c1304dc498dd	v12/docs/perf-baselines/2026-07-15-strict-cohort-b-coverage-extra-compiled-04.json
untracked	supporting-performance-report	archive-supporting	14	889	f3def3811de181d94cd74ebfa9203eaf60c2e8e2f7c78371ac38d6bc79a20141	v12/docs/perf-baselines/2026-07-15-strict-cohort-b-coverage-extra-compiled-04.md
untracked	raw-performance-evidence	archive-raw	517	16988	c1796aabe70c4bc03e8d7a87336228938a44b8d6517f7142d7f201c509c4780c	v12/docs/perf-baselines/2026-07-15-strict-cohort-b-coverage-extra-go-reference.json
untracked	supporting-performance-report	archive-supporting	22	2592	831c26f63a38dc242c88c6fb798d1fc4d823adf43b3d734a732dcc3ae00e44a1	v12/docs/perf-baselines/2026-07-15-strict-cohort-b-coverage-extra-go-reference.md
untracked	raw-performance-evidence	archive-raw	1100	36303	ea29e922084f23c7dd9824900f0d44449586b80f0fa282610b77d466571d0ed1	v12/docs/perf-baselines/2026-07-15-strict-cohort-b-coverage-extra-interpreter-reference.json
untracked	supporting-performance-report	archive-supporting	34	5459	c4f580c909e9f5317a12e1ab770e884b06278378ffd0e87649817cfd0d19f1e1	v12/docs/perf-baselines/2026-07-15-strict-cohort-b-coverage-extra-interpreter-reference.md
untracked	raw-performance-evidence	archive-raw	582	19886	c74f7734cb80ad9a4d150b237863f76de22aa53eae6440ea1076856eaa3caf4d	v12/docs/perf-baselines/2026-07-15-strict-cohort-b-generality-bytecode-01.json
untracked	supporting-performance-report	archive-supporting	15	1073	19906f1dd3182295fc930eea16bd9b244995fe867681e67663d472cc5939391c	v12/docs/perf-baselines/2026-07-15-strict-cohort-b-generality-bytecode-01.md
untracked	raw-performance-evidence	archive-raw	391	12925	665cc07920f73b71e7f953e44ae082344c94487995307b6680f7eb3b156dde04	v12/docs/perf-baselines/2026-07-15-strict-cohort-b-generality-bytecode-02.json
untracked	supporting-performance-report	archive-supporting	14	833	c37e528310ecc0ccee3c6f9550824075aebd1c9ba4becfaa44b3f2c0950db791	v12/docs/perf-baselines/2026-07-15-strict-cohort-b-generality-bytecode-02.md
untracked	raw-performance-evidence	archive-raw	590	20450	a96c81e2e31c4de0c89c0f5006a7d7dab22edf1b49638578cc5860fa6b3dcad3	v12/docs/perf-baselines/2026-07-15-strict-cohort-b-generality-bytecode-03.json
untracked	supporting-performance-report	archive-supporting	15	1119	2813a63c131894a0e139cd79bd7fd740b73583eb065adb20747d46e5b3477a2d	v12/docs/perf-baselines/2026-07-15-strict-cohort-b-generality-bytecode-03.md
untracked	raw-performance-evidence	archive-raw	584	20327	ef0f08eac7e469bd19f41eb2736b58f2d2c172a141568e8d6fc4c1684a3d8ee3	v12/docs/perf-baselines/2026-07-15-strict-cohort-b-generality-bytecode-04.json
untracked	supporting-performance-report	archive-supporting	15	1143	8b2cdbe934a567c4e357c400d8ad9c1fe22b84a87361fdced7b2c1232f425e1c	v12/docs/perf-baselines/2026-07-15-strict-cohort-b-generality-bytecode-04.md
untracked	raw-performance-evidence	archive-raw	411	14444	6e6fcd1fcd5f9c579f80860dc8cecfa9fba277bc488b83f0c7355dcc8c3b91a7	v12/docs/perf-baselines/2026-07-15-strict-cohort-b-generality-bytecode-05.json
untracked	supporting-performance-report	archive-supporting	14	989	f38e530e3ce5e4d9d148c33da0a3252f8764e92c75cb9124abf3123744719953	v12/docs/perf-baselines/2026-07-15-strict-cohort-b-generality-bytecode-05.md
untracked	raw-performance-evidence	archive-raw	399	13206	e4df427eb373004f81642ccfe5900a53f486843ea8f1878487e1e693bcad4383	v12/docs/perf-baselines/2026-07-15-strict-cohort-b-generality-bytecode-06.json
untracked	supporting-performance-report	archive-supporting	14	833	2939ac242262b5389f55d1996f4ea785ecb401f66735a7087dcc4c106fb096d2	v12/docs/perf-baselines/2026-07-15-strict-cohort-b-generality-bytecode-06.md
untracked	raw-performance-evidence	archive-raw	457	15525	46e4c6a31ca385ea5336b9a030ac34da44f08ecc5d69c102dbd180033fa1d5b3	v12/docs/perf-baselines/2026-07-15-strict-cohort-b-generality-compiled-01.json
untracked	supporting-performance-report	archive-supporting	15	1009	4ad91a50d5e3f7aa9de90af966d7a8260c2dd1a151dc21359439a40e93f2a030	v12/docs/perf-baselines/2026-07-15-strict-cohort-b-generality-compiled-01.md
untracked	raw-performance-evidence	archive-raw	310	10540	9431d6a344f121dde70e7a99f0714f707224a4b1f59c1c2b7c70f14423581c5f	v12/docs/perf-baselines/2026-07-15-strict-cohort-b-generality-compiled-02.json
untracked	supporting-performance-report	archive-supporting	14	856	849e3fe1c3c7afc9509f69b25dd28015033373f148d3b45ce484ffdbcb2c1c42	v12/docs/perf-baselines/2026-07-15-strict-cohort-b-generality-compiled-02.md
untracked	raw-performance-evidence	archive-raw	463	15724	928a5f17b8ce40a733b8be12004e55b0a851504ad764e83f82831bd4e587ca63	v12/docs/perf-baselines/2026-07-15-strict-cohort-b-generality-compiled-03.json
untracked	supporting-performance-report	archive-supporting	15	992	e9e9215b787522f3a75b73c34bdabb143c3fc97d5c298130979864fa2cae82e6	v12/docs/perf-baselines/2026-07-15-strict-cohort-b-generality-compiled-03.md
untracked	raw-performance-evidence	archive-raw	457	15558	13f957820c5b51057d20daa353274590600e3635ad7be25cb4caca2f25f2eb2a	v12/docs/perf-baselines/2026-07-15-strict-cohort-b-generality-compiled-04.json
untracked	supporting-performance-report	archive-supporting	15	1016	950b749c607a9f295e7cbe171c4ec1087f946f21a79008d252423c9513678f8b	v12/docs/perf-baselines/2026-07-15-strict-cohort-b-generality-compiled-04.md
untracked	raw-performance-evidence	archive-raw	326	11244	c7d0619587ebb041d897eb180bed11cbbfb2e0bb2ed33e41ccf3f385902fe34c	v12/docs/perf-baselines/2026-07-15-strict-cohort-b-generality-compiled-05.json
untracked	supporting-performance-report	archive-supporting	14	874	c1b1735fb41aabc2b5e60692213e3c28cf95cd74b48f15a0984402fd3d079d97	v12/docs/perf-baselines/2026-07-15-strict-cohort-b-generality-compiled-05.md
untracked	raw-performance-evidence	archive-raw	318	10818	fc7c487f0f7f620d8550984c3cde702c587d7637899582e4e915a2353640dce5	v12/docs/perf-baselines/2026-07-15-strict-cohort-b-generality-compiled-06.json
untracked	supporting-performance-report	archive-supporting	14	858	b190801e2fc69fa4ed428576b5bfa0d4bcf4adc43cb7d2ba38b4f55b08d52780	v12/docs/perf-baselines/2026-07-15-strict-cohort-b-generality-compiled-06.md
untracked	raw-performance-evidence	archive-raw	705	23180	3dc05de95034ba673e8db657baf06558a250b72620a7d6ffdce4f90b8c92049b	v12/docs/perf-baselines/2026-07-15-strict-cohort-b-generality-go-reference.json
untracked	supporting-performance-report	archive-supporting	26	3614	eca0079481c98a2eec3c5aac4120cbe143aee450ed1ae16e6435574e3e2b9301	v12/docs/perf-baselines/2026-07-15-strict-cohort-b-generality-go-reference.md
untracked	raw-performance-evidence	archive-raw	1500	49622	113a34375442c5d294bb95e781d1b669236a32debe9c0360bcf5e4b0fd72059c	v12/docs/perf-baselines/2026-07-15-strict-cohort-b-generality-interpreter-reference.json
untracked	supporting-performance-report	archive-supporting	42	7687	cfd0ebe525f61cf8ec44e14f338235219eac0d3b25e37c7905eb8ba2518e68e5	v12/docs/perf-baselines/2026-07-15-strict-cohort-b-generality-interpreter-reference.md
untracked	raw-performance-evidence	archive-raw	78	89778	11a117c2790155b9ea7d339084221e89c78f26406f7f6548b116988580f18b97	v12/docs/perf-baselines/2026-07-15-strict-cohort-b-refresh.json
untracked	supporting-performance-report	archive-supporting	123	12166	5f7e4fb45107e1c8448df41701760da213d7ccec8d136762db8f666cbcfc389f	v12/docs/perf-baselines/2026-07-15-strict-cohort-b-refresh.md
untracked	raw-performance-evidence	archive-raw	8	272	6f4ef53b7261070556c3fe0903ffcb29301d8398016a8476875945a6e5e7a401	v12/docs/perf-baselines/2026-07-15-strict-cohort-b-stdlib-source-state.json
untracked	raw-performance-evidence	archive-raw	5667	162651	85bb34a8c7e001b15a83900e9d9a38457b089216e9c691ab23fc769a0c39fcd5	v12/docs/perf-baselines/2026-07-15-strict-cohort-variance.json
untracked	supporting-performance-report	archive-supporting	73	16478	92d33918dd502457759353975eb46d0cf1aea41edd09f69b47400d3b77ff58af	v12/docs/perf-baselines/2026-07-15-strict-cohort-variance.md
untracked	governing-decision-record	reviewed-governing	103	5103	1f20158004a36310ab617d26d6f65a15cca93b7ba4c7981a03ea753f51c43594	v12/docs/perf-baselines/2026-07-15-strict-two-cohort-scorecard.md
untracked	governing-decision-record	reviewed-governing	34	1772	5980b71c7c62ca9e470f27f0dc11c43db1fb3ebe17e773a2c7b90e93c98f6d80	v12/docs/perf-baselines/2026-07-15-unranked-scorecard-reconciliation.md
untracked	governing-decision-record	reviewed-governing	18	1022	26e6ad0e47f31f4ce656a217614b88e626e7d39dba97c184aa15a7f762132036	v12/docs/perf-baselines/2026-07-15-workstation-concurrency-repeat-decision.md
untracked	raw-performance-evidence	archive-raw	446	16809	5258381ebca46a016bc36b7edcffadeea41bc1ef6d6a77af4f3525f61f420acb	v12/docs/perf-baselines/2026-07-15-workstation-concurrency-repeat.json
untracked	supporting-performance-report	archive-supporting	19	1864	62c1e77a6e9d88bf9aaf4004860d9363e5f215e732d29bce121ca1ee6d80a8c5	v12/docs/perf-baselines/2026-07-15-workstation-concurrency-repeat.md
untracked	raw-performance-evidence	archive-raw	590	20725	6a33d469ede3d0de78de4b104c25fc491baca475e234d16002e827aef2a438e7	v12/docs/perf-baselines/2026-07-16-bounded-lines-scorecard-async-bytecode-01-selected.json
untracked	supporting-performance-report	archive-supporting	15	1185	22f3d6a253c55e98fa0d584adc66d1ae06772c572861f48a5405572a3124d836	v12/docs/perf-baselines/2026-07-16-bounded-lines-scorecard-async-bytecode-01-selected.md
untracked	raw-performance-evidence	archive-raw	582	20445	8be14d0b65077367c4d7966fdf353a62ce70dec3da1f36d8599d6f3b27d75e45	v12/docs/perf-baselines/2026-07-16-bounded-lines-scorecard-async-bytecode-02-selected.json
untracked	supporting-performance-report	archive-supporting	15	1190	2b08e059a104b9304215b742f8b4c9d022b77c07d0a4e31bb5fb70647595ac06	v12/docs/perf-baselines/2026-07-16-bounded-lines-scorecard-async-bytecode-02-selected.md
untracked	raw-performance-evidence	archive-raw	463	15947	2f70cdb87d43a3a91d7790966dd7abba7913fa7aba1c814f21873e583c098d08	v12/docs/perf-baselines/2026-07-16-bounded-lines-scorecard-async-compiled-01-selected.json
untracked	supporting-performance-report	archive-supporting	15	1052	0caa51db157927293e80c7c472bae780153c00203e8402b851c6bbdfdd7fb6d5	v12/docs/perf-baselines/2026-07-16-bounded-lines-scorecard-async-compiled-01-selected.md
untracked	raw-performance-evidence	archive-raw	455	15664	053a76dea2fa44dd315f630c32b2a702b9abe733ce6035e93fb28a256abea47f	v12/docs/perf-baselines/2026-07-16-bounded-lines-scorecard-async-compiled-02-selected.json
untracked	supporting-performance-report	archive-supporting	15	1056	0d1cf010642b9aad13a8affee5a7e815db805832485e13f3ca9689a4b5358248	v12/docs/perf-baselines/2026-07-16-bounded-lines-scorecard-async-compiled-02-selected.md
untracked	raw-performance-evidence	archive-raw	287	9372	ca49a17755e8a054ec66df3d26f77c1ffc4f30901faa6881d80b47cdb96b5e72	v12/docs/perf-baselines/2026-07-16-bounded-lines-scorecard-async-go-reference.json
untracked	supporting-performance-report	archive-supporting	17	1550	cef62871d197e6039b50ef0e4dc1220a04d65cfcd7407354ef3988b0c7200746	v12/docs/perf-baselines/2026-07-16-bounded-lines-scorecard-async-go-reference.md
untracked	raw-performance-evidence	archive-raw	610	20070	4744591c5a867b62ee4c0b29466b32029c99f63485b96ff578d74eed6d4017a4	v12/docs/perf-baselines/2026-07-16-bounded-lines-scorecard-async-interpreter-reference-selected.json
untracked	supporting-performance-report	archive-supporting	24	3165	c39cc032414a4f9c2202c941a7b0b2383b2bbcb65a47cc50f60b9fd7c643a2a2	v12/docs/perf-baselines/2026-07-16-bounded-lines-scorecard-async-interpreter-reference-selected.md
untracked	raw-performance-evidence	archive-raw	590	20702	a563ac3941605afae90aa5c68cde573c13cda22e709dd283e8b1164fcfe148e0	v12/docs/perf-baselines/2026-07-16-bounded-lines-scorecard-coverage-extra-bytecode-01-selected.json
untracked	supporting-performance-report	archive-supporting	15	1194	f5c3785f385603f73cb6d94288dff334c7d1c28f113d083da88dcc00f16bd7aa	v12/docs/perf-baselines/2026-07-16-bounded-lines-scorecard-coverage-extra-bytecode-01-selected.md
untracked	raw-performance-evidence	archive-raw	411	14383	cb56db779b2b96e5027a604d115ed395f69d13f7ed72d4cacebde2aa2764a21e	v12/docs/perf-baselines/2026-07-16-bounded-lines-scorecard-coverage-extra-bytecode-02-selected.json
untracked	supporting-performance-report	archive-supporting	14	1002	f4d961318ecab662ed29190fdd17ade63f1317bd327e221118ebc891c9406734	v12/docs/perf-baselines/2026-07-16-bounded-lines-scorecard-coverage-extra-bytecode-02-selected.md
untracked	raw-performance-evidence	archive-raw	118	3937	f67bdca2ae27385b007e1b13864017e34e62b33adfd7ec8b9f47d930f01384a8	v12/docs/perf-baselines/2026-07-16-bounded-lines-scorecard-coverage-extra-bytecode-02-status.json
untracked	supporting-performance-report	archive-supporting	13	754	bad85064a70f5090b315c81647f813b791a56d3fd3ba33c91aef864ddb228ed7	v12/docs/perf-baselines/2026-07-16-bounded-lines-scorecard-coverage-extra-bytecode-02-status.md
untracked	raw-performance-evidence	archive-raw	598	21086	571933f391b46056c42843e3ce4597bb702e1f047799fb75cf73018dd83020bb	v12/docs/perf-baselines/2026-07-16-bounded-lines-scorecard-coverage-extra-bytecode-03-selected.json
untracked	supporting-performance-report	archive-supporting	15	1212	214031b6a9c73264b710acdb0e4c500b94387181a8217a9c45d50706049e02e2	v12/docs/perf-baselines/2026-07-16-bounded-lines-scorecard-coverage-extra-bytecode-03-selected.md
untracked	raw-performance-evidence	archive-raw	395	13853	5a42d6b5c1ab8bc15cd6620f57093ff9c78ac05260648ab7f5684f82292cdc0a	v12/docs/perf-baselines/2026-07-16-bounded-lines-scorecard-coverage-extra-bytecode-04-selected.json
untracked	supporting-performance-report	archive-supporting	14	1019	369780c2f30170f4171c6ea87fb397e35cf7579b2a9f7771c5678f246e8b9bf0	v12/docs/perf-baselines/2026-07-16-bounded-lines-scorecard-coverage-extra-bytecode-04-selected.md
untracked	raw-performance-evidence	archive-raw	463	15917	da8ad508690b76ba6660ffa4eaf4f4b9662977c89e406ca982e78b43c1e90e8b	v12/docs/perf-baselines/2026-07-16-bounded-lines-scorecard-coverage-extra-compiled-01-selected.json
untracked	supporting-performance-report	archive-supporting	15	1058	601b8c49762d23bf4f9f9a9f7d1e99a2fb565802d7201af5bb384f2c06121e04	v12/docs/perf-baselines/2026-07-16-bounded-lines-scorecard-coverage-extra-compiled-01-selected.md
untracked	raw-performance-evidence	archive-raw	479	16579	ac2cb5527feb55466dfbbeddd10b1534143349fcbcac6ea1de292c7cc70de133	v12/docs/perf-baselines/2026-07-16-bounded-lines-scorecard-coverage-extra-compiled-02-selected.json
untracked	supporting-performance-report	archive-supporting	15	1059	f3df79c3bfa05621c070ca6cfc05edba65b630947276d66ee1b40d1df027c49b	v12/docs/perf-baselines/2026-07-16-bounded-lines-scorecard-coverage-extra-compiled-02-selected.md
untracked	raw-performance-evidence	archive-raw	471	16289	ad9d8206f75339e17024cf7c5ae5fc02ea091c3064858925a6dd554f2edc0b4c	v12/docs/perf-baselines/2026-07-16-bounded-lines-scorecard-coverage-extra-compiled-03-selected.json
untracked	supporting-performance-report	archive-supporting	15	1069	c861344cf61795f974e49f5612a34b0d55de4b5d4cee878d3b37d6649760e921	v12/docs/perf-baselines/2026-07-16-bounded-lines-scorecard-coverage-extra-compiled-03-selected.md
untracked	raw-performance-evidence	archive-raw	310	10632	3842501de7caccdff840c2648f53af9ff99cad708ea9ee906299650354197e1f	v12/docs/perf-baselines/2026-07-16-bounded-lines-scorecard-coverage-extra-compiled-04-selected.json
untracked	supporting-performance-report	archive-supporting	14	897	1faa37733a38d5b8d9a501a6ad3a2be029e332e8c6c7b27748c14abe22ae83aa	v12/docs/perf-baselines/2026-07-16-bounded-lines-scorecard-coverage-extra-compiled-04-selected.md
untracked	raw-performance-evidence	archive-raw	517	16975	d3a19d35ffb813c17a3e4f4cafe489b2d1c922156901e1487d60fa69e052ea0b	v12/docs/perf-baselines/2026-07-16-bounded-lines-scorecard-coverage-extra-go-reference.json
untracked	supporting-performance-report	archive-supporting	22	2592	e4c6aa687193e614a8e70d13735a674c6dc4314ace79c8e36427756a5a5ff765	v12/docs/perf-baselines/2026-07-16-bounded-lines-scorecard-coverage-extra-go-reference.md
untracked	raw-performance-evidence	archive-raw	1002	33039	1e566f3cf03598e27fc1cd638bf86679866baf75e48bef95263855c5d128ac3a	v12/docs/perf-baselines/2026-07-16-bounded-lines-scorecard-coverage-extra-interpreter-reference-selected.json
untracked	supporting-performance-report	archive-supporting	32	4997	d37f6d334daeff77dead672bcb04715f6674d465799037f70f70a993cca0691f	v12/docs/perf-baselines/2026-07-16-bounded-lines-scorecard-coverage-extra-interpreter-reference-selected.md
untracked	raw-performance-evidence	archive-raw	72	2269	65dace5dcd4be36625b101dff19586d3582f4ffe3a10a1e4887da523d27c25e7	v12/docs/perf-baselines/2026-07-16-bounded-lines-scorecard-coverage-extra-interpreter-reference-status.json
untracked	supporting-performance-report	archive-supporting	14	883	ac440d22ee609c1d8e450be6f56f8218747a5e2731411aa5a95a10c08e904924	v12/docs/perf-baselines/2026-07-16-bounded-lines-scorecard-coverage-extra-interpreter-reference-status.md
untracked	raw-performance-evidence	archive-raw	397	13723	da5d061c40bbcd4f270ab732a707c77267142822382bfbc8bbf77d8c3f704ac9	v12/docs/perf-baselines/2026-07-16-bounded-lines-scorecard-generality-bytecode-01-selected.json
untracked	supporting-performance-report	archive-supporting	14	978	e202c1e2dfb818cb0a3ae025e590a58f30bde7db71315052c96b89eada5c1e5a	v12/docs/perf-baselines/2026-07-16-bounded-lines-scorecard-generality-bytecode-01-selected.md
untracked	raw-performance-evidence	archive-raw	110	3561	637944c96ffab2a4a01ad98e7fed75e4201d78dfd9b88d15d3508bc239f6f5f2	v12/docs/perf-baselines/2026-07-16-bounded-lines-scorecard-generality-bytecode-01-status.json
untracked	supporting-performance-report	archive-supporting	13	738	46db945de4d898512ac40fec4a576e1c9249f5df9a3b68b71785e3c40d694127	v12/docs/perf-baselines/2026-07-16-bounded-lines-scorecard-generality-bytecode-01-status.md
untracked	raw-performance-evidence	archive-raw	199	6579	cf4236dee3f0b90730d9f4e92ba3d45d1355c5e6057b5e3547d5116712d2cec3	v12/docs/perf-baselines/2026-07-16-bounded-lines-scorecard-generality-bytecode-02-status.json
untracked	supporting-performance-report	archive-supporting	14	848	0ea27ca4eb9fb9ac18094619fd35bdaca53c700d8de910b29e48e70f0a305810	v12/docs/perf-baselines/2026-07-16-bounded-lines-scorecard-generality-bytecode-02-status.md
untracked	raw-performance-evidence	archive-raw	590	20468	20a74d2f5bf2ba5cc4609878c056eb8aa6bd82708c462106b6e91d1113ae7bcb	v12/docs/perf-baselines/2026-07-16-bounded-lines-scorecard-generality-bytecode-03-selected.json
untracked	supporting-performance-report	archive-supporting	15	1136	b6365ecb2c1ea743a7ba582754aa78bf3ea5eb0b5efcf2ae60dad54c491ae68c	v12/docs/perf-baselines/2026-07-16-bounded-lines-scorecard-generality-bytecode-03-selected.md
untracked	raw-performance-evidence	archive-raw	584	20344	fb4ba65cf9dc1d53d5b73b16ca2408ae8ff4cd3184e792f8cbc33fe4264b9005	v12/docs/perf-baselines/2026-07-16-bounded-lines-scorecard-generality-bytecode-04-selected.json
untracked	supporting-performance-report	archive-supporting	15	1160	edc34e199a6c1bad7a883c60e98fc407e23147489e32b85fc2b80bfdca2d3e0c	v12/docs/perf-baselines/2026-07-16-bounded-lines-scorecard-generality-bytecode-04-selected.md
untracked	raw-performance-evidence	archive-raw	411	14473	867fc991c85fac4bf955d7b2d8aab4927ce045156adfae97f905fa96362cfea5	v12/docs/perf-baselines/2026-07-16-bounded-lines-scorecard-generality-bytecode-05-selected.json
untracked	supporting-performance-report	archive-supporting	14	1006	344fca7a865cb9e12b0e8eb705bd9d7187478f56ae3d056a2026fc48d9dcaf22	v12/docs/perf-baselines/2026-07-16-bounded-lines-scorecard-generality-bytecode-05-selected.md
untracked	raw-performance-evidence	archive-raw	207	6873	c07880a4460409ea9ce80f80f340b42b596996bf98a22b65c07413af4ea60b5f	v12/docs/perf-baselines/2026-07-16-bounded-lines-scorecard-generality-bytecode-06-status.json
untracked	supporting-performance-report	archive-supporting	14	848	2b47fadda361775918504c4f9b08b096b163c202240deaea4b6f0606989ba7a8	v12/docs/perf-baselines/2026-07-16-bounded-lines-scorecard-generality-bytecode-06-status.md
untracked	raw-performance-evidence	archive-raw	457	15530	9fcd4cd6e172e22321c761ba035021435555cec73e01bc436525b80ffffeb766	v12/docs/perf-baselines/2026-07-16-bounded-lines-scorecard-generality-compiled-01-selected.json
untracked	supporting-performance-report	archive-supporting	15	1017	2d99cf219b88d53e7dc37055fcae38812ca6fe2191c7202abb8babae8af7b870	v12/docs/perf-baselines/2026-07-16-bounded-lines-scorecard-generality-compiled-01-selected.md
untracked	raw-performance-evidence	archive-raw	310	10550	147b64a9e8ca9abb2b0bb9075cc59edcbccd210846cec94df30fbf0d46ad9cf6	v12/docs/perf-baselines/2026-07-16-bounded-lines-scorecard-generality-compiled-02-selected.json
untracked	supporting-performance-report	archive-supporting	14	864	8bafbc88e084975c27b8068b7bd8de1b5aa6f12903bc15ff10c204d169583429	v12/docs/perf-baselines/2026-07-16-bounded-lines-scorecard-generality-compiled-02-selected.md
untracked	raw-performance-evidence	archive-raw	463	15729	423cd720be2cb1b8ab02e2e914607a5b2e3b31809bc6d99af79e4b9d5c2f46ed	v12/docs/perf-baselines/2026-07-16-bounded-lines-scorecard-generality-compiled-03-selected.json
untracked	supporting-performance-report	archive-supporting	15	1000	f44c2394f4fd29085d8d4adea274697eede6d33eddd8c6b7e0a0726f7b3178ad	v12/docs/perf-baselines/2026-07-16-bounded-lines-scorecard-generality-compiled-03-selected.md
untracked	raw-performance-evidence	archive-raw	457	15566	ce3ce859c00ad0828447d5de3a8fc6d97ef65b5e7ec961a803aff532aa82ca30	v12/docs/perf-baselines/2026-07-16-bounded-lines-scorecard-generality-compiled-04-selected.json
untracked	supporting-performance-report	archive-supporting	15	1024	9b3aa5e0fdfdc97019bebe7ccd77a3b3de01871295d4054571d57bb3d4c97afc	v12/docs/perf-baselines/2026-07-16-bounded-lines-scorecard-generality-compiled-04-selected.md
untracked	raw-performance-evidence	archive-raw	326	11249	ab489ec4292ee4a39cca86d27048598a96bd82977ed65c3a229305813f47c83e	v12/docs/perf-baselines/2026-07-16-bounded-lines-scorecard-generality-compiled-05-selected.json
untracked	supporting-performance-report	archive-supporting	14	882	39d391e4b4392f49a83aacf36808eac308c7689dfb19c9b07e3e3f6a625b9f35	v12/docs/perf-baselines/2026-07-16-bounded-lines-scorecard-generality-compiled-05-selected.md
untracked	raw-performance-evidence	archive-raw	318	10823	d79bb45bd1672073bcf0650306d7d33d8f6779f3d6b302bd8694931ac70832cd	v12/docs/perf-baselines/2026-07-16-bounded-lines-scorecard-generality-compiled-06-selected.json
untracked	supporting-performance-report	archive-supporting	14	866	f7b66a051453226d5277fbfe7686909c45e4b0a29b13f4b4ae5b2e4338d4a2fe	v12/docs/perf-baselines/2026-07-16-bounded-lines-scorecard-generality-compiled-06-selected.md
untracked	raw-performance-evidence	archive-raw	705	23171	4570d84eded5b95fc9102c41ebe9bb253e4a0425bc598a80fe569ae97ee98010	v12/docs/perf-baselines/2026-07-16-bounded-lines-scorecard-generality-go-reference.json
untracked	supporting-performance-report	archive-supporting	26	3614	2072973ba919b9c74c9b3b1fb53b1ba44f539b18a80e6d5b839344aed929dbd0	v12/docs/perf-baselines/2026-07-16-bounded-lines-scorecard-generality-go-reference.md
untracked	raw-performance-evidence	archive-raw	1010	33467	18076ce821154d8b717c5e78ecbf0a5f928898f2c2d3807863cbf435a4339283	v12/docs/perf-baselines/2026-07-16-bounded-lines-scorecard-generality-interpreter-reference-selected.json
untracked	supporting-performance-report	archive-supporting	32	5437	b17df318065b6b9f84be249f3c568243d5e5f6955a25e6dc0db6d24fda31f35b	v12/docs/perf-baselines/2026-07-16-bounded-lines-scorecard-generality-interpreter-reference-selected.md
untracked	raw-performance-evidence	archive-raw	272	8748	2db7a6d4a7cf4e5cb01e05f998571c47cd6b0743e85b2dbdf73f0cc550c03d4f	v12/docs/perf-baselines/2026-07-16-bounded-lines-scorecard-generality-interpreter-reference-status.json
untracked	supporting-performance-report	archive-supporting	22	2667	db747d222bbd13d2fb0a702abc40f59eeceae5df144d13f463abb41868f4e53c	v12/docs/perf-baselines/2026-07-16-bounded-lines-scorecard-generality-interpreter-reference-status.md
untracked	raw-performance-evidence	archive-raw	78	90678	4e502c5c37b3e6bcd90b86282eb13cba96e0b4b8f5c34deddbfb47ced135e285	v12/docs/perf-baselines/2026-07-16-bounded-lines-scorecard-refresh.json
untracked	supporting-performance-report	archive-supporting	125	12859	81c99e4a56d89d53746685291513d2bd3890bd7caf0343c2443743ba2c065a57	v12/docs/perf-baselines/2026-07-16-bounded-lines-scorecard-refresh.md
untracked	raw-performance-evidence	archive-raw	8	272	f0b3734b18a0967d4cde5ce2df6c74eb269e83a30fe40f9caf732525c4106157	v12/docs/perf-baselines/2026-07-16-bounded-lines-scorecard-stdlib-source-state.json
untracked	supporting-performance-report	archive-supporting	139	7851	e97b951e3e650540c88a0473357f32fdf86acba748c3d48c1a7304e2d53856f8	v12/docs/perf-baselines/2026-07-16-bytecode-allocation-owner-census.md
untracked	supporting-performance-report	archive-supporting	98	4521	91c3b3281e02fdcd7f773f14d3fc9b1865289a2fdcd543f2895f358abda6a4ae	v12/docs/perf-baselines/2026-07-16-bytecode-boxed-operand-stack-aggregate-migration.md
untracked	supporting-performance-report	archive-supporting	102	4876	bb924972c9c0bdce7ba667b9b039e804f69fec39c90d1b46b5c584512c6fdadb	v12/docs/perf-baselines/2026-07-16-bytecode-boxed-operand-stack-call-control-migration.md
untracked	supporting-performance-report	archive-supporting	117	5027	2c7d34eabfe6f86eded212a562b57ea6adb6865e77abe47bcede13daf959bc17	v12/docs/perf-baselines/2026-07-16-bytecode-boxed-operand-stack-core-migration.md
untracked	supporting-performance-report	archive-supporting	105	5016	ace0aba8be6ae089c64ec31ba776331ab2ee94800c7cae0dc89323408e93c544	v12/docs/perf-baselines/2026-07-16-bytecode-boxed-operand-stack-final-boundary.md
untracked	supporting-performance-report	archive-supporting	116	5715	c83eafaa98f86e8eeb5c0941d613ab7e9f3b54c60fe7894a5467f08353cf4424	v12/docs/perf-baselines/2026-07-16-bytecode-boxed-operand-stack-numeric-slot-migration.md
untracked	governing-decision-record	reviewed-governing	113	5516	ad5c21ac82c0c8d657a887e5cf899368513c822a5cde24db6518c884574d3bb8	v12/docs/perf-baselines/2026-07-16-bytecode-cross-family-raw-integer-gate.md
untracked	supporting-performance-report	archive-supporting	122	6214	a349c1aff9bbf83538e5b9b18d3be93dc157e9ce97eca6e58c6e99cf6703c774	v12/docs/perf-baselines/2026-07-16-bytecode-f64-operand-lane-rejected.md
untracked	supporting-performance-report	archive-supporting	131	6387	136196e93e18258642161f47191cf3237c545867402e14ee83dcdee4269ef7ba	v12/docs/perf-baselines/2026-07-16-bytecode-float-operand-lane-profile-gate.md
untracked	supporting-performance-report	archive-supporting	103	5325	7591e20e8f8481a143fd6785f67e8ad7a0dc18aee565a48bfc48c4b50a115e13	v12/docs/perf-baselines/2026-07-16-bytecode-float-sidecar-and-call-env-gate.md
untracked	supporting-performance-report	archive-supporting	108	4968	ed7376fd95b243f35db0e1b1ceca04ea9702081212953c8d3bcacdc88d74fd91	v12/docs/perf-baselines/2026-07-16-bytecode-float-slot-profile-gate.md
untracked	supporting-performance-report	archive-supporting	147	8177	b06b6a06d5cd5f87d2a6e83d253523565284d735b71cf363ced92faba637fc27	v12/docs/perf-baselines/2026-07-16-bytecode-lambda-dependency-cache.md
untracked	supporting-performance-report	archive-supporting	121	5981	306ef9e6584cda8398e796ad3b4163c1bac024354991432f80a716ddbf2c7c4c	v12/docs/perf-baselines/2026-07-16-bytecode-member-admission-gate.md
untracked	supporting-performance-report	archive-supporting	136	6501	47b8ffd821e89563534ee302f1c02291b4e4a9fa033fb2d91f263570d41bd5e7	v12/docs/perf-baselines/2026-07-16-bytecode-native-scalar-result-rejected.md
untracked	supporting-performance-report	archive-supporting	157	8081	1b58247445dbabc4fda8cabdd8330438528eefbe3652bc079b8584414e026bd8	v12/docs/perf-baselines/2026-07-16-bytecode-option-result-numeric-gate.md
untracked	governing-decision-record	reviewed-governing	100	5199	64df1b7299d444a7c59e453f1f8fc989f177dd05f33a7f36fab69a25ac2b3e6e	v12/docs/perf-baselines/2026-07-16-bytecode-positional-struct-lifetime-gate.md
untracked	supporting-performance-report	archive-supporting	160	8986	68d306bc951c90637f9654c89245e407e1f0c9929b148db6cec2826575a25161	v12/docs/perf-baselines/2026-07-16-bytecode-post-cache-scorecard.md
untracked	supporting-performance-report	archive-supporting	124	6482	272833794e1a560731ec4c5f8d12ac0f9708a0291c97144633c793777801cac9	v12/docs/perf-baselines/2026-07-16-bytecode-precomputed-package-identity.md
untracked	supporting-performance-report	archive-supporting	118	5993	fd59c1fab1c8a94d67f1e43026755b6d12d772380ae6b74a20ca04ca42d35649	v12/docs/perf-baselines/2026-07-16-bytecode-primitive-kernel-borrowed-args.md
untracked	supporting-performance-report	archive-supporting	122	6195	dc3c843d57f7bd856717d112a8f28ae42c4604b3e9662b41be1c23ea0a2d5c90	v12/docs/perf-baselines/2026-07-16-bytecode-program-switch-cache-policy-rejected.md
untracked	governing-decision-record	reviewed-governing	101	5126	580bc288a8061d8b6a8e40b89cf123ce92a769e8fe9d643e67619a9b992ed6dc	v12/docs/perf-baselines/2026-07-16-bytecode-returned-nominal-selection-gate.md
untracked	supporting-performance-report	archive-supporting	128	6123	33b6ef9e3c294bc896cb6472291e249b8bf3718bf7819c1b468a7b385cf66567	v12/docs/perf-baselines/2026-07-16-bytecode-shared-vm-wall-rejection.md
untracked	supporting-performance-report	archive-supporting	123	5608	3177747d5d786c7fed3576d2fbeb4d2ca92a9c7c811ed9e1c58d40b8cf3c857c	v12/docs/perf-baselines/2026-07-16-bytecode-string-map-attribution-rejected.md
untracked	supporting-performance-report	archive-supporting	179	8983	6b142aec8899b245f36cbf42de8bbc8e06f37ee7d383bd7605ecbf2a15df775f	v12/docs/perf-baselines/2026-07-16-bytecode-symbol-fingerprint-census.md
untracked	supporting-performance-report	archive-supporting	180	9801	209208b3e912da562d6f476fd3ba615130f2822c8010213b6ba439c610cb1be1	v12/docs/perf-baselines/2026-07-16-bytecode-transient-member-method-cache.md
untracked	supporting-performance-report	archive-supporting	130	6883	776963508e1a0d977f7d0904fdd11d9cce5e794cacd7491d93702afbf7c1feb1	v12/docs/perf-baselines/2026-07-16-bytecode-typed-float-evaluation-regions.md
untracked	supporting-performance-report	archive-supporting	76	3807	ad0cd2b54bc6f52abf33a42ebc005fa6144072d0427181ae94296dde75de13c1	v12/docs/perf-baselines/2026-07-16-bytecode-typed-float-register-gate.md
untracked	supporting-performance-report	archive-supporting	104	5525	4a2197bf5747df75f37d7522cd2454d25e7c74650032ffbe84a3c2f7c4b02e13	v12/docs/perf-baselines/2026-07-16-bytecode-typed-native-float-region-rejected.md
untracked	supporting-performance-report	archive-supporting	155	8316	df1b225dbdf655af63abef792b0c78aaac8d019c45e67bcc4bafa7412757720d	v12/docs/perf-baselines/2026-07-16-compiled-allocation-light-loop-gate.md
untracked	supporting-performance-report	archive-supporting	129	7227	872e666a8c363d9ae6227d95885511eafc06d55b3b03d4071f7d20206089462a	v12/docs/perf-baselines/2026-07-16-compiled-backing-slice-growth-gate.md
untracked	supporting-performance-report	archive-supporting	158	7979	7a86a48d83b8dbc6c72d883f353cfa84a51d8807c0216415e464cc5c92df3a2b	v12/docs/perf-baselines/2026-07-16-compiled-bootstrap-allocation-gate.md
untracked	supporting-performance-report	archive-supporting	127	6635	fbc0b599a0065498da863c984bb1adcb00c2f8d086b20853b15d1d5c1be8b4ba	v12/docs/perf-baselines/2026-07-16-compiled-bootstrap-wall-time-gate.md
untracked	supporting-performance-report	archive-supporting	134	6953	1c24dbb5b905dbea709e318a1616fdca4d5cd369059afafb9ca6f19674e19f55	v12/docs/perf-baselines/2026-07-16-compiled-caller-owned-nominal-results.md
untracked	raw-performance-evidence	archive-raw	165	5556	e1ec33da15bd382ff50951cacf270270412c428e9bcc282692bb8684d10730c4	v12/docs/perf-baselines/2026-07-16-compiled-fixed-width-repeat.json
untracked	supporting-performance-report	archive-supporting	13	698	2e7be7fc7be14f943d2545e07828fa7711da4a1946b910ea34136644ce213449	v12/docs/perf-baselines/2026-07-16-compiled-fixed-width-repeat.md
untracked	supporting-performance-report	archive-supporting	111	5283	1b3e976d1fe8eb5ec5e8c8a494a2a5262d8fb7a5314773bd98dd4227d799dc60	v12/docs/perf-baselines/2026-07-16-compiled-imported-environment-independent-raw-calls.md
untracked	supporting-performance-report	archive-supporting	137	7032	50c6629e735bdcf4b201341b3148c9c05ae7ea5e433c30f53734ae6cc7d5e9ba	v12/docs/perf-baselines/2026-07-16-compiled-interface-dispatch-registration-capacity.md
untracked	supporting-performance-report	archive-supporting	152	7089	303c95564c220704cb3670e29d31533261f4e598b18fa7d28040575d26adab2c	v12/docs/perf-baselines/2026-07-16-compiled-interpreter-dependency-audit.md
untracked	supporting-performance-report	archive-supporting	107	6150	99e97722ecccdb0bab92db143a01754abaf23d2eedd4aa739102e036535ce806	v12/docs/perf-baselines/2026-07-16-compiled-lazy-bytecode-cache-gate.md
untracked	supporting-performance-report	archive-supporting	123	6454	80c241f650545d7769fc17f46bf3afd4b07bb37346650077bb04f703026fc471	v12/docs/perf-baselines/2026-07-16-compiled-loop-carried-nominal-reuse-gate.md
untracked	supporting-performance-report	archive-supporting	148	7273	cb31f228bf2c50122d6fb61788e1695f80e98a487d15111932f9441f728a1cb4	v12/docs/perf-baselines/2026-07-16-compiled-nominal-construction-reconciliation.md
untracked	supporting-performance-report	archive-supporting	129	6709	d5a596ac024f8377807174db961c1f5d4130a6c8cf03a8a80b847787ccb8b155	v12/docs/perf-baselines/2026-07-16-compiled-post-result-abi-profile-gate.md
untracked	supporting-performance-report	archive-supporting	134	6665	6e2afe3ee54db80342d78be24907a2441bee178fb4210c1c23ceb84850f8899f	v12/docs/perf-baselines/2026-07-16-compiled-returned-small-nominal-selection-gate.md
untracked	raw-performance-evidence	archive-raw	4752	164729	58f6d5862ccae703763b442ae5481ad5880c57a00c51714d708b37d04077b421	v12/docs/perf-baselines/2026-07-16-compiled-selected-comparison.json
untracked	supporting-performance-report	archive-supporting	44	5849	66af6d8bf5cac153c6d79fb080c900c8d51264067a3aac9af7ff11c13c8bfa2f	v12/docs/perf-baselines/2026-07-16-compiled-selected-comparison.md
untracked	raw-performance-evidence	archive-raw	1487	49027	73a3fdf4f00a721b78c7e2c8a6abec057b37bef622445c6b511f701a751dca34	v12/docs/perf-baselines/2026-07-16-compiled-selected-go-reference.json
untracked	supporting-performance-report	archive-supporting	43	7148	00f12275f7deca9fccab32433817cebd203176b1b040a3edb84f3bf2ef31248b	v12/docs/perf-baselines/2026-07-16-compiled-selected-go-reference.md
untracked	supporting-performance-report	archive-supporting	160	8973	4ed19c963f54bab602f2f03bbc5056fb9a4305a53bcaad4b483d3bd33ddf3068	v12/docs/perf-baselines/2026-07-16-compiled-selected-scorecard-profile-gate.md
untracked	raw-performance-evidence	archive-raw	8	272	91318459aac35f57362eefc81970c7ea3dec17216e1f0c4c40b408922bebb1fc	v12/docs/perf-baselines/2026-07-16-compiled-selected-stdlib-source-state.json
untracked	raw-performance-evidence	archive-raw	1908	51946	7bb5d7428fe97cd4fa82da8c22a40b435cc47046641162dcaac90d023c65c7ea	v12/docs/perf-baselines/2026-07-16-compiled-selected-variance.json
untracked	supporting-performance-report	archive-supporting	42	7198	138ce8772c3fb1c7ecc75df54a1460da9076b01de4342f86482455523e2c25ba	v12/docs/perf-baselines/2026-07-16-compiled-selected-variance.md
untracked	raw-performance-evidence	archive-raw	310	10588	ecd98e918cdca4a8676a53351e0945c8ec9becff8753a0115bbae0448e8396db	v12/docs/perf-baselines/2026-07-16-compiled-wide-constant-comparison.json
untracked	supporting-performance-report	archive-supporting	14	865	2298b422e63c6d7e3c0251c488488d686369f9ea6d46001c8988a14b0e3dfade	v12/docs/perf-baselines/2026-07-16-compiled-wide-constant-comparison.md
untracked	supporting-performance-report	archive-supporting	131	6576	902e72de1da59ec580cda29907bdd5a9411f79eadd9f766210d0ec3269b835e6	v12/docs/perf-baselines/2026-07-16-compiled-wide-constant-native-lowering.md
untracked	supporting-performance-report	archive-supporting	99	5263	349ff7515cfd3b1d05b07cb614fd92ead5cb48eafdfeb48c96fe3decc7603b38	v12/docs/perf-baselines/2026-07-16-compiled-wide-integer-native-carrier.md
untracked	governing-decision-record	reviewed-governing	82	4136	e6df98c3ba1240473460a4c9723c6b3e2b393eebd462e9e0e99519be114f82df	v12/docs/perf-baselines/2026-07-16-feature-coverage-contract.md
untracked	raw-performance-evidence	archive-raw	444	14741	950891282c190f64950cf21fd6243cc1f95527112bd207a10e5c2e154a1a82e0	v12/docs/perf-baselines/2026-07-16-generic-interface-registration-compiled.json
untracked	supporting-performance-report	archive-supporting	15	1057	1cc178a69052de860d7d016864febdedea946575405500e54585cb1e0f395251	v12/docs/perf-baselines/2026-07-16-generic-interface-registration-compiled.md
untracked	raw-performance-evidence	archive-raw	130	4133	fd957b329754a11b00c578823108f62028bc2454c66e1db5b6863b98990220a6	v12/docs/perf-baselines/2026-07-16-generic-interface-registration-document-repeat.json
untracked	supporting-performance-report	archive-supporting	12	557	5a067ab4ee7a5e2cf05d113c82501aa0ec1764b4ed1f48fdd0c5cc918bcb4cfb	v12/docs/perf-baselines/2026-07-16-generic-interface-registration-document-repeat.md
untracked	governing-decision-record	reviewed-governing	94	4383	9d697391f7320feabab7e5ec2a10b6b05858500b843149c3d7ac6b30e05674d1	v12/docs/perf-baselines/2026-07-16-generic-interface-registration-reconciliation.md
untracked	raw-performance-evidence	archive-raw	216	7451	b425ec227f670f0a55501f5a34377e4214be9d320ae942a65e50244aeae42955	v12/docs/perf-baselines/2026-07-16-lazy-lines-channel-bytecode-repeat.json
untracked	supporting-performance-report	archive-supporting	13	792	f4c2ca81b2038da6be6add3a6ed269336834d01c30a81e108b343cf566925b56	v12/docs/perf-baselines/2026-07-16-lazy-lines-channel-bytecode-repeat.md
untracked	raw-performance-evidence	archive-raw	216	7447	27bfca7d3e185023792aea9e71fb418c6bb27b8d878bfe629f560342347adf7e	v12/docs/perf-baselines/2026-07-16-lazy-lines-channel-bytecode.json
untracked	supporting-performance-report	archive-supporting	13	792	6bc3e68b85a21503d9defef8cbce8e86709173f30e21f5d469d85e35aee01b9c	v12/docs/perf-baselines/2026-07-16-lazy-lines-channel-bytecode.md
untracked	raw-performance-evidence	archive-raw	173	5849	6d26c2cf587c35af52cd4eb0b44a9ce7ee44fb14c6f829117231da605c26108e	v12/docs/perf-baselines/2026-07-16-lazy-lines-channel-compiled.json
untracked	supporting-performance-report	archive-supporting	13	699	139b6b46d7ea631a165a201e0e3e23cc2be17127043ff03397ba852eaa7354fd	v12/docs/perf-baselines/2026-07-16-lazy-lines-channel-compiled.md
untracked	raw-performance-evidence	archive-raw	166	5714	25f61937f0650227d494d7af40209ad82e1aa883d3e00dc5426d3c0ba986c2b7	v12/docs/perf-baselines/2026-07-16-lazy-lines-regex-suffix-bytecode-status.json
untracked	supporting-performance-report	archive-supporting	13	739	731454b13b0f54d593f0b82ffe9eb0fa0764d17b9bc18fde713ee3ac2baeafe2	v12/docs/perf-baselines/2026-07-16-lazy-lines-regex-suffix-bytecode-status.md
untracked	raw-performance-evidence	archive-raw	606	21338	09171bb58f2ff40b71c2b3d71ef75414a5647cbe089261524b97f6ddffe96aeb	v12/docs/perf-baselines/2026-07-16-lazy-lines-text-bytecode.json
untracked	supporting-performance-report	archive-supporting	15	1186	81a81caf25384aa6338a9d589c38d535e6bcbc6d587ec996084abb48426566b1	v12/docs/perf-baselines/2026-07-16-lazy-lines-text-bytecode.md
untracked	raw-performance-evidence	archive-raw	632	21943	ecc9b986fda77365540980b8181081893448dd1a98f762b27f74447372da637b	v12/docs/perf-baselines/2026-07-16-lazy-lines-text-compiled.json
untracked	supporting-performance-report	archive-supporting	16	1229	58d9bbf260de36db93a67aa354a6ec03d5244690de086b6c03089b3190f93cfa	v12/docs/perf-baselines/2026-07-16-lazy-lines-text-compiled.md
untracked	supporting-performance-report	archive-supporting	148	7598	497c5f0cee2f4a121f4e106e61788c5f0d5c592eaa0b7aca3ff31e4f40b3d902	v12/docs/perf-baselines/2026-07-16-post-compiler-compiled-selection-gate.md
untracked	raw-performance-evidence	archive-raw	2522	68998	7a09b290cbbe6a383dd5c3afaddd10daf88ff35ea7ecb182f344622787c3afbd	v12/docs/perf-baselines/2026-07-16-post-compiler-compiled-selection-variance.json
untracked	supporting-performance-report	archive-supporting	44	9869	1ee7b4c701745ee05093ea1b29692eea31f4bedbcf92e37c4126a0375d61219e	v12/docs/perf-baselines/2026-07-16-post-compiler-compiled-selection-variance.md
untracked	raw-performance-evidence	archive-raw	5139	177837	0cb5520e75f0f044f9528c0882293a1c7168494ece8ac32b97a5c2b5391e2e69	v12/docs/perf-baselines/2026-07-16-post-compiler-compiled-selection.json
untracked	supporting-performance-report	archive-supporting	46	7182	e9f8fc238f88bcca3371acc87bd889828f6403160521deb9eebfe1a77713436c	v12/docs/perf-baselines/2026-07-16-post-compiler-compiled-selection.md
untracked	raw-performance-evidence	archive-raw	1579	52036	8c4b927f3479660b9567abde8c49df8a9abcad4b21486431118578dd16b279ca	v12/docs/perf-baselines/2026-07-16-post-compiler-go-reference.json
untracked	supporting-performance-report	archive-supporting	45	7554	8ae10250625db8998be78cfe47ff3ca3c9755903f5d09f0ee613c8de67b9c820	v12/docs/perf-baselines/2026-07-16-post-compiler-go-reference.md
untracked	raw-performance-evidence	archive-raw	8	272	ba011b39ed060c10c50d7fb962bf6bc3b32cc07504490a89061299ae9d154662	v12/docs/perf-baselines/2026-07-16-post-compiler-stdlib-source-state.json
untracked	raw-performance-evidence	archive-raw	95	2554	4f9c100b28822dfcccd83850578c9bf5c3830633a5784e494643982b2283fa84	v12/docs/perf-baselines/2026-07-16-primitive-kernel-helper-candidate-regex-variance.json
untracked	supporting-performance-report	archive-supporting	13	928	b815864a4cb26771360343dadd085b91009f60013df0cdf3e31680b6a8de57dc	v12/docs/perf-baselines/2026-07-16-primitive-kernel-helper-candidate-regex-variance.md
untracked	raw-performance-evidence	archive-raw	350	11640	0bdab1891620c276886116c4a1c512b68b87f4d95a5cc6d9574ce38f2a11f3f3	v12/docs/perf-baselines/2026-07-16-primitive-kernel-helper-candidate-regex.json
untracked	supporting-performance-report	archive-supporting	14	899	c49c3ca4c921406cb70bfaba8bd27c1fdc0ad56694a422de3a53548aa33ebe11	v12/docs/perf-baselines/2026-07-16-primitive-kernel-helper-candidate-regex.md
untracked	raw-performance-evidence	archive-raw	95	2539	f4146e5157c06de943efbfcd062b1e01d7f5ed23ec42dba32765432a79dc4bd5	v12/docs/perf-baselines/2026-07-16-primitive-kernel-helper-controls-variance.json
untracked	supporting-performance-report	archive-supporting	13	910	8ade8fca4742ae840585887003bd5cb3097c12f7613c2ec917b33f6d570bea61	v12/docs/perf-baselines/2026-07-16-primitive-kernel-helper-controls-variance.md
untracked	raw-performance-evidence	archive-raw	350	11555	9d571f1002671b2b61037095cbfcc35bf13a991c6824ec911e3e9dfb73cb8b2a	v12/docs/perf-baselines/2026-07-16-primitive-kernel-helper-controls.json
untracked	supporting-performance-report	archive-supporting	14	877	5582f4c211496b150378345a6440ff12707c6378291f24d8fa68748fdfb40437	v12/docs/perf-baselines/2026-07-16-primitive-kernel-helper-controls.md
untracked	governing-decision-record	reviewed-governing	127	5909	87e9ebe25c4de7d635e9a280aa31ab7c6bed429afd97d6cb0fa7ca75822acd9a	v12/docs/perf-baselines/2026-07-16-primitive-kernel-helper-native-lowering.md
untracked	raw-performance-evidence	archive-raw	460	15306	575d4766f5d47b8ec9585b993695818a0cb66ae9884d40ce8ca16cf86eb89e15	v12/docs/perf-baselines/2026-07-16-primitive-kernel-helper-volatile-repeat.json
untracked	supporting-performance-report	archive-supporting	15	1053	a90e6234a17ef50e20e1409817cd325b97b33e68ab774c1afd6c080a531e4ec7	v12/docs/perf-baselines/2026-07-16-primitive-kernel-helper-volatile-repeat.md
untracked	supporting-performance-report	archive-supporting	198	9081	749c8ee4e12eaba85465853d006fd0e116ba824be152f5c7e1543607debb8934	v12/docs/perf-baselines/2026-07-16-primitive-math-sqrt-coverage-and-kernel-bridge.md
untracked	raw-performance-evidence	archive-raw	240	7878	37eed5ddc9d56462e0999ba54b94cb33f42db978f3ec7cb03e87c90b74cfb04c	v12/docs/perf-baselines/2026-07-16-regex-redundant-cast-candidate-compiled-repeat.json
untracked	supporting-performance-report	archive-supporting	13	729	1674cb59211de73847618f13bb878b5cf35d604957a4952fd4b980529d854b35	v12/docs/perf-baselines/2026-07-16-regex-redundant-cast-candidate-compiled-repeat.md
untracked	raw-performance-evidence	archive-raw	350	11635	95480aa1354695f22887e60c58f8138cb77233dc2548c572b9cb0b5810b15dd8	v12/docs/perf-baselines/2026-07-16-regex-redundant-cast-candidate-compiled.json
untracked	supporting-performance-report	archive-supporting	14	899	cf13dfd76577ee043e5812f5c1c01c716e1fdc8ce49469befdfa8cb04b144511	v12/docs/perf-baselines/2026-07-16-regex-redundant-cast-candidate-compiled.md
untracked	raw-performance-evidence	archive-raw	356	11793	130f1d40b14c053e35294a7ab29e6aa023dc6923921aeebab3e66b7f33050a78	v12/docs/perf-baselines/2026-07-16-regex-redundant-cast-controls-compiled.json
untracked	supporting-performance-report	archive-supporting	14	894	0621ce59556b79912fba70d4212a9ab976dbd1cf9582e75a29beb750775daf2e	v12/docs/perf-baselines/2026-07-16-regex-redundant-cast-controls-compiled.md
untracked	governing-decision-record	reviewed-governing	132	6080	3d4aa8b7ba00cd2a01584aa556e26bd4e1f39e4c5d05031dc065db5ff8caf59c	v12/docs/perf-baselines/2026-07-16-regex-redundant-cast-profile-gate.md
untracked	governing-decision-record	reviewed-governing	75	3908	c3207488540b648cf834a09aeab37319c0ce3eab64d995a884d62d7c4fcffcf4	v12/docs/perf-baselines/2026-07-16-selected-samples-status-probes.md
untracked	governing-decision-record	reviewed-governing	133	7712	74c61018cc3dcb9f8c11022f7771eea3d33d09a1791abdd3250d965e4ab3223b	v12/docs/perf-baselines/2026-07-16-source-equivalence-bounded-lines.md
untracked	supporting-performance-report	archive-supporting	122	6462	79710c6d2721eb1c843945fab810755a32e630b4845b2ce0f1ee5601b9a9f350	v12/docs/perf-baselines/2026-07-17-bytecode-cached-primitive-equality-plan-gate.md
untracked	supporting-performance-report	archive-supporting	127	7014	6a93c4c433487ad69fb3d0a992e24378f38220128fd25f44f155b38d7f5c60bc	v12/docs/perf-baselines/2026-07-17-bytecode-call-execution-reconciliation.md
untracked	supporting-performance-report	archive-supporting	149	7893	20323e0e3f847cd06028eb99c96e204de4138853481432ca5dfc195849da970d	v12/docs/perf-baselines/2026-07-17-bytecode-equal-contract-selection-profile-gate.md
untracked	supporting-performance-report	archive-supporting	115	6257	564c117621451568e58cffefe1865ac1daf5efe88d28e98a7ed68605081a41c0	v12/docs/perf-baselines/2026-07-17-bytecode-equality-argument-ownership-gate.md
untracked	supporting-performance-report	archive-supporting	102	5174	bf4fa509e8d724a188f1b424b3b21a398b05782b638dc6bfa6d9b163c068002b	v12/docs/perf-baselines/2026-07-17-bytecode-equality-cpu-reconciliation.md
untracked	supporting-performance-report	archive-supporting	111	5795	831eb09a1ea4bf818aa61d8016ec7b7154a93bb39c7ac15769c59ab2b8dd5696	v12/docs/perf-baselines/2026-07-17-bytecode-fixed-arity-equality-call-gate.md
untracked	supporting-performance-report	archive-supporting	125	6458	55ca66a4de55a0d49aea7e2aa45d14ffcd5df181a1405894dc312819d890d481	v12/docs/perf-baselines/2026-07-17-bytecode-iterator-end-simple-pattern-gate.md
untracked	supporting-performance-report	archive-supporting	83	4163	df98783a3a83ddb1d57536c18728fc1ed38a0b608e2f03d888841e7c5fa1ffa1	v12/docs/perf-baselines/2026-07-17-bytecode-negative-field-plan-admission.md
untracked	supporting-performance-report	archive-supporting	118	6229	746c24ad215f3f1117df5160703037ddc2b37c550d6aa05350bfb6bd650a5f8c	v12/docs/perf-baselines/2026-07-17-bytecode-noninteger-scalar-comparison-rejection-gate.md
untracked	supporting-performance-report	archive-supporting	108	5553	8889c11abf52c5ea4e4afff3d2c5cf75145e3e14a5b5fa84332549157362211d	v12/docs/perf-baselines/2026-07-17-bytecode-post-store-raw-integer-profile-reconciliation.md
untracked	supporting-performance-report	archive-supporting	128	6696	fa3b52f0d4658e695917f07fda4a250f3a170e068f0fc99033cf9ab623709647	v12/docs/perf-baselines/2026-07-17-bytecode-primitive-equality-native-dispatch-gate.md
untracked	supporting-performance-report	archive-supporting	120	6630	f81a2a342b5dc2626335253c6d9706820debe0b977c6ed0569b65d7351f2f8b8	v12/docs/perf-baselines/2026-07-17-bytecode-raw-integer-caller-reconciliation.md
untracked	supporting-performance-report	archive-supporting	114	6015	48fe562012bdebeb5b5ad36bbc771c964266841f645dbb4762e20fdda0aee1b6	v12/docs/perf-baselines/2026-07-17-bytecode-reserved-primitive-canonical-name-gate.md
untracked	supporting-performance-report	archive-supporting	114	6527	c08857dfa7f81cb2f773ff2f2d1499a8d4ea889a24d5305b5d6e9fafc2e4175c	v12/docs/perf-baselines/2026-07-17-bytecode-scalar-character-box-reuse-gate.md
untracked	supporting-performance-report	archive-supporting	125	6622	732e400043077ce56c345fb91b9ba0144ccf695881181dedbef164bbeaa400ed	v12/docs/perf-baselines/2026-07-17-bytecode-self-parameter-coercion-gate.md
untracked	supporting-performance-report	archive-supporting	122	6685	d0bb12926af7195586ce4eacdbb2d2c2d9f3185e850706106701d7e52ddfacac	v12/docs/perf-baselines/2026-07-17-bytecode-single-pass-raw-integer-store-gate.md
untracked	supporting-performance-report	archive-supporting	96	5535	e2bf6aba1e3ea36c133eedba261d0600258b05598ea002b0d39c49f1175d5874	v12/docs/perf-baselines/2026-07-17-bytecode-string-from-builtin-box-reuse-gate.md
untracked	supporting-performance-report	archive-supporting	115	6675	7b88dc6932111160fed53dcd52b3bd89f53286e1635d80c2788c0a472acb133a	v12/docs/perf-baselines/2026-07-17-bytecode-struct-field-reconciliation.md
untracked	supporting-performance-report	archive-supporting	132	7604	dd528ef5d62934b3fa746c29911e9f9e06311057fa1dccf95dc75c2675cdb20d	v12/docs/perf-baselines/2026-07-17-clean-four-workload-bytecode-profile-reconciliation.md
untracked	supporting-performance-report	archive-supporting	128	6189	5e3ba4170eac5a4eaf94007d28953182a042534ca06fd38041c65cb9a5fe196e	v12/docs/perf-baselines/2026-07-17-compiled-boxed-primitive-operator-extraction-audit.md
untracked	supporting-performance-report	archive-supporting	106	5799	9eb69bb70d2d2ffcc32ce59ea8a668f16cb044a890611793920f1c1ab1d79cc6	v12/docs/perf-baselines/2026-07-17-compiled-equal-cpu-concurrency-reconciliation.md
untracked	supporting-performance-report	archive-supporting	150	8197	d2f8f1815e513c759d8c87eacae2662f08263c4506eb5198c7a046e96d636cff	v12/docs/perf-baselines/2026-07-17-compiled-four-application-main-profile-gate.md
untracked	supporting-performance-report	archive-supporting	111	4759	8d435d12933a8e11ec650231a9fe5d41124906d73859808be7e9dd99aedeff3b	v12/docs/perf-baselines/2026-07-17-compiled-noncapture-effect-feasibility.md
untracked	supporting-performance-report	archive-supporting	97	4993	34ffa361e199b99da5594a377f3fcf95980f974b364380c03db9fe12e1c687e0	v12/docs/perf-baselines/2026-07-17-compiled-primitive-runtime-boundary-rejected.md
untracked	supporting-performance-report	archive-supporting	109	5262	b02ebb56b284a77e5c11884186268e26adc38e6258a61201a22899676dd3b1b5	v12/docs/perf-baselines/2026-07-17-compiled-runtime-interface-boundary.md
untracked	supporting-performance-report	archive-supporting	134	7366	600d004ecf0ac661d990097f69f916dab1352fe95d6f1bc4d052f2dcead27e65	v12/docs/perf-baselines/2026-07-17-compiled-text-iterator-graph-main-profile-refresh.md
untracked	supporting-performance-report	archive-supporting	96	5000	f206470897f1ae10dcd760aa3baaecc4c077440ca3cf7e4a49cf96fa711dd5a1	v12/docs/perf-baselines/2026-07-17-compiled-unused-operator-helper-gate.md
untracked	supporting-performance-report	archive-supporting	116	6634	57e1a58773ed7dbcf8830a8b82121e1506df02cccf4a2863fef8bfd93f6a0cc5	v12/docs/perf-baselines/2026-07-17-cross-application-bytecode-profile-gate.md
untracked	governing-decision-record	reviewed-governing	83	3756	b1580888c7230593ed6117f87032770ce2d78126c38c4a11233b93d011969e66	v12/docs/perf-baselines/2026-07-17-mode-aware-execution-contracts.md
untracked	raw-performance-evidence	archive-raw	663	22952	bc7c86e8f5eb47ff1e2c37557c0eba05c7b9d03c426e207509b6cf4309142522	v12/docs/perf-baselines/2026-07-17-mode-aware-full-scorecard-async-bytecode-01-selected.json
untracked	supporting-performance-report	archive-supporting	16	1252	a5cdfed02952e5e9e541a23af4e25295ba2c1d03134a67b2a476768004ea9367	v12/docs/perf-baselines/2026-07-17-mode-aware-full-scorecard-async-bytecode-01-selected.md
untracked	raw-performance-evidence	archive-raw	655	22658	4830bf00c905ac08405721b8a9295c666de43774e943a669c3bd78b811b318f2	v12/docs/perf-baselines/2026-07-17-mode-aware-full-scorecard-async-bytecode-02-selected.json
untracked	supporting-performance-report	archive-supporting	16	1257	6d132ee748d2c2372e98a309e2ee7cd4747dca5c57fe42c2d613c7839248d311	v12/docs/perf-baselines/2026-07-17-mode-aware-full-scorecard-async-bytecode-02-selected.md
untracked	raw-performance-evidence	archive-raw	518	17657	821690541b40016026f94cecea1542e575f3f3616597d38d9d1721b1cdd1d58d	v12/docs/perf-baselines/2026-07-17-mode-aware-full-scorecard-async-compiled-01-selected.json
untracked	supporting-performance-report	archive-supporting	16	1119	3d1a26cc1f7bc8eccd0ac93168735f64055e580d6180d5a3d49baa480bd94ffa	v12/docs/perf-baselines/2026-07-17-mode-aware-full-scorecard-async-compiled-01-selected.md
untracked	raw-performance-evidence	archive-raw	510	17377	341688a78f2c2afd8f76026e2a90e97c135cf91d10226b43e182ef97d5abfbd8	v12/docs/perf-baselines/2026-07-17-mode-aware-full-scorecard-async-compiled-02-selected.json
untracked	supporting-performance-report	archive-supporting	16	1124	53b7ac6dd8e86c040ac0181b78d100e25ed56acad0d9584aca996f2cac1256b1	v12/docs/perf-baselines/2026-07-17-mode-aware-full-scorecard-async-compiled-02-selected.md
untracked	raw-performance-evidence	archive-raw	324	10453	f419289d4f5590de3d5d94c446f0b3a58fe72fe2ab78ec792bd0a646e83b98b6	v12/docs/perf-baselines/2026-07-17-mode-aware-full-scorecard-async-go-reference.json
untracked	supporting-performance-report	archive-supporting	17	1571	9f07f31c47c4683b8e74e98043b72489357210ac7d21c29d0fe1caeabf8ba199	v12/docs/perf-baselines/2026-07-17-mode-aware-full-scorecard-async-go-reference.md
untracked	raw-performance-evidence	archive-raw	683	22113	d99b3e79d00793b716bec401a57e7588769c69e485cb25b55d86cd7e32c9c3a5	v12/docs/perf-baselines/2026-07-17-mode-aware-full-scorecard-async-interpreter-reference-selected.json
untracked	supporting-performance-report	archive-supporting	24	3208	0e90e2e8e94446637f723301975ae4a7725da0633934f29375024d01b226a5b6	v12/docs/perf-baselines/2026-07-17-mode-aware-full-scorecard-async-interpreter-reference-selected.md
untracked	raw-performance-evidence	archive-raw	663	22956	59528004870f7f50eace77f1d69150078e5baf85772b15b382aef63579e6c5fb	v12/docs/perf-baselines/2026-07-17-mode-aware-full-scorecard-cohort-b-async-bytecode-01-selected.json
untracked	supporting-performance-report	archive-supporting	16	1262	1e613c60907ff19dd9c0bb5ac7f9f1c6ff77fff119c97f974dbda78bc62de23f	v12/docs/perf-baselines/2026-07-17-mode-aware-full-scorecard-cohort-b-async-bytecode-01-selected.md
untracked	raw-performance-evidence	archive-raw	655	22675	ad9d3be7da9fbcdb9c0115a777ed58ee57bf7edd49553d1bd5752ab242da27cf	v12/docs/perf-baselines/2026-07-17-mode-aware-full-scorecard-cohort-b-async-bytecode-02-selected.json
untracked	supporting-performance-report	archive-supporting	16	1266	63cc862822021a555a8ab0c11f1dfb5ed1509ebe83642bebcb57c850cb36afcd	v12/docs/perf-baselines/2026-07-17-mode-aware-full-scorecard-cohort-b-async-bytecode-02-selected.md
untracked	raw-performance-evidence	archive-raw	518	17654	8d7ff12efd4677a4b54be4c870adde632a7874325f7dd18383bbc9e0e2b3c8b4	v12/docs/perf-baselines/2026-07-17-mode-aware-full-scorecard-cohort-b-async-compiled-01-selected.json
untracked	supporting-performance-report	archive-supporting	16	1128	30a64b37c483a580cb60cb84c20a80a15b9aed80775633f7d14ccc0761c47b4e	v12/docs/perf-baselines/2026-07-17-mode-aware-full-scorecard-cohort-b-async-compiled-01-selected.md
untracked	raw-performance-evidence	archive-raw	510	17385	9a48cc5ef7f2ee9777dc604dc6adcfd4430e9ab55e037f7458ec2f3aeabaaf92	v12/docs/perf-baselines/2026-07-17-mode-aware-full-scorecard-cohort-b-async-compiled-02-selected.json
untracked	supporting-performance-report	archive-supporting	16	1133	455fe39cc43117d46f40ea455c8e404b5862d2280d9db9ccab42cb9c6c35020c	v12/docs/perf-baselines/2026-07-17-mode-aware-full-scorecard-cohort-b-async-compiled-02-selected.md
untracked	raw-performance-evidence	archive-raw	324	10450	1e134164f1699ce0f276687f8d1fd74a237cd62d940be17dfdc3fa88c9db2a0e	v12/docs/perf-baselines/2026-07-17-mode-aware-full-scorecard-cohort-b-async-go-reference.json
untracked	supporting-performance-report	archive-supporting	17	1571	86c79cc405f4f1a7fdd11b0dcc80e97803ab0165d30a30f742c24a01e3f2bd7a	v12/docs/perf-baselines/2026-07-17-mode-aware-full-scorecard-cohort-b-async-go-reference.md
untracked	raw-performance-evidence	archive-raw	683	22116	f27ffe0957ac09431f263885a3957888ca25fb466cb4400e7240bcd4ad5ddec9	v12/docs/perf-baselines/2026-07-17-mode-aware-full-scorecard-cohort-b-async-interpreter-reference-selected.json
untracked	supporting-performance-report	archive-supporting	24	3208	4f0d3782a4cec3f7f8d53d0a96ee334a339c0291af0b830996dac9c96df6dae2	v12/docs/perf-baselines/2026-07-17-mode-aware-full-scorecard-cohort-b-async-interpreter-reference-selected.md
untracked	raw-performance-evidence	archive-raw	663	22903	ad233e66211852d18595427695a42c9bb16d0691cfeca943fe04a26d5f75fcf7	v12/docs/perf-baselines/2026-07-17-mode-aware-full-scorecard-cohort-b-coverage-extra-bytecode-01-selected.json
untracked	supporting-performance-report	archive-supporting	16	1271	6e5f583fb545fb86c0f945671709289d0db5eb36167f1832945ab2e828d1a9b7	v12/docs/perf-baselines/2026-07-17-mode-aware-full-scorecard-cohort-b-coverage-extra-bytecode-01-selected.md
untracked	raw-performance-evidence	archive-raw	460	15869	45dc592bb6c7818f69b40df66726bf6c95e2dd02fe24ee12470194ba2ee82d4e	v12/docs/perf-baselines/2026-07-17-mode-aware-full-scorecard-cohort-b-coverage-extra-bytecode-02-selected.json
untracked	supporting-performance-report	archive-supporting	15	1079	40d84ee669b94eebc8a7844b296102cf4c2321fbb92cd9764c620ed570a75df2	v12/docs/perf-baselines/2026-07-17-mode-aware-full-scorecard-cohort-b-coverage-extra-bytecode-02-selected.md
untracked	raw-performance-evidence	archive-raw	143	4701	8134065274ca7d7670d9bcf518cb26af96042696ae0f50d6554d30de4a091d05	v12/docs/perf-baselines/2026-07-17-mode-aware-full-scorecard-cohort-b-coverage-extra-bytecode-02-status.json
untracked	supporting-performance-report	archive-supporting	14	831	f33f2ed3fda108b2ccf6e09faa8560aa31da1fd25e3b1e8e55c84fe306465640	v12/docs/perf-baselines/2026-07-17-mode-aware-full-scorecard-cohort-b-coverage-extra-bytecode-02-status.md
untracked	raw-performance-evidence	archive-raw	671	23292	de55db82d7a45aeba94efb805fea60e87498b346ba1a8877e39aaad2a0d5f0ca	v12/docs/perf-baselines/2026-07-17-mode-aware-full-scorecard-cohort-b-coverage-extra-bytecode-03-selected.json
untracked	supporting-performance-report	archive-supporting	16	1286	3fd2cb273f542876189d2a0b512665b3913bfc69576699e03c39477b1266cb31	v12/docs/perf-baselines/2026-07-17-mode-aware-full-scorecard-cohort-b-coverage-extra-bytecode-03-selected.md
untracked	raw-performance-evidence	archive-raw	444	15329	183a3ef9abda74c1c96526674f2196b1c085dc5e668df5c55a478c66ed1038e4	v12/docs/perf-baselines/2026-07-17-mode-aware-full-scorecard-cohort-b-coverage-extra-bytecode-04-selected.json
untracked	supporting-performance-report	archive-supporting	15	1094	d47840ba0ff8e2428a064714bf14b9fbfa33c7fcc3acd7f24ebaeef405ec5603	v12/docs/perf-baselines/2026-07-17-mode-aware-full-scorecard-cohort-b-coverage-extra-bytecode-04-selected.md
untracked	raw-performance-evidence	archive-raw	518	17554	17d506b63bba064f830253d43cde067475d96c7414ceb33c3488de27587a5653	v12/docs/perf-baselines/2026-07-17-mode-aware-full-scorecard-cohort-b-coverage-extra-compiled-01-selected.json
untracked	supporting-performance-report	archive-supporting	16	1131	360e0879d8d970afc54da5f74b5cbe4e6785f2b03eaea4935d6a472e0bb6feb7	v12/docs/perf-baselines/2026-07-17-mode-aware-full-scorecard-cohort-b-coverage-extra-compiled-01-selected.md
untracked	raw-performance-evidence	archive-raw	534	18200	c0e82400c08f7c3fe561df188dabe7b4346f4d3b866fe2756d399d0b62cfa5dd	v12/docs/perf-baselines/2026-07-17-mode-aware-full-scorecard-cohort-b-coverage-extra-compiled-02-selected.json
untracked	supporting-performance-report	archive-supporting	16	1136	9ed1a3f9ae880f51de2a018dc4ce2c7cbdcfe1a0c2843d6acaa14ee09c2d7d06	v12/docs/perf-baselines/2026-07-17-mode-aware-full-scorecard-cohort-b-coverage-extra-compiled-02-selected.md
untracked	raw-performance-evidence	archive-raw	526	17934	75783e21dbb3773c816928e907cf1476a0820503588df10d21eb7b47d1260f83	v12/docs/perf-baselines/2026-07-17-mode-aware-full-scorecard-cohort-b-coverage-extra-compiled-03-selected.json
untracked	supporting-performance-report	archive-supporting	16	1146	cbeef36a56cb2e79e0315fc238a4234ef6432bf732deee03611f20f5731b1cf5	v12/docs/perf-baselines/2026-07-17-mode-aware-full-scorecard-cohort-b-coverage-extra-compiled-03-selected.md
untracked	raw-performance-evidence	archive-raw	347	11741	44d2e5aa05bf59fd9d976e124049033303779f7a56dd700dd22ee66629966405	v12/docs/perf-baselines/2026-07-17-mode-aware-full-scorecard-cohort-b-coverage-extra-compiled-04-selected.json
untracked	supporting-performance-report	archive-supporting	15	974	7a1c0582948ecbf8432b66d1ee320fa04859e7dc012bf96788f0f9866b40b6d6	v12/docs/perf-baselines/2026-07-17-mode-aware-full-scorecard-cohort-b-coverage-extra-compiled-04-selected.md
untracked	raw-performance-evidence	archive-raw	584	18827	8ca386afe8431e00c1dbae01a348132286d4212a5b5ddcf0afa926bfa2258985	v12/docs/perf-baselines/2026-07-17-mode-aware-full-scorecard-cohort-b-coverage-extra-go-reference.json
untracked	supporting-performance-report	archive-supporting	22	2613	ee0f538a1f84b9db0b96507192c1adf54e16f972036ff3f0768d1b338d628231	v12/docs/perf-baselines/2026-07-17-mode-aware-full-scorecard-cohort-b-coverage-extra-go-reference.md
untracked	raw-performance-evidence	archive-raw	1123	36371	b2e9805c9b82a18d7a65470faceb5ff8ba2aa5806236743d3009d422c41429c1	v12/docs/perf-baselines/2026-07-17-mode-aware-full-scorecard-cohort-b-coverage-extra-interpreter-reference-selected.json
untracked	supporting-performance-report	archive-supporting	32	5040	0b706be9c5a29de052490155a2fdbfb169bbcabce456c1f806e8bacd8e2b6daf	v12/docs/perf-baselines/2026-07-17-mode-aware-full-scorecard-cohort-b-coverage-extra-interpreter-reference-selected.md
untracked	raw-performance-evidence	archive-raw	85	2632	20029fdabcd84c09a87f4c0c76d620b588a90798a20fa158bb6c7952e9d6e675	v12/docs/perf-baselines/2026-07-17-mode-aware-full-scorecard-cohort-b-coverage-extra-interpreter-reference-status.json
untracked	supporting-performance-report	archive-supporting	14	926	79105e7e30bc470160a6a4722e7d129e31b805398c0847987c3c87641aab400d	v12/docs/perf-baselines/2026-07-17-mode-aware-full-scorecard-cohort-b-coverage-extra-interpreter-reference-status.md
untracked	raw-performance-evidence	archive-raw	235	7964	92d40e860d5359394f13a40570452c1b5fdf0d11659684776c871e088744d184	v12/docs/perf-baselines/2026-07-17-mode-aware-full-scorecard-cohort-b-generality-bytecode-01-selected.json
untracked	supporting-performance-report	archive-supporting	14	891	f2e89368c85fae168a5019b9822231542d1feb122f6e9448ba2b175fe876e690	v12/docs/perf-baselines/2026-07-17-mode-aware-full-scorecard-cohort-b-generality-bytecode-01-selected.md
untracked	raw-performance-evidence	archive-raw	202	6415	e3bf33e926894f20ad3eeb31d58479c6f418a5e57d240f7a7611adf4bee3c3a3	v12/docs/perf-baselines/2026-07-17-mode-aware-full-scorecard-cohort-b-generality-bytecode-01-status.json
untracked	supporting-performance-report	archive-supporting	15	969	cec4259a7e5f487b9aa6782003be146e02cd952f408ef4413d811f743e6f0dae	v12/docs/perf-baselines/2026-07-17-mode-aware-full-scorecard-cohort-b-generality-bytecode-01-status.md
untracked	raw-performance-evidence	archive-raw	248	8064	c90ab0340417b245285582569a76481b887ec4571de75489a2bf92502896b3c1	v12/docs/perf-baselines/2026-07-17-mode-aware-full-scorecard-cohort-b-generality-bytecode-02-status.json
untracked	supporting-performance-report	archive-supporting	15	925	762fc2fbb2954849b2bb1dbcda90d826939cca191874eb3ede1eba36f82c31eb	v12/docs/perf-baselines/2026-07-17-mode-aware-full-scorecard-cohort-b-generality-bytecode-02-status.md
untracked	raw-performance-evidence	archive-raw	663	22675	8a9ffc17a008de87accc19ec00385c5bd8220ee5d427d640b68cbf9c7d776610	v12/docs/perf-baselines/2026-07-17-mode-aware-full-scorecard-cohort-b-generality-bytecode-03-selected.json
untracked	supporting-performance-report	archive-supporting	16	1213	935af9bf63991acfc39d1de0e71f227e5227e89dd70d8ac2d155759fa00dd2c1	v12/docs/perf-baselines/2026-07-17-mode-aware-full-scorecard-cohort-b-generality-bytecode-03-selected.md
untracked	raw-performance-evidence	archive-raw	657	22549	23f47084a26ae8f8b16f1ba2d1ca3d06fab9de73c341a3dd8bb22d4596329a32	v12/docs/perf-baselines/2026-07-17-mode-aware-full-scorecard-cohort-b-generality-bytecode-04-selected.json
untracked	supporting-performance-report	archive-supporting	16	1237	65b4403b9c6d9eb1dfc6722f79c48a263fbd2eaee286d67704e42508a9e5628f	v12/docs/perf-baselines/2026-07-17-mode-aware-full-scorecard-cohort-b-generality-bytecode-04-selected.md
untracked	raw-performance-evidence	archive-raw	460	15959	0b6fb6e72d82d410e0464df7619057a24a7d9bffa292474e220e217a99c83d9f	v12/docs/perf-baselines/2026-07-17-mode-aware-full-scorecard-cohort-b-generality-bytecode-05-selected.json
untracked	supporting-performance-report	archive-supporting	15	1083	5302a24a5c10a9dcbcf8ecffb5ce13e251f37c6067585a7a92fb0e9c26d38376	v12/docs/perf-baselines/2026-07-17-mode-aware-full-scorecard-cohort-b-generality-bytecode-05-selected.md
untracked	raw-performance-evidence	archive-raw	207	6597	0844440331cd42b6536453bb9dfc6f563f780acc16519156326cc17226b02a46	v12/docs/perf-baselines/2026-07-17-mode-aware-full-scorecard-cohort-b-generality-bytecode-06-status.json
untracked	supporting-performance-report	archive-supporting	15	917	ad1ff145cc300e1b0047339d94c65c6767d8d90c3d5595f2e49995d07ebd9f5a	v12/docs/perf-baselines/2026-07-17-mode-aware-full-scorecard-cohort-b-generality-bytecode-06-status.md
untracked	raw-performance-evidence	archive-raw	444	15214	ee343b4bdf4faea76e321e5fd91659695d44f24f35fe1c1330d390d62ec8b45d	v12/docs/perf-baselines/2026-07-17-mode-aware-full-scorecard-cohort-b-generality-bytecode-07-selected.json
untracked	supporting-performance-report	archive-supporting	15	1064	bebcc9b23985874d4b29e1a87b18a2a4defd2dd458005ebe5254156626751446	v12/docs/perf-baselines/2026-07-17-mode-aware-full-scorecard-cohort-b-generality-bytecode-07-selected.md
untracked	raw-performance-evidence	archive-raw	512	17201	b2a1c855d005a900151a1b28d8ef1faecb65d1ecc9b0e5b9670e1792ccc06fac	v12/docs/perf-baselines/2026-07-17-mode-aware-full-scorecard-cohort-b-generality-compiled-01-selected.json
untracked	supporting-performance-report	archive-supporting	16	1095	2c996a92e355620161600115e0733aa7ce0dab752e207bdec1bea964dc8ae438	v12/docs/perf-baselines/2026-07-17-mode-aware-full-scorecard-cohort-b-generality-compiled-01-selected.md
untracked	raw-performance-evidence	archive-raw	347	11665	26787d9ecb2836c092014d9d36686a809a28f503c87663421e975c335c84dc29	v12/docs/perf-baselines/2026-07-17-mode-aware-full-scorecard-cohort-b-generality-compiled-02-selected.json
untracked	supporting-performance-report	archive-supporting	15	941	1b4f355f406d868a237eb26e110751dfc0ef81491c2be12320cbc9fff7ded2d2	v12/docs/perf-baselines/2026-07-17-mode-aware-full-scorecard-cohort-b-generality-compiled-02-selected.md
untracked	raw-performance-evidence	archive-raw	518	17370	863a5d28dd584755884c5bb537e31add75e1ba3ac5340e57ba97beac00a29bd0	v12/docs/perf-baselines/2026-07-17-mode-aware-full-scorecard-cohort-b-generality-compiled-03-selected.json
untracked	supporting-performance-report	archive-supporting	16	1077	d3697723b821cacd6dd1f92b58d4e26992d48460707a405b79578edd7f56d24a	v12/docs/perf-baselines/2026-07-17-mode-aware-full-scorecard-cohort-b-generality-compiled-03-selected.md
untracked	raw-performance-evidence	archive-raw	512	17201	97f4e0cba206be1912f08a5547171e2d9891c50b415ef082dd6526a6e1d02c32	v12/docs/perf-baselines/2026-07-17-mode-aware-full-scorecard-cohort-b-generality-compiled-04-selected.json
untracked	supporting-performance-report	archive-supporting	16	1101	265d099b72aabb07ebc73cf5e69e7ce893868b9c412be09295dbe861aadb87e3	v12/docs/perf-baselines/2026-07-17-mode-aware-full-scorecard-cohort-b-generality-compiled-04-selected.md
untracked	raw-performance-evidence	archive-raw	363	12355	71cad88586d573f5c8b98e782e31ac7c74a362955382288a2f846cfc5419c3ea	v12/docs/perf-baselines/2026-07-17-mode-aware-full-scorecard-cohort-b-generality-compiled-05-selected.json
untracked	supporting-performance-report	archive-supporting	15	959	215ca28101e26f269561b8e049d83ee6621d971da7f557602f49a0f44485a331	v12/docs/perf-baselines/2026-07-17-mode-aware-full-scorecard-cohort-b-generality-compiled-05-selected.md
untracked	raw-performance-evidence	archive-raw	355	11927	a904e255503d81d0a936c6eee3444e4d268bc63940db51b50f29d747bfa9cf54	v12/docs/perf-baselines/2026-07-17-mode-aware-full-scorecard-cohort-b-generality-compiled-06-selected.json
untracked	supporting-performance-report	archive-supporting	15	942	918c8b984130853b40de3c011df27e996e89a7fbd304b6f7c03bc57ff5f95857	v12/docs/perf-baselines/2026-07-17-mode-aware-full-scorecard-cohort-b-generality-compiled-06-selected.md
untracked	raw-performance-evidence	archive-raw	347	11646	dc96830eb3809b54be194db9cace14b58ca98269035f210ce6e7a77108f5b40e	v12/docs/perf-baselines/2026-07-17-mode-aware-full-scorecard-cohort-b-generality-compiled-07-selected.json
untracked	supporting-performance-report	archive-supporting	15	942	8abc9344959d556a80b8300d2c766f34949480d1f9fe199deb7cc075d6739745	v12/docs/perf-baselines/2026-07-17-mode-aware-full-scorecard-cohort-b-generality-compiled-07-selected.md
untracked	raw-performance-evidence	archive-raw	900	29052	ac654c6d5588bb179062247ccc01c72c7368472dc598214044a2e941c1ae171e	v12/docs/perf-baselines/2026-07-17-mode-aware-full-scorecard-cohort-b-generality-go-reference.json
untracked	supporting-performance-report	archive-supporting	28	4042	1c0365bfcac932796d675e01f34a3c42e733a498461bcd968579e8850fdb2a51	v12/docs/perf-baselines/2026-07-17-mode-aware-full-scorecard-cohort-b-generality-go-reference.md
untracked	raw-performance-evidence	archive-raw	1241	40371	21a3a0fd52107acea35ed9ef7892bf506fc37b4e6eefe2773bd1cbaa205ea3d4	v12/docs/perf-baselines/2026-07-17-mode-aware-full-scorecard-cohort-b-generality-interpreter-reference-selected.json
untracked	supporting-performance-report	archive-supporting	34	5942	fba9d0fca27cd664c1b955ea81a6e85c305b1188400a07780f30f36b097545f8	v12/docs/perf-baselines/2026-07-17-mode-aware-full-scorecard-cohort-b-generality-interpreter-reference-selected.md
untracked	raw-performance-evidence	archive-raw	387	11776	2151083aa220629f4b43f24a424b10763000efbac25bb86196f844f21c9d56df	v12/docs/perf-baselines/2026-07-17-mode-aware-full-scorecard-cohort-b-generality-interpreter-reference-status.json
untracked	supporting-performance-report	archive-supporting	24	2884	9ec70c9a1dd7959e5eab2bf4960bae2a090275e04ace36446e520823c7c955ce	v12/docs/perf-baselines/2026-07-17-mode-aware-full-scorecard-cohort-b-generality-interpreter-reference-status.md
untracked	raw-performance-evidence	archive-raw	82	114530	5d159052a74c98976c07fc33bcd4e3f6004b307c9b101ad55899a130aac5ddf0	v12/docs/perf-baselines/2026-07-17-mode-aware-full-scorecard-cohort-b-refresh.json
untracked	supporting-performance-report	archive-supporting	131	13866	19db75dd40793ed4ae879e6d9914a9ac077890929f2688e2474abfbc5fcaa1b0	v12/docs/perf-baselines/2026-07-17-mode-aware-full-scorecard-cohort-b-refresh.md
untracked	raw-performance-evidence	archive-raw	8	272	ba011b39ed060c10c50d7fb962bf6bc3b32cc07504490a89061299ae9d154662	v12/docs/perf-baselines/2026-07-17-mode-aware-full-scorecard-cohort-b-stdlib-source-state.json
untracked	raw-performance-evidence	archive-raw	663	22897	4ad302fc4a547ad164e898fd172e20115da4cbba32e6603d4c6324a0ec306023	v12/docs/perf-baselines/2026-07-17-mode-aware-full-scorecard-coverage-extra-bytecode-01-selected.json
untracked	supporting-performance-report	archive-supporting	16	1262	3a4ad688cc0a8165316a4103e25481ed88cbc4edf651368241ef768473e89f3f	v12/docs/perf-baselines/2026-07-17-mode-aware-full-scorecard-coverage-extra-bytecode-01-selected.md
untracked	raw-performance-evidence	archive-raw	460	15849	840343815d0b78e7a13fba21fed6fe3e4073e9ffc5b437ecbff729f25a82aef3	v12/docs/perf-baselines/2026-07-17-mode-aware-full-scorecard-coverage-extra-bytecode-02-selected.json
untracked	supporting-performance-report	archive-supporting	15	1071	1a7d01937dc9b2de7b1bf1d8b639fe71f97eed913393c128b047b5d7372cd830	v12/docs/perf-baselines/2026-07-17-mode-aware-full-scorecard-coverage-extra-bytecode-02-selected.md
untracked	raw-performance-evidence	archive-raw	143	4693	90a93df3b9273e51477f13bc90130e5effdeae32ee825760f3a183e80f134dbb	v12/docs/perf-baselines/2026-07-17-mode-aware-full-scorecard-coverage-extra-bytecode-02-status.json
untracked	supporting-performance-report	archive-supporting	14	822	b9dab68e3e0b5bd87195b09e660b47f1f9e8366260c1c83849e4a751d9018cc1	v12/docs/perf-baselines/2026-07-17-mode-aware-full-scorecard-coverage-extra-bytecode-02-status.md
untracked	raw-performance-evidence	archive-raw	671	23279	6a5997699850afba601dc511bf58448aa5c73e0f1efb4e8d1fdf2e61658d5944	v12/docs/perf-baselines/2026-07-17-mode-aware-full-scorecard-coverage-extra-bytecode-03-selected.json
untracked	supporting-performance-report	archive-supporting	16	1280	a81fad58097baa33cb454d16cd9d2df6ab324dfc70e96bf7c891fce629f18e16	v12/docs/perf-baselines/2026-07-17-mode-aware-full-scorecard-coverage-extra-bytecode-03-selected.md
untracked	raw-performance-evidence	archive-raw	444	15320	89ac67224965c8ecbc2edcbf8504482f25571f2d84ad29c75cb0c1ffec4b78c3	v12/docs/perf-baselines/2026-07-17-mode-aware-full-scorecard-coverage-extra-bytecode-04-selected.json
untracked	supporting-performance-report	archive-supporting	15	1086	396470287d827d3dafb8795d5471e120c9b283b851ff9a7eeaaed3bd5d4f4ae8	v12/docs/perf-baselines/2026-07-17-mode-aware-full-scorecard-coverage-extra-bytecode-04-selected.md
untracked	raw-performance-evidence	archive-raw	518	17540	37d0810eef84d5d32995233c0e1c2fc26bab72983c527ae23a242593c53e38c9	v12/docs/perf-baselines/2026-07-17-mode-aware-full-scorecard-coverage-extra-compiled-01-selected.json
untracked	supporting-performance-report	archive-supporting	16	1122	9066123ca32e4445edd606a504b0e6dbdb9ed5da60c23a48f7413ccd292e7507	v12/docs/perf-baselines/2026-07-17-mode-aware-full-scorecard-coverage-extra-compiled-01-selected.md
untracked	raw-performance-evidence	archive-raw	534	18204	ee6cfd38475031e78f2ca47d53fdc8374164fcb60820a1364950a6b2115a0b48	v12/docs/perf-baselines/2026-07-17-mode-aware-full-scorecard-coverage-extra-compiled-02-selected.json
untracked	supporting-performance-report	archive-supporting	16	1127	4d5305e7562ce0ecc701331a8b4837544c043af9899b11f11041e65636862ffa	v12/docs/perf-baselines/2026-07-17-mode-aware-full-scorecard-coverage-extra-compiled-02-selected.md
untracked	raw-performance-evidence	archive-raw	526	17924	c9e69c7a1b4232d1c4cbc64b0a700055fe4554b3fd4eacca884db15dffabf4ec	v12/docs/perf-baselines/2026-07-17-mode-aware-full-scorecard-coverage-extra-compiled-03-selected.json
untracked	supporting-performance-report	archive-supporting	16	1137	66be58eb64c75c5b8e2977a63848bb5982e6106edd6e663520dd4a13fbd52fca	v12/docs/perf-baselines/2026-07-17-mode-aware-full-scorecard-coverage-extra-compiled-03-selected.md
untracked	raw-performance-evidence	archive-raw	347	11736	dafe4dc72f1fae12c4eb3a043dd935504e672a8fdda0978c6238033579bbc4e3	v12/docs/perf-baselines/2026-07-17-mode-aware-full-scorecard-coverage-extra-compiled-04-selected.json
untracked	supporting-performance-report	archive-supporting	15	965	c963691bd17f1b5366825e27e25e9c1bd644f3185a754c1bd9e19732034fde99	v12/docs/perf-baselines/2026-07-17-mode-aware-full-scorecard-coverage-extra-compiled-04-selected.md
untracked	raw-performance-evidence	archive-raw	584	18830	b8ee46a2983b4bf5821191f028b94e294e9272befb8973abce4c95b3ca6baa23	v12/docs/perf-baselines/2026-07-17-mode-aware-full-scorecard-coverage-extra-go-reference.json
untracked	supporting-performance-report	archive-supporting	22	2613	cd5f417a7b28ce69cd67dc2ace9c095015136920a03b4e31eb4cc3d876d6031a	v12/docs/perf-baselines/2026-07-17-mode-aware-full-scorecard-coverage-extra-go-reference.md
untracked	raw-performance-evidence	archive-raw	1123	36365	217b271312372e6da27bb82cc2aa651cd0b4a5538070b7ea94712f12d3af47ce	v12/docs/perf-baselines/2026-07-17-mode-aware-full-scorecard-coverage-extra-interpreter-reference-selected.json
untracked	supporting-performance-report	archive-supporting	32	5040	2b19b893ef95aa2b58da2cc0a475d8a77138c6a0295e6e2339762954b1fca141	v12/docs/perf-baselines/2026-07-17-mode-aware-full-scorecard-coverage-extra-interpreter-reference-selected.md
untracked	raw-performance-evidence	archive-raw	85	2633	a86115fdd2f986ee0fa4e5115b383e7521407e9550368dcbfc07c22c9cdb3ec4	v12/docs/perf-baselines/2026-07-17-mode-aware-full-scorecard-coverage-extra-interpreter-reference-status.json
untracked	supporting-performance-report	archive-supporting	14	926	f280af37e033b180ad240655a6158e1f581f21661814a91a0e925780137f3b00	v12/docs/perf-baselines/2026-07-17-mode-aware-full-scorecard-coverage-extra-interpreter-reference-status.md
untracked	raw-performance-evidence	archive-raw	428	14462	744fbf45c801c6dd09f91b107ecc4fdc740bc87287c2b97cbe4bcad89a7e22a9	v12/docs/perf-baselines/2026-07-17-mode-aware-full-scorecard-generality-bytecode-01-selected.json
untracked	supporting-performance-report	archive-supporting	15	1046	5c6a7877a68de1cc6b3b32e4e6732ba2b70eff86044c4e09f8a29ef17bda57a9	v12/docs/perf-baselines/2026-07-17-mode-aware-full-scorecard-generality-bytecode-01-selected.md
untracked	raw-performance-evidence	archive-raw	86	2574	d6ebb358f037e1a33d24b026e6ddd9ecd203a5ac02987ecaa280a706e4d847dd	v12/docs/perf-baselines/2026-07-17-mode-aware-full-scorecard-generality-bytecode-01-status.json
untracked	supporting-performance-report	archive-supporting	14	798	09690650269985ee283409240e813ed261e614703b33f9ad9327cc330e92176f	v12/docs/perf-baselines/2026-07-17-mode-aware-full-scorecard-generality-bytecode-01-status.md
untracked	raw-performance-evidence	archive-raw	248	8055	75f9bbd0b667308c7e62526576c05535ec99e6d3a30a510c13d191806eee5985	v12/docs/perf-baselines/2026-07-17-mode-aware-full-scorecard-generality-bytecode-02-status.json
untracked	supporting-performance-report	archive-supporting	15	916	f690915561c132b5c226d89f1fa357216d07ac464b1f84b7320cfee4f018e975	v12/docs/perf-baselines/2026-07-17-mode-aware-full-scorecard-generality-bytecode-02-status.md
untracked	raw-performance-evidence	archive-raw	663	22666	58e104cec96fca7fffd69c6cd505bb5af106bbf1977c3d22422beb746b110ac3	v12/docs/perf-baselines/2026-07-17-mode-aware-full-scorecard-generality-bytecode-03-selected.json
untracked	supporting-performance-report	archive-supporting	16	1204	3847d1b81112326d00b367ecb2ab8433b76075c6be5b56a6298e3abd361a4a14	v12/docs/perf-baselines/2026-07-17-mode-aware-full-scorecard-generality-bytecode-03-selected.md
untracked	raw-performance-evidence	archive-raw	657	22544	51af28f94eae0c2b1241bd903b75b480f87c5cc5729944e247f800dac66410b0	v12/docs/perf-baselines/2026-07-17-mode-aware-full-scorecard-generality-bytecode-04-selected.json
untracked	supporting-performance-report	archive-supporting	16	1229	0f670fa0ccb4a0161fe8b572aa9a4034a6cac2cf8ce4f61f01f2b5d9d6e87456	v12/docs/perf-baselines/2026-07-17-mode-aware-full-scorecard-generality-bytecode-04-selected.md
untracked	raw-performance-evidence	archive-raw	460	15947	9c0c03c0222db67c983e8d153d5371d0d1024a0cfd721bc2c238bc69fe3c2450	v12/docs/perf-baselines/2026-07-17-mode-aware-full-scorecard-generality-bytecode-05-selected.json
untracked	supporting-performance-report	archive-supporting	15	1074	73ea77064935f35e1d6fe7a7cb679991241de557490f6ce336d87067dd519274	v12/docs/perf-baselines/2026-07-17-mode-aware-full-scorecard-generality-bytecode-05-selected.md
untracked	raw-performance-evidence	archive-raw	207	6588	65c125c6574432ba4123e01644d55558560f6932e95b2b195d127cc33da1fddb	v12/docs/perf-baselines/2026-07-17-mode-aware-full-scorecard-generality-bytecode-06-status.json
untracked	supporting-performance-report	archive-supporting	15	908	a000ee3b958a86087ebea907acb697cd9fcc231d261b93c69d05a574b1a039c1	v12/docs/perf-baselines/2026-07-17-mode-aware-full-scorecard-generality-bytecode-06-status.md
untracked	raw-performance-evidence	archive-raw	444	15209	45fc5fd03d913ad47ca8abfa9ade9af9651e2463ea559e321757ac8d1af33bf8	v12/docs/perf-baselines/2026-07-17-mode-aware-full-scorecard-generality-bytecode-07-selected.json
untracked	supporting-performance-report	archive-supporting	15	1053	71f30ccf019807a0b2577388ec64a3bd7fd50f6d42be5ec1bf866b59a7c66e58	v12/docs/perf-baselines/2026-07-17-mode-aware-full-scorecard-generality-bytecode-07-selected.md
untracked	raw-performance-evidence	archive-raw	512	17186	ca1a7f60ec57eab9e1ce1cd248e84ff92cf033b47e4135ba425cdd0479e17155	v12/docs/perf-baselines/2026-07-17-mode-aware-full-scorecard-generality-compiled-01-selected.json
untracked	supporting-performance-report	archive-supporting	16	1085	88bfe417ff2b3b747654cd166a28ea5010b77ee8412057fd6fe62fdc701175cf	v12/docs/perf-baselines/2026-07-17-mode-aware-full-scorecard-generality-compiled-01-selected.md
untracked	raw-performance-evidence	archive-raw	347	11642	439738e16b994ed211e5f5026411f1dd0e4913cef5ede488f27666cdb5dee0f1	v12/docs/perf-baselines/2026-07-17-mode-aware-full-scorecard-generality-compiled-02-selected.json
untracked	supporting-performance-report	archive-supporting	15	932	589347365288504aee68a62354e78f94a9204c3827b9003afe2c39566feb48ea	v12/docs/perf-baselines/2026-07-17-mode-aware-full-scorecard-generality-compiled-02-selected.md
untracked	raw-performance-evidence	archive-raw	518	17363	9095a7fec7eeae158aa326f87761fa6173296cf47439aa094eac5069fa0ced0a	v12/docs/perf-baselines/2026-07-17-mode-aware-full-scorecard-generality-compiled-03-selected.json
untracked	supporting-performance-report	archive-supporting	16	1068	313aae1635d738c69a946be5b48939c366acb6df2cf5568b5910676c2a87855a	v12/docs/perf-baselines/2026-07-17-mode-aware-full-scorecard-generality-compiled-03-selected.md
untracked	raw-performance-evidence	archive-raw	512	17197	e71af6f4552c4488fbd4ea3befce3f459e50f83f26e919a54d0c577fe998447f	v12/docs/perf-baselines/2026-07-17-mode-aware-full-scorecard-generality-compiled-04-selected.json
untracked	supporting-performance-report	archive-supporting	16	1092	38abb57eec567185d175bb4addc7d5ff869613f961162a1387629699120d21bd	v12/docs/perf-baselines/2026-07-17-mode-aware-full-scorecard-generality-compiled-04-selected.md
untracked	raw-performance-evidence	archive-raw	363	12348	a192a41cbcdbe3d766d7f7124637c09c7ae0552b608a166ea08499e3dee97c93	v12/docs/perf-baselines/2026-07-17-mode-aware-full-scorecard-generality-compiled-05-selected.json
untracked	supporting-performance-report	archive-supporting	15	950	7aba6c2d29194a14f9564a98ce898e6bd6042e8509280e9cb13598f2385c68b6	v12/docs/perf-baselines/2026-07-17-mode-aware-full-scorecard-generality-compiled-05-selected.md
untracked	raw-performance-evidence	archive-raw	355	11921	2213a4a3779e3662e618325c61776fd6ed09a67b56a65b1072a8758b3620ee23	v12/docs/perf-baselines/2026-07-17-mode-aware-full-scorecard-generality-compiled-06-selected.json
untracked	supporting-performance-report	archive-supporting	15	933	59bcade90103d98016ae4fb6ae14e41446479d1ab38fe0b0f7d88ac738e4f432	v12/docs/perf-baselines/2026-07-17-mode-aware-full-scorecard-generality-compiled-06-selected.md
untracked	raw-performance-evidence	archive-raw	347	11640	4fc2d2923bc18ea18313f2f57e4096e12242ec952bd910962759bf3f8d79fa73	v12/docs/perf-baselines/2026-07-17-mode-aware-full-scorecard-generality-compiled-07-selected.json
untracked	supporting-performance-report	archive-supporting	15	934	f8025c5ef020145a464f0e05e7fc9b8916fbc187caff31e3513effffbe3da016	v12/docs/perf-baselines/2026-07-17-mode-aware-full-scorecard-generality-compiled-07-selected.md
untracked	raw-performance-evidence	archive-raw	900	29050	73e164f5a32e52d2a9642196ba2f17b90a727e0818b7d00ed5910b9302c0c16f	v12/docs/perf-baselines/2026-07-17-mode-aware-full-scorecard-generality-go-reference.json
untracked	supporting-performance-report	archive-supporting	28	4042	6a1e78e507245099d0f4d70d5db6c45e1228599519fea8c5d2187654a8b9a01e	v12/docs/perf-baselines/2026-07-17-mode-aware-full-scorecard-generality-go-reference.md
untracked	raw-performance-evidence	archive-raw	1333	43248	1ea80687f8967a04a739a8e9e92efcd28c9bdeecd525be43eed3c328cfcf93cc	v12/docs/perf-baselines/2026-07-17-mode-aware-full-scorecard-generality-interpreter-reference-selected.json
untracked	supporting-performance-report	archive-supporting	36	6377	1309dd6596d2ffa67365f8e983b1b7d4d4af6db48254b9174fbd9f42bbffd56f	v12/docs/perf-baselines/2026-07-17-mode-aware-full-scorecard-generality-interpreter-reference-selected.md
untracked	raw-performance-evidence	archive-raw	325	9850	f3c310a17286e544e311cc1428f7a980951380d6aa9d841ee5dff4302a3c848b	v12/docs/perf-baselines/2026-07-17-mode-aware-full-scorecard-generality-interpreter-reference-status.json
untracked	supporting-performance-report	archive-supporting	22	2450	053e7146257de643eb5250ddd645b2954ad32174921cebbcb33e61e150804a0e	v12/docs/perf-baselines/2026-07-17-mode-aware-full-scorecard-generality-interpreter-reference-status.md
untracked	raw-performance-evidence	archive-raw	82	114286	85ec3b7048fad5aa2b7d4b89f00552893af72fc16b8e431dafdebd24f98d9937	v12/docs/perf-baselines/2026-07-17-mode-aware-full-scorecard-refresh.json
untracked	supporting-performance-report	archive-supporting	131	13569	fce664cfc8c30fed7fc8aa51a420045d5a5ef985eafa45e4a812058734479244	v12/docs/perf-baselines/2026-07-17-mode-aware-full-scorecard-refresh.md
untracked	raw-performance-evidence	archive-raw	8	272	ba011b39ed060c10c50d7fb962bf6bc3b32cc07504490a89061299ae9d154662	v12/docs/perf-baselines/2026-07-17-mode-aware-full-scorecard-stdlib-source-state.json
untracked	raw-performance-evidence	archive-raw	82	114280	3ad86d129bf7ad1bb15bb6e9a8742196d3d58e34e5bff070c1a0c31228ca2b5e	v12/docs/perf-baselines/2026-07-17-mode-aware-full-scorecard-strict-refresh.json
untracked	supporting-performance-report	archive-supporting	131	13587	d23553fe4492f6e252f8f1c54d938ed4289ce1d355bf16e40d434303681f36a9	v12/docs/perf-baselines/2026-07-17-mode-aware-full-scorecard-strict-refresh.md
untracked	raw-performance-evidence	archive-raw	5947	172094	9c69be6d2e0e4afe5e26a76afa2011d338812ead9dd8ba9a4577b6e8c147631d	v12/docs/perf-baselines/2026-07-17-mode-aware-full-scorecard-variance.json
untracked	supporting-performance-report	archive-supporting	76	17324	26817ed5a2893b7e6056bac40b8f864273e0ae5000bc0e5177bb3dcb16f8d995	v12/docs/perf-baselines/2026-07-17-mode-aware-full-scorecard-variance.md
untracked	governing-decision-record	reviewed-governing	99	5013	5353b7f0de9c57cb60128017f1a98f03e5c2974a7070a722fa3023cbac0f3062	v12/docs/perf-baselines/2026-07-17-mode-aware-two-cohort-scorecard.md
untracked	supporting-performance-report	archive-supporting	101	5012	15ea0ef3e8918b926ded0c96f78ed28d1e77c42b8798662b44bc3ccbdc85b68b	v12/docs/perf-baselines/2026-07-17-packed-eager-raw-i32-cache-feasibility.md
untracked	raw-performance-evidence	archive-raw	946	33243	be50bc6455140fa2e4dc014757dde90fe994e335d492bcb736c7b250856e84aa	v12/docs/perf-baselines/2026-07-17-preserved-compiled-four-app-cohorts.json
untracked	supporting-performance-report	archive-supporting	12	576	96308d497838f16c0afe51f07bdb71a4590f602d57728fe79b6c2b785d40d88b	v12/docs/perf-baselines/2026-07-17-preserved-compiled-four-app-cohorts.md
untracked	raw-performance-evidence	archive-raw	220	7024	62b79e0f0ec6e3624a18a418e42e2845720b2652d1572bc50823f4c001fd952b	v12/docs/perf-baselines/2026-07-17-preserved-compiled-four-app-go-reference.json
untracked	supporting-performance-report	archive-supporting	15	1158	6f62106420162282688570994c4cb69a476bd0d010310a95e622a8418e24d7d1	v12/docs/perf-baselines/2026-07-17-preserved-compiled-four-app-go-reference.md
untracked	supporting-performance-report	archive-supporting	145	7807	38103974d6a366f9d8b65ec04faf8a55eb277ffbd327e7a1c3c7da658bd03113	v12/docs/perf-baselines/2026-07-17-preserved-compiled-text-map-profile-gate.md
untracked	supporting-performance-report	archive-supporting	106	5853	965fc90f7ded3015226a3527f591f793b68e1b74fbcd321ac8732dd0a1252213	v12/docs/perf-baselines/2026-07-17-preserved-compiled-timing-reconciliation.md
untracked	raw-performance-evidence	archive-raw	722	25315	5bd854ca964d2702b4064135b41530053b5628a60813f943730aef2c48795b67	v12/docs/perf-baselines/2026-07-17-preserved-text-map-cohorts.json
untracked	supporting-performance-report	archive-supporting	11	501	d50640a7b776a1e326753ecd2b41902e4af3efd9c102edaa0bd5ee14e86333c3	v12/docs/perf-baselines/2026-07-17-preserved-text-map-cohorts.md
untracked	raw-performance-evidence	archive-raw	317	9710	7ca83ac856553e8ac1ddb7f1fa7cc69354e3995a9e1cbbdc2c6d2e46b0cc93f2	v12/docs/perf-baselines/2026-07-17-preserved-text-map-document-audit-extended.json
untracked	raw-performance-evidence	archive-raw	168	5335	6f26e05fa761d3047d770110cd7c09c7e111893fda8e6d8a7722d5f473750898	v12/docs/perf-baselines/2026-07-17-preserved-text-map-go-reference.json
untracked	supporting-performance-report	archive-supporting	14	944	c2bc06e6665b24aa7d2ef184ba1ede2a0d5337444ddf4457deb3ff3c127be96d	v12/docs/perf-baselines/2026-07-17-preserved-text-map-go-reference.md
untracked	supporting-performance-report	archive-supporting	101	5141	43115ab038c5d58102435d7b66b034ed128945eb5efde2fd8cee154129062c7c	v12/docs/perf-baselines/2026-07-17-raw-i32-cache-call-site-attribution-gate.md
untracked	supporting-performance-report	archive-supporting	110	5812	8490cdca48128107a5bbf92ee73e115ac49d7d69291bd7205b5135f192760aa2	v12/docs/perf-baselines/2026-07-17-raw-i32-cache-distribution-gate.md
untracked	supporting-performance-report	archive-supporting	152	7773	7b8ccc6de6a2d2d77b7f59d531566e56be3a7e9bd666f29e8190431316cfab6c	v12/docs/perf-baselines/2026-07-17-raw-integer-stack-producer-gate.md
untracked	raw-performance-evidence	archive-raw	459	12972	c7afc3096a7888a98350991ebbd408e64c9083ffd728d604c26a5194a58cc3b1	v12/docs/perf-baselines/2026-07-17-regex-carrier-scorecard-bytecode-variance.json
untracked	supporting-performance-report	archive-supporting	17	2061	64c8ce46b75623e15903a3f1a5ec1f8697550c36efd0a17f16cf6e4c9b35ce6d	v12/docs/perf-baselines/2026-07-17-regex-carrier-scorecard-bytecode-variance.md
untracked	raw-performance-evidence	archive-raw	671	23253	977a2434077e60811597037c9a55d0592496030a7b8eaee9209544aaecdadd3d	v12/docs/perf-baselines/2026-07-17-regex-carrier-scorecard-bytecode.json
untracked	supporting-performance-report	archive-supporting	16	1252	bb9e0d7c97c8a97004b313f9a50f0ccffc3c98d3394767898164177307b2ca01	v12/docs/perf-baselines/2026-07-17-regex-carrier-scorecard-bytecode.md
untracked	raw-performance-evidence	archive-raw	318	8549	a87587e519ca9322fc4e076a9ea345ee0e7fe5a6c9d93896526803e4dfc2862c	v12/docs/perf-baselines/2026-07-17-regex-carrier-scorecard-compiled-variance.json
untracked	supporting-performance-report	archive-supporting	17	1670	4f77a93e8def7a7901bac50d60a2dfe40b493bb32e53e20c362a6fffe26ee0e8	v12/docs/perf-baselines/2026-07-17-regex-carrier-scorecard-compiled-variance.md
untracked	raw-performance-evidence	archive-raw	526	17913	160a6898c5f9e0d8873d003ba2a229f4b7e502a764f3409f5ee332054e34609b	v12/docs/perf-baselines/2026-07-17-regex-carrier-scorecard-compiled.json
untracked	supporting-performance-report	archive-supporting	16	1120	a6cebc6aa18f5a666bc1e072927ce3ae6d603de6bf559a92df8e777de263c12d	v12/docs/perf-baselines/2026-07-17-regex-carrier-scorecard-compiled.md
untracked	raw-performance-evidence	archive-raw	168	5352	d2d24029a5b01ff5f2f3c8f754908e456951121fe06659421e260bcc4e30c62a	v12/docs/perf-baselines/2026-07-17-regex-carrier-scorecard-go-reference.json
untracked	supporting-performance-report	archive-supporting	14	952	e0c17796a2dec553007560b68c2a8606a0221a697db1e913ec4a7c5225133a22	v12/docs/perf-baselines/2026-07-17-regex-carrier-scorecard-go-reference.md
untracked	raw-performance-evidence	archive-raw	353	11382	76a245f3311f9418342051bcce68543d3d958d24147d4df14dc537d353eb6759	v12/docs/perf-baselines/2026-07-17-regex-carrier-scorecard-interpreter-reference.json
untracked	supporting-performance-report	archive-supporting	18	1844	b3aeffadcb3495d465cc18192c7fa193583354b937cb53aa71c81d17cde30376	v12/docs/perf-baselines/2026-07-17-regex-carrier-scorecard-interpreter-reference.md
untracked	raw-performance-evidence	archive-raw	8	272	2f735b0b727ad688f0e32ed7647b97151a46c8833ac09983842464f3e76101f0	v12/docs/perf-baselines/2026-07-17-regex-carrier-scorecard-stdlib-source-state.json
untracked	supporting-performance-report	archive-supporting	95	4745	b310f7417a44008984e6e76e13e1763697797ddfb234b75f2089a828dd2f33b4	v12/docs/perf-baselines/2026-07-17-regex-carrier-targeted-scorecard-refresh.md
untracked	raw-performance-evidence	archive-raw	19	11450	6770384561a248738c391051c9cdf828b73e5f4304e331ad718a093f33b37796	v12/docs/perf-baselines/2026-07-17-regex-carrier-targeted-scorecard.json
untracked	supporting-performance-report	archive-supporting	42	2994	d47c2b6de50e12b627d69389483ca150636134cc4d540317cce86c0a10093b91	v12/docs/perf-baselines/2026-07-17-regex-carrier-targeted-scorecard.md
untracked	supporting-performance-report	archive-supporting	110	5056	2d1d0c344d7df01e4022562ce96658ac4a7c146771734bce8baf731750663b8c	v12/docs/perf-baselines/2026-07-17-regex-initial-capture-template-reuse.md
untracked	supporting-performance-report	archive-supporting	107	5082	bcdfc0381dbb58dc511481fee5dbf5444eaf22d8afda68b9a35fccfb73775cc1	v12/docs/perf-baselines/2026-07-17-regex-nfa-active-state-index-gate.md
untracked	supporting-performance-report	archive-supporting	110	5308	287c364969cd0505533551d2cc6751e8b9277c16f05e7bd878c20bd6b775be0c	v12/docs/perf-baselines/2026-07-17-regex-nfa-primitive-thread-carrier.md
untracked	supporting-performance-report	archive-supporting	89	4454	1d71e954b118d5d547d0574d008bcc9d89ecb084fd62d5c9efa2641e5e97fd03	v12/docs/perf-baselines/2026-07-17-regex-nfa-thread-arena-gate.md
untracked	supporting-performance-report	archive-supporting	125	6036	d3619e109bbc104fec40baf62e368d11b23a24f3479d673c41ad572ac2158314	v12/docs/perf-baselines/2026-07-17-static-raw-i32-interface-table-feasibility.md
untracked	raw-performance-evidence	archive-raw	867	29282	b6f05460c20c5b200f4cf0aa3b901b8a051b5130b987b7a20aa6524242d3d0e0	v12/docs/perf-baselines/2026-07-18-bulk-output-write-all-baseline.json
untracked	supporting-performance-report	archive-supporting	20	1940	91a8d14edaceda863a7360ec1d3a5166aff584d04f0144e4be8dbd73ef2654a9	v12/docs/perf-baselines/2026-07-18-bulk-output-write-all-baseline.md
untracked	raw-performance-evidence	archive-raw	867	29291	3b8c7dac94b255c75d2bbccc2f5de37a96d97b20df9c3c07131a4f8177fe7a33	v12/docs/perf-baselines/2026-07-18-bulk-output-write-all-candidate.json
untracked	supporting-performance-report	archive-supporting	20	1938	f4562f00523504fe78f1661dd97e2e85f03d6d18d9d413e17a2b54a4d29ffe11	v12/docs/perf-baselines/2026-07-18-bulk-output-write-all-candidate.md
untracked	raw-performance-evidence	archive-raw	1571	31387	1840dc917b72ea3fae0ffa9a858aa9f81de94eb1c4aeaf907998f9cebe98eaaa	v12/docs/perf-baselines/2026-07-18-bytecode-block-census/array_slice_window.json
untracked	raw-performance-evidence	archive-raw	995	19068	98ad378eb787b94f1f537f6f04c871fe160561964843a357dd7244eb581b89ed	v12/docs/perf-baselines/2026-07-18-bytecode-block-census/distance_field.json
untracked	raw-performance-evidence	archive-raw	1121	21823	2044270b6b9cf03f916358407934aa9122f49ba540779fb2f379da3b041f1d1f	v12/docs/perf-baselines/2026-07-18-bytecode-block-census/fixed_width_128.json
untracked	raw-performance-evidence	archive-raw	1787	35776	3c10ad21815fd30b408d86568a205102f93f8e2367fc7ad71d858c3225916893	v12/docs/perf-baselines/2026-07-18-bytecode-block-census/lexical_rollup.json
untracked	raw-performance-evidence	archive-raw	1400	27858	c081217c76942d340800682101edf5d7d4ec09e680ad6d86cbfa664779b466d3	v12/docs/perf-baselines/2026-07-18-bytecode-block-census/mandelbrot.json
untracked	raw-performance-evidence	archive-raw	2065	40904	cb618599dff651be8221e7e461c7af2a52002bd3cb7a29e15d64236c08277713	v12/docs/perf-baselines/2026-07-18-bytecode-block-census/option_result_config.json
untracked	raw-performance-evidence	archive-raw	1553	31029	2c0f42ce20ce8a3145e2ec6da467fc85a55feb90e07e76771f871b7619b34e2e	v12/docs/perf-baselines/2026-07-18-bytecode-block-census/reverse_complement.json
untracked	raw-performance-evidence	archive-raw	2120	43257	e672946c1d56208ce524c5bd089ebac2eafe52f09c76dee309e3b761ec3cbd07	v12/docs/perf-baselines/2026-07-18-bytecode-block-census/word_frequency.json
untracked	supporting-performance-report	archive-supporting	145	7405	eaf7f944a2da835c0d79c4025d8bffaf9edb56097284964309918db2d9b6aa0f	v12/docs/perf-baselines/2026-07-18-bytecode-cold-opcode-census-and-two-tier-rejection.md
untracked	raw-performance-evidence	archive-raw	28	2877	1d42af7680c8c3ba8cbb90f8ca86ed76a4dae5dae9b3f18b83ca60c3d284f63e	v12/docs/perf-baselines/2026-07-18-bytecode-cold-opcode-census-runs.tsv
untracked	raw-performance-evidence	archive-raw	144	5147	452b001d1ddba987439a367e851d8688990df6294790fb5fed03213604f914fd	v12/docs/perf-baselines/2026-07-18-bytecode-cold-opcode-census-summary.tsv
untracked	raw-performance-evidence	archive-raw	91	10100	db92e7444f1b059d3717182dfc7074a1e77d584ea32c8b6c82ad739ad577d949	v12/docs/perf-baselines/2026-07-18-bytecode-cold-opcode-two-tier-ab.tsv
untracked	raw-performance-evidence	archive-raw	250	8533	980dada1db06945fa5a0e4e3f2e20177256ce2243b20d277f51fbb5594fc9393	v12/docs/perf-baselines/2026-07-18-bytecode-conditional-branch-ab-a.json
untracked	raw-performance-evidence	archive-raw	169	5624	0494dcf16fa54e1e8712d17765e2d1a9af1eb0f433a60f6fc5faa3e8e370b993	v12/docs/perf-baselines/2026-07-18-bytecode-conditional-branch-ab-b.json
untracked	raw-performance-evidence	archive-raw	62	1999	4a68014ce9e3ab428cd736bec7fa62bf4047ae82f527c883553b97a281d1240e	v12/docs/perf-baselines/2026-07-18-bytecode-conditional-branch-ab-c.json
untracked	raw-performance-evidence	archive-raw	289	9837	fdfdf014163ee23e398b43f87e22e606e7c2221796aa6c964a30e89ebf5cbc44	v12/docs/perf-baselines/2026-07-18-bytecode-conditional-branch-ab-controls-expanded.json
untracked	raw-performance-evidence	archive-raw	64	2069	67a8a56dbbdf7ead3873ee6b75e3c687369c39378c1e7557291928246e1f8681	v12/docs/perf-baselines/2026-07-18-bytecode-conditional-branch-ab-d.json
untracked	raw-performance-evidence	archive-raw	287	9917	075f9a9aab56632b2dbd1c4e44acec3c5636646758f0d7aaa0b8e1d78d98c4d6	v12/docs/perf-baselines/2026-07-18-bytecode-conditional-branch-ab-wins-expanded.json
untracked	raw-performance-evidence	archive-raw	148	4985	58ac523227fa463dbb616d59345b3f60a0b49397102fd508345f4a34145c6e79	v12/docs/perf-baselines/2026-07-18-bytecode-conditional-branch-ab-word-expanded.json
untracked	supporting-performance-report	archive-supporting	154	7532	e817246351d442772ca07b97c46e8a625f993c1ce5e0b53a92b96fae91b9a59d	v12/docs/perf-baselines/2026-07-18-bytecode-cross-suite-go-pgo-rejection.md
untracked	supporting-performance-report	archive-supporting	154	7880	57ce4dba09985de693d01de80870a9260654d429448f8c64e93561e5c78cff0c	v12/docs/perf-baselines/2026-07-18-bytecode-dispatcher-layout-reconciliation.md
untracked	raw-performance-evidence	archive-raw	91	10189	1c90c73eaacc1b40603b13b7d3a686347d95d52756c712afc80cddb9d8422b06	v12/docs/perf-baselines/2026-07-18-bytecode-dispatcher-layout-stabilized-causal-ab.tsv
untracked	supporting-performance-report	archive-supporting	136	6508	67a9c816586c3b880f851cea469a0fe41447fc40232ded37cabab65d59535af8	v12/docs/perf-baselines/2026-07-18-bytecode-multi-argument-u8-extern-admission.md
untracked	supporting-performance-report	archive-supporting	137	7229	d336a36c7581b78013cf5b1b9c9b24ed45228d5b4aecbb22cc2ae83330abd6b6	v12/docs/perf-baselines/2026-07-18-bytecode-multi-operation-quickening-gate.md
untracked	raw-performance-evidence	archive-raw	81	4189	0bf83f04dfa955c7dc5951a198a7c226206def8a3366dffc8a5535e9308a6a09	v12/docs/perf-baselines/2026-07-18-bytecode-operand-ir-executable-ab-samples.tsv
untracked	supporting-performance-report	archive-supporting	113	5872	2ba9b3cf1e1f8650e3ad5bc1321532be95aa3e302b6f0b42f5a470fd4f53a572	v12/docs/perf-baselines/2026-07-18-bytecode-operand-ir-executable-prelude-gate.md
untracked	supporting-performance-report	archive-supporting	124	6416	1f9d683bce2e21f6f4ec08643699ae617e27cfc87c74f8494269d25c1d947b16	v12/docs/perf-baselines/2026-07-18-bytecode-operand-ir-feasibility-gate.md
untracked	raw-performance-evidence	archive-raw	81	4189	6d3598cef765db553c25db1984385cea1a98d44799921acf0a3b6ad137194ec4	v12/docs/perf-baselines/2026-07-18-bytecode-operand-register-ir-ab-samples.tsv
untracked	supporting-performance-report	archive-supporting	144	7411	6dc2653c67faca557c4e90b41d1527bc14d9a801338a488de3f0a31a99a4e9d5	v12/docs/perf-baselines/2026-07-18-bytecode-operand-register-ir-prototype.md
untracked	raw-performance-evidence	archive-raw	91	9641	9e428cabaf1943bbf6892fb733b63d24d7c3ee098e44ac39cce16769a287a7cb	v12/docs/perf-baselines/2026-07-18-bytecode-pgo-matched-validation.tsv
untracked	raw-performance-evidence	archive-raw	7	697	c49e285b272fe9c241da155a70b244d046ee1126036eeebd06e80a850ebf733c	v12/docs/perf-baselines/2026-07-18-bytecode-pgo-training-runs.tsv
untracked	raw-performance-evidence	archive-raw	91	9715	9256dcce5cb74fa6b951b7eb7c9d1276ae1160fc961e486b8c3f3a497918c7c5	v12/docs/perf-baselines/2026-07-18-bytecode-pgo-unmatched-plugin-validation.tsv
untracked	supporting-performance-report	archive-supporting	100	5317	672c4e1fedfbc28cda199ca3692140ef6b58d1817cdfbc3443cd9de855c6d5dd	v12/docs/perf-baselines/2026-07-18-bytecode-primitive-integer-region-census.md
untracked	supporting-performance-report	archive-supporting	123	6564	5a8e93e6ad84ecaeaa4958f475fba5d8026a7c007857e76198d73c4c68f29702	v12/docs/perf-baselines/2026-07-18-bytecode-register-block-census-and-slot-nil-gate.md
untracked	supporting-performance-report	archive-supporting	120	6456	1c66102721770ec0cf666948e9d9ae8599388880547f9ed6c16374a957789fdc	v12/docs/perf-baselines/2026-07-18-bytecode-register-ir-feasibility-gate.md
untracked	raw-performance-evidence	archive-raw	2276	47519	5369c64fabc5403582dea93a127d1ec4be7ded1d4ee49f11b0ef33a10cae3e55	v12/docs/perf-baselines/2026-07-18-bytecode-sequence-census/array_slice_window.json
untracked	raw-performance-evidence	archive-raw	1311	25244	8d3fef613f904c3c9a0651c93be7ec3ffe4fac428ffa52b6bb30aac8f8b4dc71	v12/docs/perf-baselines/2026-07-18-bytecode-sequence-census/base64.json
untracked	raw-performance-evidence	archive-raw	1649	33502	c7bd10548b1327bd9eea5dd5eb790d02c213c8e96e1cd7d72b4aa3f127c8c0f5	v12/docs/perf-baselines/2026-07-18-bytecode-sequence-census/fixed_width_128.json
untracked	raw-performance-evidence	archive-raw	1437	27504	db04ac119d708a6272847e37af880e59d31b85d529f124bd994a90ef9f3f0568	v12/docs/perf-baselines/2026-07-18-bytecode-sequence-census/i_before_e.json
untracked	raw-performance-evidence	archive-raw	2483	52072	0a90a9b7ac73c07fe8c1dee396978499fccce174ba36c5fc86dd00d940767937	v12/docs/perf-baselines/2026-07-18-bytecode-sequence-census/option_result_config.json
untracked	raw-performance-evidence	archive-raw	2480	52220	282ac88e4c0ac7da7e3165208590a49fbefdf134288f179201df60be5276a5ee	v12/docs/perf-baselines/2026-07-18-bytecode-sequence-census/rational_series.json
untracked	raw-performance-evidence	archive-raw	3226	71492	d2ee44c44cf8e18e5c5901944123ec7ef7d2630f54cd332fd638e9b2e603eac3	v12/docs/perf-baselines/2026-07-18-bytecode-sequence-census/reverse_complement.json
untracked	raw-performance-evidence	archive-raw	3568	74537	cc85cdf4882c5837f873b4e9b7a8c6ad86c47ebdffcfb6d8cf78857989ee1d00	v12/docs/perf-baselines/2026-07-18-bytecode-sequence-census/word_frequency.json
untracked	supporting-performance-report	archive-supporting	152	7209	bcc4fad8c8916d1d844e78f2878a21ad195a0fd0481650df1308a40ced695b3f	v12/docs/perf-baselines/2026-07-18-bytecode-typed-handler-profile-reconciliation.md
untracked	supporting-performance-report	archive-supporting	143	7044	7ecaf9d2f77501ceed9ce836acc1836a4cb72dc39f7a7c036c1c52b90c8408f2	v12/docs/perf-baselines/2026-07-18-bytecode-typed-loop-block-gate.md
untracked	supporting-performance-report	archive-supporting	188	9703	295d68853fe6d76ffe7762823b6e9ea39dc41bc743e3b157816a533ff2cc6b7d	v12/docs/perf-baselines/2026-07-18-compiled-generated-go-diagnostics-census.md
untracked	raw-performance-evidence	archive-raw	36	5167	da5ed3856024edbb1a6c20c6e1e6445627f1a796b200b990258d2bcb96514e2b	v12/docs/perf-baselines/2026-07-18-compiled-generated-go-diagnostics-census.tsv
untracked	raw-performance-evidence	archive-raw	37	2263	7d1575382c45640df61ba13508c938ba707bc9d99cbd58849db982bf3b393e5b	v12/docs/perf-baselines/2026-07-18-compiled-generated-helper-census.tsv
untracked	supporting-performance-report	archive-supporting	147	7649	c5c1f50345abdc834066ff8046b99642d14acff5e4c0953e4bd53a706732b018	v12/docs/perf-baselines/2026-07-18-compiled-generated-helper-execution-census.md
untracked	raw-performance-evidence	archive-raw	81	7562	c1b93eb82983f2bcede0f0f32aa9a93223c0dd426ff3b7196a14edb35e1fb708	v12/docs/perf-baselines/2026-07-18-compiled-int64-profile-runs.tsv
untracked	raw-performance-evidence	archive-raw	5	297	4033d0a92479ef53e160c9b491f58b450185e270e7c93ef92f070a85191e7291	v12/docs/perf-baselines/2026-07-18-compiled-int64-profile-summary.tsv
untracked	supporting-performance-report	archive-supporting	141	7160	b3a5e93ba8985425a205c90db7bdf71ec9553d517022205a20bfcfcad382a89f	v12/docs/perf-baselines/2026-07-18-compiled-nullable-scalar-allocation-attribution.md
untracked	supporting-performance-report	archive-supporting	130	6868	56a4a079c949c2eb0141488d90af25f008ddb2216e584e496eea27ab1bcefcc4	v12/docs/perf-baselines/2026-07-18-compiled-small-union-payload-census.md
untracked	raw-performance-evidence	archive-raw	4046	124685	5cf975d6a2217b09decf7e3352b675d36f803dbb13dfc0c1146e71c1de73b40b	v12/docs/perf-baselines/2026-07-18-compiled-string-contains-literal-validity-gate.json
untracked	supporting-performance-report	archive-supporting	138	7040	bb140ceea4eca50d240c54b98427f4244f29042ab1bb4dd4272f82ccfa15edbc	v12/docs/perf-baselines/2026-07-18-compiled-string-contains-literal-validity-gate.md
untracked	supporting-performance-report	archive-supporting	158	8253	02c53b96bf73c08e3b0329137d20a34dba5e989b9bc94d63c0eca0f6ff9788df	v12/docs/perf-baselines/2026-07-18-cross-mode-array-capacity-growth-gate.md
untracked	supporting-performance-report	archive-supporting	158	9430	9880c632c6456aec3895dd479c138b0a3022bcfec3167f6cf5f2e09ffdb2599d	v12/docs/perf-baselines/2026-07-18-cross-mode-exact-leaf-selection-reconciliation.md
untracked	raw-performance-evidence	archive-raw	92	3335	3da3a37bf3413bc80120f14146c44516756de7a8c00202720d346d7b5cb0dab2	v12/docs/perf-baselines/2026-07-18-cross-mode-stdlib-hot-function-census.json
untracked	supporting-performance-report	archive-supporting	151	9099	6f499cb52fd11fd3eaf92e55a4a61cd730e48f6b2b0cca1a3a7ef322b1aa87c9	v12/docs/perf-baselines/2026-07-18-cross-mode-stdlib-hot-function-census.md
untracked	raw-performance-evidence	archive-raw	285	8813	db885a14c6410b6af7f598bf66233be3c0640ce0e7f61ad5ee54e106106c8d9f	v12/docs/perf-baselines/2026-07-18-distance-write-all-baseline-fourth.json
untracked	raw-performance-evidence	archive-raw	285	8818	0ac7330954fea2f2c892d7a5c7fad9d58f4e3bcbae203ea0b23e601118b41329	v12/docs/perf-baselines/2026-07-18-distance-write-all-candidate-third.json
untracked	raw-performance-evidence	archive-raw	397	13585	5c907b667f052e93e469e11ac761fdc73bf1ecfdae03f33efc0cc2689d32f76d	v12/docs/perf-baselines/2026-07-18-fasta-generation-able-baseline.json
untracked	supporting-performance-report	archive-supporting	16	1223	55a196adeba60ef7a59aa5b0b6c16c2f1830df6e07a6221eef340263d66fa342	v12/docs/perf-baselines/2026-07-18-fasta-generation-able-baseline.md
untracked	raw-performance-evidence	archive-raw	64	1969	652f43daf5cf72ed9035ea80f7e6ca053b0781a7036e588e6c9385bc791fb2db	v12/docs/perf-baselines/2026-07-18-fasta-generation-go-reference.json
untracked	supporting-performance-report	archive-supporting	12	530	731fc5f24a3f8466caadb6ce74a2771c5e8bd4f5eb859c66a6135faeea4aeb37	v12/docs/perf-baselines/2026-07-18-fasta-generation-go-reference.md
untracked	raw-performance-evidence	archive-raw	133	4217	68f77d0c40a179b7dc9c4301d6079574e65161058cbe97132fff305ca9e9ba2f	v12/docs/perf-baselines/2026-07-18-fasta-generation-interpreter-reference.json
untracked	supporting-performance-report	archive-supporting	14	919	4d326f480664f62183e3e2d0db6a3a84736c0641dcc58888042927d578c99b28	v12/docs/perf-baselines/2026-07-18-fasta-generation-interpreter-reference.md
untracked	raw-performance-evidence	archive-raw	57	1650	f34a9ad563c60e333b81f86dd00005dd20e24439f3a78e3fad27f105199117e1	v12/docs/perf-baselines/2026-07-18-fasta-generation-treewalker-smoke.json
untracked	supporting-performance-report	archive-supporting	116	6127	f53306fabc108819bfaf13feaf00e5908e0b2b1c4664e4f5504bdff73c544210	v12/docs/perf-baselines/2026-07-18-fasta-write-all-gate.md
untracked	raw-performance-evidence	archive-raw	11	1112	762501202f13344fc8b0363e22b971577469cb4a410436c48d138d07625aa357	v12/docs/perf-baselines/2026-07-18-mandelbrot-slot-not-nil-causal-ab.tsv
untracked	raw-performance-evidence	archive-raw	105	3135	af5a6a026f225f6bb66a0d5088e6e8a4e91462dfb6055e88060a96c33bfad37c	v12/docs/perf-baselines/2026-07-18-mandelbrot-write-all-baseline-third.json
untracked	raw-performance-evidence	archive-raw	105	3136	bcae321ef06cb7f511f24318134313da4ce64bc4ef4ac570a681bf039bca77d5	v12/docs/perf-baselines/2026-07-18-mandelbrot-write-all-candidate-third.json
untracked	raw-performance-evidence	archive-raw	1296	45038	5dc32ae1eee062ed428cc4de6848ee80c7735278b27d843d5fe91eb7b97d705d	v12/docs/perf-baselines/2026-07-18-post-quickening-bytecode-async-expanded.json
untracked	supporting-performance-report	archive-supporting	19	1821	523872edad7584d45b1585464b4ba993d293c075755ddcefd8d0015baea8fe76	v12/docs/perf-baselines/2026-07-18-post-quickening-bytecode-async-expanded.md
untracked	raw-performance-evidence	archive-raw	1296	45027	8270953a7d22cf630d46ead8dc66614e1d3d93e2f780c69a1424536ae4c4c1f0	v12/docs/perf-baselines/2026-07-18-post-quickening-bytecode-async.json
untracked	supporting-performance-report	archive-supporting	19	1820	7d53c42f6e5479aeb19996c3fb68d9e63ae2a8be96c1997b61080fdb4a186e63	v12/docs/perf-baselines/2026-07-18-post-quickening-bytecode-async.md
untracked	raw-performance-evidence	archive-raw	1304	45274	22d61bf5b15c58c1f1e6f23db891cab733904265fd8be442c55ddaa4df3182fc	v12/docs/perf-baselines/2026-07-18-post-quickening-bytecode-coverage-expanded.json
untracked	supporting-performance-report	archive-supporting	19	1842	8a687aa01bfe11cadcde2b685eadf70eada366d8b4ff330f5ae986df3415a5d0	v12/docs/perf-baselines/2026-07-18-post-quickening-bytecode-coverage-expanded.md
untracked	raw-performance-evidence	archive-raw	2383	82951	1be18624f1445314ddcd37c79440974eae38b2cfa9c8685abe34b3f2611b1865	v12/docs/perf-baselines/2026-07-18-post-quickening-bytecode-coverage.json
untracked	supporting-performance-report	archive-supporting	24	2803	fd3921372850302174f7ae8c43d05f3bb71aac520a50f82abd0bef09958456ae	v12/docs/perf-baselines/2026-07-18-post-quickening-bytecode-coverage.md
untracked	raw-performance-evidence	archive-raw	663	22671	228979ed93ab73ba3d408718a28115837bec5d1c395fccc8a0db3201dd9fbf0f	v12/docs/perf-baselines/2026-07-18-post-quickening-bytecode-generality-expanded.json
untracked	supporting-performance-report	archive-supporting	16	1208	9b9d1ab8423b80b905a73f3afd1f0b2362d5869150cd7eb69c866c0f9541243d	v12/docs/perf-baselines/2026-07-18-post-quickening-bytecode-generality-expanded.md
untracked	raw-performance-evidence	archive-raw	2158	74557	56e6489de4cf5949068f56855f4052bfe42bbf08a73159972b8848b4fb245ba7	v12/docs/perf-baselines/2026-07-18-post-quickening-bytecode-generality.json
untracked	supporting-performance-report	archive-supporting	23	2477	746c7fefc771f4a2117acc844084eef71f46b309e6c6dac973be4e12b289e1f8	v12/docs/perf-baselines/2026-07-18-post-quickening-bytecode-generality.md
untracked	supporting-performance-report	archive-supporting	133	7052	d1c6c654253baa271ce148dcff2001fe5ba77aa3ccb5f161e417b7b68fa6cc67	v12/docs/perf-baselines/2026-07-18-post-quickening-bytecode-scorecard-reconciliation.md
untracked	raw-performance-evidence	archive-raw	84	114617	eebac54c31107b595ff67189b60aa81f8c7451e16de2b230bcfdd408b4ac0f52	v12/docs/perf-baselines/2026-07-18-post-quickening-bytecode-scorecard.json
untracked	supporting-performance-report	archive-supporting	127	12968	a7f8f9f3487425d2ed1c2c0b871ffe9091ad4b22704399b2d0afe9eab9848e50	v12/docs/perf-baselines/2026-07-18-post-quickening-bytecode-scorecard.md
untracked	raw-performance-evidence	archive-raw	8	272	2f735b0b727ad688f0e32ed7647b97151a46c8833ac09983842464f3e76101f0	v12/docs/perf-baselines/2026-07-18-post-quickening-bytecode-stdlib-source-state.json
untracked	supporting-performance-report	archive-supporting	130	7379	166f59006e0d6e87cc6417d2bcde8b2d23c2a0b706a5e96be39e84896511aa25	v12/docs/perf-baselines/2026-07-18-post-quickening-top-miss-bytecode-profile-reconciliation.md
untracked	raw-performance-evidence	archive-raw	57	1636	903ac82cd9772c25adbcb17e1161f9299ef1ef4fc7a47edb6080aebc63ddd261	v12/docs/perf-baselines/2026-07-18-post-quickening-top-miss-profiles/distance_field.json
untracked	raw-performance-evidence	archive-raw	57	1640	6aa7fbd9c1bd9df0516d2ad743292997ed8a27f3b0a79e8f9c04e0bdf6dfbde7	v12/docs/perf-baselines/2026-07-18-post-quickening-top-miss-profiles/fixed_width_128.json
untracked	raw-performance-evidence	archive-raw	59	1666	d25f8eabf13e430ab2568b1a849f4e7b342d418184d6e7b7f3eba30a470c120f	v12/docs/perf-baselines/2026-07-18-post-quickening-top-miss-profiles/k_nucleotide.json
untracked	raw-performance-evidence	archive-raw	57	1621	0b8ecb52870fb8e4512b66aff6bb7dd1ea85616359864dc5a4534243593f11f2	v12/docs/perf-baselines/2026-07-18-post-quickening-top-miss-profiles/mandelbrot.json
untracked	raw-performance-evidence	archive-raw	59	1689	91f2e88857e57f87230cd2eddc318ae39e47f67d3aa074a1d1d3fbea4ba09c98	v12/docs/perf-baselines/2026-07-18-post-quickening-top-miss-profiles/reverse_complement.json
untracked	raw-performance-evidence	archive-raw	1296	45032	807cccab29ca025680c6d9cfcdaeaa2e798158722bafd7d566b4033015340ed5	v12/docs/perf-baselines/2026-07-18-post-slot-not-nil-bytecode-async-expanded.json
untracked	supporting-performance-report	archive-supporting	19	1820	9d6b435491b293fce0d2e6f339df16276054a0f2907bb020684e318944cdf1d6	v12/docs/perf-baselines/2026-07-18-post-slot-not-nil-bytecode-async-expanded.md
untracked	raw-performance-evidence	archive-raw	1296	45031	cfe25ad70131779324560df953455ce4cee3f4af81fb88adb7b01ae3bf1c9138	v12/docs/perf-baselines/2026-07-18-post-slot-not-nil-bytecode-async.json
untracked	supporting-performance-report	archive-supporting	19	1820	e9c33dc890a9431daf52a7d26ec445276b352be32b05524e83e4b45705cbc2e8	v12/docs/perf-baselines/2026-07-18-post-slot-not-nil-bytecode-async.md
untracked	raw-performance-evidence	archive-raw	2383	82965	ec98a39967b2aad96ae7988959035a85437c9690a2e8c968c6af588dfce6c888	v12/docs/perf-baselines/2026-07-18-post-slot-not-nil-bytecode-coverage.json
untracked	supporting-performance-report	archive-supporting	24	2802	7b5b2c1729f9f7e553dcac7411f61b87cd077da0f91046c59882fc91c0057c97	v12/docs/perf-baselines/2026-07-18-post-slot-not-nil-bytecode-coverage.md
untracked	raw-performance-evidence	archive-raw	1093	37679	7415bb26618b1bc4f30b713e5e0fc5ab12c6bcaf7c23d6c618ccb2b1b9c77ca8	v12/docs/perf-baselines/2026-07-18-post-slot-not-nil-bytecode-generality-expanded.json
untracked	supporting-performance-report	archive-supporting	18	1579	b4bdc3cb748b1f3c58ece129266c7ad2165b748fd2b717c5134ea9c6043c547f	v12/docs/perf-baselines/2026-07-18-post-slot-not-nil-bytecode-generality-expanded.md
untracked	raw-performance-evidence	archive-raw	2158	74575	92131f6b3cb46b5dcb5c1edce25410762cbff2201b9c29015a74186c1118922a	v12/docs/perf-baselines/2026-07-18-post-slot-not-nil-bytecode-generality.json
untracked	supporting-performance-report	archive-supporting	23	2476	72585c54a795e397df94dd11dfa35d4dc4b529f7d003d0a8ba60ae25be20a266	v12/docs/perf-baselines/2026-07-18-post-slot-not-nil-bytecode-generality.md
untracked	supporting-performance-report	archive-supporting	149	7400	05712ed07cc859d8d121e7546b873b48c0521682d51545e47dbb54eb3304d1c9	v12/docs/perf-baselines/2026-07-18-post-slot-not-nil-bytecode-scorecard-reconciliation.md
untracked	raw-performance-evidence	archive-raw	84	114640	1ef925698e1b5d5b0349f58fa62222018212364ccded16892ea320a3545b8f43	v12/docs/perf-baselines/2026-07-18-post-slot-not-nil-bytecode-scorecard-rejected.json
untracked	supporting-performance-report	archive-supporting	127	12972	b1f8e7af3b15b7b2e8998571c5a0a91006853098a6213ee397f7657170d052a8	v12/docs/perf-baselines/2026-07-18-post-slot-not-nil-bytecode-scorecard-rejected.md
untracked	raw-performance-evidence	archive-raw	8	272	2f735b0b727ad688f0e32ed7647b97151a46c8833ac09983842464f3e76101f0	v12/docs/perf-baselines/2026-07-18-post-slot-not-nil-bytecode-stdlib-source-state.json
untracked	raw-performance-evidence	archive-raw	233	7857	dc04f9a27269b81b57a08c991a059928e8a41969b6650cdf705ce91c4e4f2e9b	v12/docs/perf-baselines/2026-07-18-post-string-classification-bytecode-b.json
untracked	supporting-performance-report	archive-supporting	14	868	31a447bd7b570ce62718e462cc215c740e3a760b77bce859a98b0d7ff3979d20	v12/docs/perf-baselines/2026-07-18-post-string-classification-bytecode-b.md
untracked	raw-performance-evidence	archive-raw	848	28471	b6b125ff30a0f04d04baff3314604e3f4712ecea08c9d750eca73918dd4d359d	v12/docs/perf-baselines/2026-07-18-post-string-classification-compiled-b.json
untracked	supporting-performance-report	archive-supporting	18	1392	a3b3add04286fc1a4c0fc1ae35ca403d6b965797ce0a11a2244495029f7c7b7f	v12/docs/perf-baselines/2026-07-18-post-string-classification-compiled-b.md
untracked	raw-performance-evidence	archive-raw	246	8144	4c8dc181aef05825c13af7676d1fb6fc51cccbb00bda57132dd0efc042969986	v12/docs/perf-baselines/2026-07-18-post-string-classification-matrix-extended.json
untracked	supporting-performance-report	archive-supporting	14	784	0ee5b074719b2ef1b6477acc6184da1621ebc2f320d939a2e89fd2041b4558f2	v12/docs/perf-baselines/2026-07-18-post-string-classification-matrix-extended.md
untracked	raw-performance-evidence	archive-raw	663	22952	c1e153aa55a37ff2198b15023b4ed06dda95a834ba452c2fe0af7a59ae10677d	v12/docs/perf-baselines/2026-07-18-post-string-compiled-selection-async-bytecode-01-selected.json
untracked	supporting-performance-report	archive-supporting	16	1257	d201a2d0c4cc99f9506bcd92b84d2c60d386132a8699096e6a469240ec916b07	v12/docs/perf-baselines/2026-07-18-post-string-compiled-selection-async-bytecode-01-selected.md
untracked	raw-performance-evidence	archive-raw	655	22667	dae9d275d0da4772570d4370c7a5eddaff57ab78bef659128e4d368f95a644b8	v12/docs/perf-baselines/2026-07-18-post-string-compiled-selection-async-bytecode-02-selected.json
untracked	supporting-performance-report	archive-supporting	16	1261	afc8571c833a3612d1dddeb94e0aecceb8a5dc009fdbcaac3a843a8272618581	v12/docs/perf-baselines/2026-07-18-post-string-compiled-selection-async-bytecode-02-selected.md
untracked	raw-performance-evidence	archive-raw	518	17663	339dd7964965234c0134f147cd0bf22031caa75965337bf70bcf5d0eb0f74a5d	v12/docs/perf-baselines/2026-07-18-post-string-compiled-selection-async-compiled-01-selected.json
untracked	supporting-performance-report	archive-supporting	16	1122	516fc62768ccf1803f5c953e00576308e255e598ec8f1972d4a64e820e6734f1	v12/docs/perf-baselines/2026-07-18-post-string-compiled-selection-async-compiled-01-selected.md
untracked	raw-performance-evidence	archive-raw	510	17379	45e84c2a573cb0cbc842224bc15162fd138185ad6808647d93a32a6cc1101563	v12/docs/perf-baselines/2026-07-18-post-string-compiled-selection-async-compiled-02-selected.json
untracked	supporting-performance-report	archive-supporting	16	1128	073c8e48a8d975bd03ebe8c9f1403449bd415d369809fbb388c91718e2971416	v12/docs/perf-baselines/2026-07-18-post-string-compiled-selection-async-compiled-02-selected.md
untracked	raw-performance-evidence	archive-raw	324	10452	a5351eb29a9e9b233514f072170e36a5e73ffd034eaa844057572cc934bf44fa	v12/docs/perf-baselines/2026-07-18-post-string-compiled-selection-async-go-reference.json
untracked	supporting-performance-report	archive-supporting	17	1570	ee77b2dbe86154e542d0346cf8b7a5943a5d221883bdc6cd12d75508d42907dd	v12/docs/perf-baselines/2026-07-18-post-string-compiled-selection-async-go-reference.md
untracked	raw-performance-evidence	archive-raw	683	22116	6b6b2bc38dc80d37e17b312f45dceab53d65f4d3d0bad3efe61c45d5f6e16e80	v12/docs/perf-baselines/2026-07-18-post-string-compiled-selection-async-interpreter-reference-selected.json
untracked	supporting-performance-report	archive-supporting	24	3207	d33dd493177b940ea187d0cd349dff54ab78be706aead39cfe553624e6e69c5c	v12/docs/perf-baselines/2026-07-18-post-string-compiled-selection-async-interpreter-reference-selected.md
untracked	raw-performance-evidence	archive-raw	184	6149	cd2779f99b6ddd8daa7c8af62c9ee6c626fa0afdf53246fbdc84b277fcc814c7	v12/docs/perf-baselines/2026-07-18-post-string-compiled-selection-classification-carryover-binarytrees.json
untracked	raw-performance-evidence	archive-raw	184	6046	d3657cd93590a8a2e9116035a3ef196d2a122967cb5ee5f442a27ecf7216e234	v12/docs/perf-baselines/2026-07-18-post-string-compiled-selection-classification-carryover-json.json
untracked	raw-performance-evidence	archive-raw	347	11653	64804e7812c275c008f358b6ac8d8372863342282ff483f01a1d0284cc7042bd	v12/docs/perf-baselines/2026-07-18-post-string-compiled-selection-classification-carryover-monte-mandel.json
untracked	raw-performance-evidence	archive-raw	663	22891	2c66af34a8d82b4dc759f1811f1c2f2a40fefed29f5b14d9fb7415d59689402e	v12/docs/perf-baselines/2026-07-18-post-string-compiled-selection-coverage-extra-bytecode-01-selected.json
untracked	supporting-performance-report	archive-supporting	16	1266	0b1f6299f29ba4a3a2ab4237bcb1cf22964085a926c72ab1ce0dd267483a8420	v12/docs/perf-baselines/2026-07-18-post-string-compiled-selection-coverage-extra-bytecode-01-selected.md
untracked	raw-performance-evidence	archive-raw	460	15864	3b67f4750769750e716187938b22e1ee1bf5c9ca7b826289c8bfbec44507f79a	v12/docs/perf-baselines/2026-07-18-post-string-compiled-selection-coverage-extra-bytecode-02-selected.json
untracked	supporting-performance-report	archive-supporting	15	1074	1129a742a03b062af815d1fa19fc17fa916ed911b092bf8bad8f73088b579b3d	v12/docs/perf-baselines/2026-07-18-post-string-compiled-selection-coverage-extra-bytecode-02-selected.md
untracked	raw-performance-evidence	archive-raw	143	4696	8707593608a4b3e6ac7f15c6a1f8294ebdbfc4feb95d809ce8c46d2005a256d1	v12/docs/perf-baselines/2026-07-18-post-string-compiled-selection-coverage-extra-bytecode-02-status.json
untracked	supporting-performance-report	archive-supporting	14	826	688a88796bdfa64e5f604acf85e96bdc7d6d56912eacab8e93a20cf1961ba299	v12/docs/perf-baselines/2026-07-18-post-string-compiled-selection-coverage-extra-bytecode-02-status.md
untracked	raw-performance-evidence	archive-raw	671	23286	92cabb89ade7041d0712b098cdb9e5bfaa0db5092727e56f896d9edaa7feefd7	v12/docs/perf-baselines/2026-07-18-post-string-compiled-selection-coverage-extra-bytecode-03-selected.json
untracked	supporting-performance-report	archive-supporting	16	1282	9414b55074f9bc1a189f255e117b34ec3e030a743efa1f2faec88a67d8a34f86	v12/docs/perf-baselines/2026-07-18-post-string-compiled-selection-coverage-extra-bytecode-03-selected.md
untracked	raw-performance-evidence	archive-raw	655	22729	e0333a5051c27a8ae11399b96725106e80996b938f8d0d95d806e645afcf00c3	v12/docs/perf-baselines/2026-07-18-post-string-compiled-selection-coverage-extra-bytecode-04-selected.json
untracked	supporting-performance-report	archive-supporting	16	1293	c399fda6ce4853f10e2cfd989497434ffc21bcd2d22dfa9a04da6105c11d6c27	v12/docs/perf-baselines/2026-07-18-post-string-compiled-selection-coverage-extra-bytecode-04-selected.md
untracked	raw-performance-evidence	archive-raw	518	17551	27add3a5b9acf40bcb22cd68cbb2f3bbfbf8c57968f9bfa3d9d8c81967c43ef8	v12/docs/perf-baselines/2026-07-18-post-string-compiled-selection-coverage-extra-compiled-01-selected.json
untracked	supporting-performance-report	archive-supporting	16	1127	1aebacffdce07e99acb6afb6ab8d3c4bc76abd6b2d67cd970199be57085c66ac	v12/docs/perf-baselines/2026-07-18-post-string-compiled-selection-coverage-extra-compiled-01-selected.md
untracked	raw-performance-evidence	archive-raw	534	18181	1fa7f251ee1992bc5db1995d06c659842fc48932ae24b859da99ca6c9d6650c3	v12/docs/perf-baselines/2026-07-18-post-string-compiled-selection-coverage-extra-compiled-02-selected.json
untracked	supporting-performance-report	archive-supporting	16	1131	8879cefbc2e1b0133fe92d48245bfdbe67dbbac91c1bedc67a099b07228533fa	v12/docs/perf-baselines/2026-07-18-post-string-compiled-selection-coverage-extra-compiled-02-selected.md
untracked	raw-performance-evidence	archive-raw	526	17932	6b74ddeb5fdc15166b579968cfd9fb9feb2f750612e67d5b55c2125b0fa97d0f	v12/docs/perf-baselines/2026-07-18-post-string-compiled-selection-coverage-extra-compiled-03-selected.json
untracked	supporting-performance-report	archive-supporting	16	1141	6ad9887e62936569b001a16b8d2aebef30bd614c599553146363d9938c3a7906	v12/docs/perf-baselines/2026-07-18-post-string-compiled-selection-coverage-extra-compiled-03-selected.md
untracked	raw-performance-evidence	archive-raw	510	17386	c096f49f46e88969a0454d8c5444e9e5e1991e96109c8256023e4e63e29ec5ad	v12/docs/perf-baselines/2026-07-18-post-string-compiled-selection-coverage-extra-compiled-04-selected.json
untracked	supporting-performance-report	archive-supporting	16	1155	6c874b02ee7ff14d6354e4816f22ddbed6a21e969f21c9f16fac29b77654ab42	v12/docs/perf-baselines/2026-07-18-post-string-compiled-selection-coverage-extra-compiled-04-selected.md
untracked	raw-performance-evidence	archive-raw	636	20528	db076bc7dd0c4abae355878a445f5e03e1448f184d0eae530d8eede52e5e9c57	v12/docs/perf-baselines/2026-07-18-post-string-compiled-selection-coverage-extra-go-reference.json
untracked	supporting-performance-report	archive-supporting	23	2827	3df60723c5c7d330a2bc464636eac4db89a09c329ffff9fef28e8fee9f425de4	v12/docs/perf-baselines/2026-07-18-post-string-compiled-selection-coverage-extra-go-reference.md
untracked	raw-performance-evidence	archive-raw	1233	39980	8b8dc9810db0674f03e8ea70b0239a6b45bac00795e1eac02a09594a29304bd2	v12/docs/perf-baselines/2026-07-18-post-string-compiled-selection-coverage-extra-interpreter-reference-selected.json
untracked	supporting-performance-report	archive-supporting	34	5511	e9c484845765a8482198de433f25711977f673ce4baab1d2e17b14f01c61bcd8	v12/docs/perf-baselines/2026-07-18-post-string-compiled-selection-coverage-extra-interpreter-reference-selected.md
untracked	raw-performance-evidence	archive-raw	85	2631	fc2e709e85013e798d12d9375075e2f58d01e0b9ab1da8314546d0c82ec7634c	v12/docs/perf-baselines/2026-07-18-post-string-compiled-selection-coverage-extra-interpreter-reference-status.json
untracked	supporting-performance-report	archive-supporting	14	925	04e182655556463cb5877ae7fef955267d864a29d5826f34e706218bf4fc97fa	v12/docs/perf-baselines/2026-07-18-post-string-compiled-selection-coverage-extra-interpreter-reference-status.md
untracked	raw-performance-evidence	archive-raw	138	4375	45e718e6f28db0842830f52c29561b3b14b7031df6e6908c61c9483f2e0b3050	v12/docs/perf-baselines/2026-07-18-post-string-compiled-selection-generality-bytecode-01-selected.json
untracked	supporting-performance-report	archive-supporting	14	874	bae9e42d403f7cf09d68d94f904d62695de148596fcd6b3fbc85c351f035a403	v12/docs/perf-baselines/2026-07-18-post-string-compiled-selection-generality-bytecode-01-selected.md
untracked	raw-performance-evidence	archive-raw	177	5532	b0eea7af372e369b895fbd815612a0db644dad46e38bd5fc1f6f209cf76dbdf6	v12/docs/perf-baselines/2026-07-18-post-string-compiled-selection-generality-bytecode-01-status.json
untracked	supporting-performance-report	archive-supporting	15	960	0cdc0d0c5f031d0af99aa311e84bf4e046a1e2d3b094382e652d0550945339f5	v12/docs/perf-baselines/2026-07-18-post-string-compiled-selection-generality-bytecode-01-status.md
untracked	raw-performance-evidence	archive-raw	248	8059	f30bd9ef560d14e5e1e5c628ab7227588df8dcff21e891ef59bdb74055699b0a	v12/docs/perf-baselines/2026-07-18-post-string-compiled-selection-generality-bytecode-02-status.json
untracked	supporting-performance-report	archive-supporting	15	920	528176dfd3e5657aa0ab04705789478f5f7452d7bed8d3501817d4245d81499d	v12/docs/perf-baselines/2026-07-18-post-string-compiled-selection-generality-bytecode-02-status.md
untracked	raw-performance-evidence	archive-raw	663	22674	e5762f149957dfedaa8dbcfedc3f45f1af76be6267a90dd3f4407e4dcfe1e174	v12/docs/perf-baselines/2026-07-18-post-string-compiled-selection-generality-bytecode-03-selected.json
untracked	supporting-performance-report	archive-supporting	16	1208	c897e7bd2b5c2edcca35d827fdee8e40e0fa669a570137d29f3bc488629cc2e1	v12/docs/perf-baselines/2026-07-18-post-string-compiled-selection-generality-bytecode-03-selected.md
untracked	raw-performance-evidence	archive-raw	657	22540	fbf61468ff57a1cda22225c4db87097413138a2e1d283bdcc684630caf11fa69	v12/docs/perf-baselines/2026-07-18-post-string-compiled-selection-generality-bytecode-04-selected.json
untracked	supporting-performance-report	archive-supporting	16	1233	99612d8405a8dbb8c17e8e3767e5f5289469ec2569e68d0ebb3ba1273b0a61a5	v12/docs/perf-baselines/2026-07-18-post-string-compiled-selection-generality-bytecode-04-selected.md
untracked	raw-performance-evidence	archive-raw	460	15954	0cd8af74af51127a0c4c06067834eec3c5a278c9d564c3b03cc1bdb9876f8575	v12/docs/perf-baselines/2026-07-18-post-string-compiled-selection-generality-bytecode-05-selected.json
untracked	supporting-performance-report	archive-supporting	15	1078	3885f083d50f424c0b0b81b4c6e70cb6706d68f318ff38b4d41b7f2d5481f4b8	v12/docs/perf-baselines/2026-07-18-post-string-compiled-selection-generality-bytecode-05-selected.md
untracked	raw-performance-evidence	archive-raw	207	6591	a31a0330dd8acbf55dada1e951b746d715957ec85eb194077bd5cf5ab0bbeefa	v12/docs/perf-baselines/2026-07-18-post-string-compiled-selection-generality-bytecode-06-status.json
untracked	supporting-performance-report	archive-supporting	15	912	725358414ca8835dbf479647c729915d0de88e5735981d0da7d68f45f03910ed	v12/docs/perf-baselines/2026-07-18-post-string-compiled-selection-generality-bytecode-06-status.md
untracked	raw-performance-evidence	archive-raw	444	15215	837636887fce882b2af4eb82d01410ca91f519a88d1163e90d11b3a4e003d543	v12/docs/perf-baselines/2026-07-18-post-string-compiled-selection-generality-bytecode-07-selected.json
untracked	supporting-performance-report	archive-supporting	15	1058	7b96e3acfd87d3beefba6864caf1d8582b858e0df1f62a2d67f0d4e7b3a2b1e2	v12/docs/perf-baselines/2026-07-18-post-string-compiled-selection-generality-bytecode-07-selected.md
untracked	raw-performance-evidence	archive-raw	512	17193	4bb8bc376bc4af011b5c34fd7ac8641beb887e5aa682d479dc24ede52e25bb2f	v12/docs/perf-baselines/2026-07-18-post-string-compiled-selection-generality-compiled-01-selected.json
untracked	supporting-performance-report	archive-supporting	16	1090	2ba1e790de3d06603738c54251637a3102497266dafb70df18c503175a2a92d1	v12/docs/perf-baselines/2026-07-18-post-string-compiled-selection-generality-compiled-01-selected.md
untracked	raw-performance-evidence	archive-raw	347	11660	452c2291bc618a0979e45ff0671da7e2805c01cbbab6a2ab52d1fd4386041c63	v12/docs/perf-baselines/2026-07-18-post-string-compiled-selection-generality-compiled-02-selected.json
untracked	supporting-performance-report	archive-supporting	15	937	cd030e75a4ec4b23bb53763d6b20fa8963da4d011b6489da3dbd4a87bacc9e72	v12/docs/perf-baselines/2026-07-18-post-string-compiled-selection-generality-compiled-02-selected.md
untracked	raw-performance-evidence	archive-raw	518	17363	542a3c31e3ae6f02d9806f113f12635014aa31221c39f1be9eae600ad29d939c	v12/docs/perf-baselines/2026-07-18-post-string-compiled-selection-generality-compiled-03-selected.json
untracked	supporting-performance-report	archive-supporting	16	1072	f46cecd1f43258f67fc9d09fbbc851a71efffc1c6152d4754c5fc77829a461de	v12/docs/perf-baselines/2026-07-18-post-string-compiled-selection-generality-compiled-03-selected.md
untracked	raw-performance-evidence	archive-raw	512	17199	56b783e80df6a0492e704d2c446c25b88f64e3f5b266d1f677de78556442cd3b	v12/docs/perf-baselines/2026-07-18-post-string-compiled-selection-generality-compiled-04-selected.json
untracked	supporting-performance-report	archive-supporting	16	1096	fc69a7e8ca89d71a03f638e5487e091075239fc6334e7139fa6bb569d025f405	v12/docs/perf-baselines/2026-07-18-post-string-compiled-selection-generality-compiled-04-selected.md
untracked	raw-performance-evidence	archive-raw	363	12353	8d98bd811f64a9889f1e236f4ccea051bdc114001aa85b1a28abc3facac82f4b	v12/docs/perf-baselines/2026-07-18-post-string-compiled-selection-generality-compiled-05-selected.json
untracked	supporting-performance-report	archive-supporting	15	954	c729445720193f9142802212c1f1340413abecceec88b86c5ef58792e85ad7da	v12/docs/perf-baselines/2026-07-18-post-string-compiled-selection-generality-compiled-05-selected.md
untracked	raw-performance-evidence	archive-raw	355	11919	d93058a37a5fbe251e4bd01f35c5740d71d4175f2ed63c32784ad9e3ee26ed59	v12/docs/perf-baselines/2026-07-18-post-string-compiled-selection-generality-compiled-06-selected.json
untracked	supporting-performance-report	archive-supporting	15	937	fe910e06f6b3c38c9e57d09e56c3cbebaa012ee6340710bba963b9a82b4d21ec	v12/docs/perf-baselines/2026-07-18-post-string-compiled-selection-generality-compiled-06-selected.md
untracked	raw-performance-evidence	archive-raw	347	11641	f4814119884168e11d3df04b9edd0e056379600d859db5603450eaf870e5f485	v12/docs/perf-baselines/2026-07-18-post-string-compiled-selection-generality-compiled-07-selected.json
untracked	supporting-performance-report	archive-supporting	15	937	006cabe4166cc25c7b6e5e64302ed1b65136a7356e4f23b45517ec892f3878b8	v12/docs/perf-baselines/2026-07-18-post-string-compiled-selection-generality-compiled-07-selected.md
untracked	raw-performance-evidence	archive-raw	900	29049	365f7364d2b5005bd242fb4e69701067a53ee15a92f9de72de1f4010f7041187	v12/docs/perf-baselines/2026-07-18-post-string-compiled-selection-generality-go-reference.json
untracked	supporting-performance-report	archive-supporting	28	4041	dc7de19999a3767a250f2b989aae6ac4d86c956bc62447c807bd1d3225b8f504	v12/docs/perf-baselines/2026-07-18-post-string-compiled-selection-generality-go-reference.md
untracked	raw-performance-evidence	archive-raw	1189	38475	f09be47a6d9cf732a843a21e5b535126a71e6c1c1a880a7cc54cf70ff70d7b1f	v12/docs/perf-baselines/2026-07-18-post-string-compiled-selection-generality-interpreter-reference-selected.json
untracked	supporting-performance-report	archive-supporting	34	5812	070dbbfd34a99e62333781d5420e66f7f9695e692d886cacc1ddfa5ee211a4ba	v12/docs/perf-baselines/2026-07-18-post-string-compiled-selection-generality-interpreter-reference-selected.md
untracked	raw-performance-evidence	archive-raw	385	11628	bbf18a1514aeafaf2aeda0ff583c563563ef5a75e7966c30f809504175d20cee	v12/docs/perf-baselines/2026-07-18-post-string-compiled-selection-generality-interpreter-reference-status.json
untracked	supporting-performance-report	archive-supporting	24	2818	fbb1bbcb57741240fd844386717aefc11159d02fdd4f7403fb287478dfeceaaa	v12/docs/perf-baselines/2026-07-18-post-string-compiled-selection-generality-interpreter-reference-status.md
untracked	raw-performance-evidence	archive-raw	84	116690	9142ee3ceb13f2782400bc4c11f513815e1d5288995b4724fc58212ef99286f3	v12/docs/perf-baselines/2026-07-18-post-string-compiled-selection-reconciled-refresh.json
untracked	supporting-performance-report	archive-supporting	134	14129	0003728e9b8e27b9172b919695ff48830996bafff6134d962b0e5d3352a14866	v12/docs/perf-baselines/2026-07-18-post-string-compiled-selection-reconciled-refresh.md
untracked	raw-performance-evidence	archive-raw	84	116438	68b9677e13e6ad34d3d458693f0417eb754ce1dadc58c11abe5df829cdc3abeb	v12/docs/perf-baselines/2026-07-18-post-string-compiled-selection-refresh.json
untracked	supporting-performance-report	archive-supporting	133	13991	2096bdc3cb0b25da79a1f4fda1bfcdaf6c76e7f6f26777821408332968dc0dca	v12/docs/perf-baselines/2026-07-18-post-string-compiled-selection-refresh.md
untracked	raw-performance-evidence	archive-raw	8	272	2f735b0b727ad688f0e32ed7647b97151a46c8833ac09983842464f3e76101f0	v12/docs/perf-baselines/2026-07-18-post-string-compiled-selection-stdlib-source-state.json
untracked	supporting-performance-report	archive-supporting	133	7666	1d2e517782629aab21cd380e5e024959da5eaf648f2c78e3e38969fd274ccc18	v12/docs/perf-baselines/2026-07-18-post-string-full-scorecard-reconciliation.md
untracked	raw-performance-evidence	archive-raw	673	22660	304e0aed88c9a5869794d474445a500b4d22685d06865fbe87c37a6e0f926c7a	v12/docs/perf-baselines/2026-07-18-post-write-all-near-threshold-compiled-b.json
untracked	supporting-performance-report	archive-supporting	17	1221	076f6a3a68f5609c781a89f4502762f311b71327737acf76c148cd884aeb7ec0	v12/docs/perf-baselines/2026-07-18-post-write-all-near-threshold-compiled-b.md
untracked	raw-performance-evidence	archive-raw	224	7308	0a718fe8d574777250b9af18fef98e01883052fc49818291984d800470fec81e	v12/docs/perf-baselines/2026-07-18-post-write-all-near-threshold-go-b.json
untracked	supporting-performance-report	archive-supporting	15	1405	cb51b53353834c9cf2c01902b7f4bbeba23326018208c8e448332a3555d56768	v12/docs/perf-baselines/2026-07-18-post-write-all-near-threshold-go-b.md
untracked	supporting-performance-report	archive-supporting	109	5563	ad77df32400f9994387a426569169956251331002f4983aae432400d7f997b6a	v12/docs/perf-baselines/2026-07-18-post-write-all-scorecard-reconciliation.md
untracked	raw-performance-evidence	archive-raw	663	22935	c5d016b9516f6d4837d6172443cb97dd37ff020afaf5d0a084c1d2a8e037b08c	v12/docs/perf-baselines/2026-07-18-post-write-all-selection-async-bytecode-01-selected.json
untracked	supporting-performance-report	archive-supporting	16	1252	ab4cd92a433ba796caf670eb9ef9509b11d7703aca20edc18f8828c345959292	v12/docs/perf-baselines/2026-07-18-post-write-all-selection-async-bytecode-01-selected.md
untracked	raw-performance-evidence	archive-raw	655	22654	4dc59a1c949d40c711fa10dd67789db42d72cb4b86746a6a94f7dbfa95293a76	v12/docs/perf-baselines/2026-07-18-post-write-all-selection-async-bytecode-02-selected.json
untracked	supporting-performance-report	archive-supporting	16	1256	ef6dea4404a86614a83be8fd174351550e8f6c9a7092536819857a3a713b700a	v12/docs/perf-baselines/2026-07-18-post-write-all-selection-async-bytecode-02-selected.md
untracked	raw-performance-evidence	archive-raw	518	17660	c3341bd1dd55422a91156c5c3aca4adb403860671f43ea3f5f8801cd8f6d1e97	v12/docs/perf-baselines/2026-07-18-post-write-all-selection-async-compiled-01-selected.json
untracked	supporting-performance-report	archive-supporting	16	1117	9141c03b2bf0a8229312e1ac3fc6eb503d590639388ec7502db8f4f76b40aca5	v12/docs/perf-baselines/2026-07-18-post-write-all-selection-async-compiled-01-selected.md
untracked	raw-performance-evidence	archive-raw	510	17376	a8500f8397ddc8373ecf6aced2844ebe61470c028bd29fce743eda8bd50d0d33	v12/docs/perf-baselines/2026-07-18-post-write-all-selection-async-compiled-02-selected.json
untracked	supporting-performance-report	archive-supporting	16	1123	a4218c8b149787642d3fa70d76b08ecea0cb94a0ceb8b3ff1528385637e62658	v12/docs/perf-baselines/2026-07-18-post-write-all-selection-async-compiled-02-selected.md
untracked	raw-performance-evidence	archive-raw	324	10449	fee14ce4a1dec091cfcc0e7e7b5c1037478e18a20a7e081a8b4dc31906f187d7	v12/docs/perf-baselines/2026-07-18-post-write-all-selection-async-go-reference.json
untracked	supporting-performance-report	archive-supporting	17	1571	dee869fc63aff6daba99c87089e7d8ef16b47c59805f28aa22016c492c201a67	v12/docs/perf-baselines/2026-07-18-post-write-all-selection-async-go-reference.md
untracked	raw-performance-evidence	archive-raw	683	22122	eaeaf62beae65a42e782c0b6139effd2a71962400c6a3e38c0e3273f4635fe13	v12/docs/perf-baselines/2026-07-18-post-write-all-selection-async-interpreter-reference-selected.json
untracked	supporting-performance-report	archive-supporting	24	3208	9b460b6c5b51399ed9724eec4d04ca24f18a0ca10f6f2c810481406e31ff7498	v12/docs/perf-baselines/2026-07-18-post-write-all-selection-async-interpreter-reference-selected.md
untracked	raw-performance-evidence	archive-raw	663	22896	8a12c40d5ccb54f08e53cd37df1b57f83a4b64a95ba1308f6cdd60651a496971	v12/docs/perf-baselines/2026-07-18-post-write-all-selection-coverage-extra-bytecode-01-selected.json
untracked	supporting-performance-report	archive-supporting	16	1261	ab3b92634df7efa3c1b662b3126f2c0db8a22613f428940f32b5a34933fed560	v12/docs/perf-baselines/2026-07-18-post-write-all-selection-coverage-extra-bytecode-01-selected.md
untracked	raw-performance-evidence	archive-raw	460	15855	2954e1980e32c438803754b191af10b4fe4143e57d86c0fecba1ea022f0fa866	v12/docs/perf-baselines/2026-07-18-post-write-all-selection-coverage-extra-bytecode-02-selected.json
untracked	supporting-performance-report	archive-supporting	15	1070	ea1e2fad85422b4b0c405838f915bf070a67dbe763af8501f2ec2ac61d784f54	v12/docs/perf-baselines/2026-07-18-post-write-all-selection-coverage-extra-bytecode-02-selected.md
untracked	raw-performance-evidence	archive-raw	143	4691	93b0e4a9f013f946dae689378380725c9bb8bc1394afdd0ac79fb1e56a673e2c	v12/docs/perf-baselines/2026-07-18-post-write-all-selection-coverage-extra-bytecode-02-status.json
untracked	supporting-performance-report	archive-supporting	14	821	cd75e35760b73a94b356a94ebfef2f9c29c79a87432a9a2a229672274e3e0ea5	v12/docs/perf-baselines/2026-07-18-post-write-all-selection-coverage-extra-bytecode-02-status.md
untracked	raw-performance-evidence	archive-raw	671	23281	4b41171421f2a2b8aae631e93b82db3a1d761621ca594e5710d0f1288ee7fc19	v12/docs/perf-baselines/2026-07-18-post-write-all-selection-coverage-extra-bytecode-03-selected.json
untracked	supporting-performance-report	archive-supporting	16	1276	c8990ff406a999528f4f018ae0111aece204597e66351754e8b2e5b2e2444a50	v12/docs/perf-baselines/2026-07-18-post-write-all-selection-coverage-extra-bytecode-03-selected.md
untracked	raw-performance-evidence	archive-raw	655	22731	8525c5c6ac42ac373a627da145918aae482447f2dc84746b3679ad4ddd6de4ea	v12/docs/perf-baselines/2026-07-18-post-write-all-selection-coverage-extra-bytecode-04-selected.json
untracked	supporting-performance-report	archive-supporting	16	1288	9d8df10a2447777f24215cdb1606da273d9825c1eca0e0eff239d78425d84751	v12/docs/perf-baselines/2026-07-18-post-write-all-selection-coverage-extra-bytecode-04-selected.md
untracked	raw-performance-evidence	archive-raw	518	17543	7c57f084ede871075b868971f57cb988df8f5754e7d189f08ea2dec71b01dbaf	v12/docs/perf-baselines/2026-07-18-post-write-all-selection-coverage-extra-compiled-01-selected.json
untracked	supporting-performance-report	archive-supporting	16	1122	00c26b318b9a9b1302b2d3b51f896b7224cdd8ca5d5e25c42136637b2245dca2	v12/docs/perf-baselines/2026-07-18-post-write-all-selection-coverage-extra-compiled-01-selected.md
untracked	raw-performance-evidence	archive-raw	534	18181	eb4e834767abf332ab9024518c7080c51ba652f685e10256fa994357e8f5a25a	v12/docs/perf-baselines/2026-07-18-post-write-all-selection-coverage-extra-compiled-02-selected.json
untracked	supporting-performance-report	archive-supporting	16	1126	c649e61934e629f9220a4860aa60adfd647e9ff1addaeeede4cfbc02721af9b9	v12/docs/perf-baselines/2026-07-18-post-write-all-selection-coverage-extra-compiled-02-selected.md
untracked	raw-performance-evidence	archive-raw	526	17927	404fa60469b68628af4206f43aa76da1da158b4b07e861df21fea960f737e736	v12/docs/perf-baselines/2026-07-18-post-write-all-selection-coverage-extra-compiled-03-selected.json
untracked	supporting-performance-report	archive-supporting	16	1136	f3e7720d649189cb23c4e10d3b5048d4747b38caad4cef0885dd0f635e7f1a9a	v12/docs/perf-baselines/2026-07-18-post-write-all-selection-coverage-extra-compiled-03-selected.md
untracked	raw-performance-evidence	archive-raw	510	17381	e4a5881372aa1ef3a906454aca24abe2d966450f49f25681824ed3ac5bd01c12	v12/docs/perf-baselines/2026-07-18-post-write-all-selection-coverage-extra-compiled-04-selected.json
untracked	supporting-performance-report	archive-supporting	16	1150	500c723fe89bf8d8425e0ae933054dd1f92290f64ef057729af0bee94f74c4ab	v12/docs/perf-baselines/2026-07-18-post-write-all-selection-coverage-extra-compiled-04-selected.md
untracked	raw-performance-evidence	archive-raw	636	20521	c22d5cfcead24d7152324017ea70fe9bc1e1646de5f71199b3e719345f697e6d	v12/docs/perf-baselines/2026-07-18-post-write-all-selection-coverage-extra-go-reference.json
untracked	supporting-performance-report	archive-supporting	23	2828	e527b058576af20a69f217c59315db696e1b96df3f620e6b0d4b19fd1e9f9b1a	v12/docs/perf-baselines/2026-07-18-post-write-all-selection-coverage-extra-go-reference.md
untracked	raw-performance-evidence	archive-raw	1233	39969	a66c003630a7632f8c9fbca0e26f908ebdae076b17088666c96d39b57f9ce9e0	v12/docs/perf-baselines/2026-07-18-post-write-all-selection-coverage-extra-interpreter-reference-selected.json
untracked	supporting-performance-report	archive-supporting	34	5512	cceda2e0c10c515349931a5e95c75d594cb09fd9ca7bf9a66bb6802594b28113	v12/docs/perf-baselines/2026-07-18-post-write-all-selection-coverage-extra-interpreter-reference-selected.md
untracked	raw-performance-evidence	archive-raw	85	2632	5f5b2834b463f0f09e3ad748188012c81fb094cbabbb279bb0d031dd69cea27d	v12/docs/perf-baselines/2026-07-18-post-write-all-selection-coverage-extra-interpreter-reference-status.json
untracked	supporting-performance-report	archive-supporting	14	926	933974e3cf0f92b37d800d1fbadb1a1b44ed8c723239a09ed9d91a952cb3643a	v12/docs/perf-baselines/2026-07-18-post-write-all-selection-coverage-extra-interpreter-reference-status.md
untracked	raw-performance-evidence	archive-raw	294	9479	1f95d98eac5a4dc34ff67431428c539bec5426c2bcd23d6583b63f511387db05	v12/docs/perf-baselines/2026-07-18-post-write-all-selection-generality-bytecode-01-status.json
untracked	supporting-performance-report	archive-supporting	16	1141	a1c65e47ba29469033d4e5ab1da9b5749db61b9849954bd28bc069700ff35be3	v12/docs/perf-baselines/2026-07-18-post-write-all-selection-generality-bytecode-01-status.md
untracked	raw-performance-evidence	archive-raw	248	8055	b4a191731c164862900ef43864fdd8ffe90dd24677f3eaa174c3d11bd17b5e9e	v12/docs/perf-baselines/2026-07-18-post-write-all-selection-generality-bytecode-02-status.json
untracked	supporting-performance-report	archive-supporting	15	915	f0816339108967f0b9140710da5b0ddf533c0c8fd9cac7b8ee78618037ba51e3	v12/docs/perf-baselines/2026-07-18-post-write-all-selection-generality-bytecode-02-status.md
untracked	raw-performance-evidence	archive-raw	663	22670	e948fd45cf7588c9613dea980e45bfba8bbece9189b8098972a7a026d6d99110	v12/docs/perf-baselines/2026-07-18-post-write-all-selection-generality-bytecode-03-selected.json
untracked	supporting-performance-report	archive-supporting	16	1203	965a950b673073fe18b983dfeec8daa0cb1ae30073f9ba0a5dd6b3d7bdfcb8be	v12/docs/perf-baselines/2026-07-18-post-write-all-selection-generality-bytecode-03-selected.md
untracked	raw-performance-evidence	archive-raw	657	22541	fe989334633a69e2ce36053b8f0eac2050b38ead422df9ea304e8aec90b02adf	v12/docs/perf-baselines/2026-07-18-post-write-all-selection-generality-bytecode-04-selected.json
untracked	supporting-performance-report	archive-supporting	16	1228	931cfbe388d69faab04b1029b673f12d3d57224a5eb059bb02ff740ecb5bac04	v12/docs/perf-baselines/2026-07-18-post-write-all-selection-generality-bytecode-04-selected.md
untracked	raw-performance-evidence	archive-raw	671	23288	58a62728dcf18525fe37b82ce4857dffd7d17b7fd63a163b45c931ee0d9d62e3	v12/docs/perf-baselines/2026-07-18-post-write-all-selection-generality-bytecode-05-selected.json
untracked	supporting-performance-report	archive-supporting	16	1262	31336c448213202091bf8fdf728cbc68fa20d9e35f8674981a26418058e94e35	v12/docs/perf-baselines/2026-07-18-post-write-all-selection-generality-bytecode-05-selected.md
untracked	raw-performance-evidence	archive-raw	207	6586	0c157eba6dcedbf6865b15a500990dac527d045c6046471a889bba0a0d8983a9	v12/docs/perf-baselines/2026-07-18-post-write-all-selection-generality-bytecode-06-status.json
untracked	supporting-performance-report	archive-supporting	15	907	f6267f762f6f3d112d8b508907581153612d77009466161fe0ee23137fa9e6db	v12/docs/perf-baselines/2026-07-18-post-write-all-selection-generality-bytecode-06-status.md
untracked	raw-performance-evidence	archive-raw	444	15209	d9032991b56d215b68d47f5b4c7a00fdaab80f023a4a01651bfba9fa465c85ed	v12/docs/perf-baselines/2026-07-18-post-write-all-selection-generality-bytecode-07-selected.json
untracked	supporting-performance-report	archive-supporting	15	1053	81810426a0f8806a25de3cc18d85c3468be191feb53a6631d6f906ddb532673f	v12/docs/perf-baselines/2026-07-18-post-write-all-selection-generality-bytecode-07-selected.md
untracked	raw-performance-evidence	archive-raw	512	17193	36ceb92876920b1fa3e61b18960c8bc70b27e5dd621764247b31c7d497a72961	v12/docs/perf-baselines/2026-07-18-post-write-all-selection-generality-compiled-01-selected.json
untracked	supporting-performance-report	archive-supporting	16	1085	e46787b0062677e159decc0e9297db710f0b371766e930659e7a0a0c7de78279	v12/docs/perf-baselines/2026-07-18-post-write-all-selection-generality-compiled-01-selected.md
untracked	raw-performance-evidence	archive-raw	347	11638	229f54f6300cac4421c23bf0e7fb7721dbb096f43af69d47dd73edfc44795142	v12/docs/perf-baselines/2026-07-18-post-write-all-selection-generality-compiled-02-selected.json
untracked	supporting-performance-report	archive-supporting	15	931	946487c9402732aa6bfd4082fba05d9aae0ec57a8cedb1408bf0c075453486c2	v12/docs/perf-baselines/2026-07-18-post-write-all-selection-generality-compiled-02-selected.md
untracked	raw-performance-evidence	archive-raw	518	17357	24d95234c5fdc171394389424c473ab256c64007454a3127a141f8f27e47c553	v12/docs/perf-baselines/2026-07-18-post-write-all-selection-generality-compiled-03-selected.json
untracked	supporting-performance-report	archive-supporting	16	1067	2676847362ce6c03b04ff81ac5258f4b25eeb4f6b033222c1f41b070f3792b8a	v12/docs/perf-baselines/2026-07-18-post-write-all-selection-generality-compiled-03-selected.md
untracked	raw-performance-evidence	archive-raw	512	17191	c8840512f7692db783a4e682e3544cd2325abb86eafc1c80c94b43d6ed73f017	v12/docs/perf-baselines/2026-07-18-post-write-all-selection-generality-compiled-04-selected.json
untracked	supporting-performance-report	archive-supporting	16	1091	e7d16bf29367bf188ff50289cc6fce0a78ccb425de8ba4a2d5e9f7cc8c251143	v12/docs/perf-baselines/2026-07-18-post-write-all-selection-generality-compiled-04-selected.md
untracked	raw-performance-evidence	archive-raw	526	17928	719a5bb50b7f5eee7b7fb400f39984971648d7ba9b46d1a76c4d4180433c0939	v12/docs/perf-baselines/2026-07-18-post-write-all-selection-generality-compiled-05-selected.json
untracked	supporting-performance-report	archive-supporting	16	1120	685453d451f515713bb8ee88dc641becfcd62c8aca0b9d75e86792233d994cf8	v12/docs/perf-baselines/2026-07-18-post-write-all-selection-generality-compiled-05-selected.md
untracked	raw-performance-evidence	archive-raw	355	11918	41d056601b53c8a3a7587d3c2b94696785aebc6715232b29342421c19b302ddd	v12/docs/perf-baselines/2026-07-18-post-write-all-selection-generality-compiled-06-selected.json
untracked	supporting-performance-report	archive-supporting	15	932	92589a8156eb01b77de8e865b619373e23b9b817fd99ac05082e599f5ddef596	v12/docs/perf-baselines/2026-07-18-post-write-all-selection-generality-compiled-06-selected.md
untracked	raw-performance-evidence	archive-raw	347	11637	cbd505cfed4696472a0267561b1c32d201228e16e5a480198ae1673c335884d4	v12/docs/perf-baselines/2026-07-18-post-write-all-selection-generality-compiled-07-selected.json
untracked	supporting-performance-report	archive-supporting	15	932	dbced73a0c12bede524a9c0f3e46b363725c4813b3c4cef73c9652340482a56a	v12/docs/perf-baselines/2026-07-18-post-write-all-selection-generality-compiled-07-selected.md
untracked	raw-performance-evidence	archive-raw	952	30735	f5fd8bacaf1cc033c6aef245c9a43e45b9ad9db4c975504f7ebc7425b01ec1cc	v12/docs/perf-baselines/2026-07-18-post-write-all-selection-generality-go-reference.json
untracked	supporting-performance-report	archive-supporting	29	4250	a1084b7c7224699acd46edbb0bb6e2a8ed92e2293e8d86cc46a505190278996e	v12/docs/perf-baselines/2026-07-18-post-write-all-selection-generality-go-reference.md
untracked	raw-performance-evidence	archive-raw	1241	40374	4d639dcb6ca8023d25cd399420d3e9b40d2a46e6159e25f275622a131231e4a0	v12/docs/perf-baselines/2026-07-18-post-write-all-selection-generality-interpreter-reference-selected.json
untracked	supporting-performance-report	archive-supporting	34	5945	b02d9e0767bc8394a09a971b064ef78408cbb27f0eb45e8698aa6564fa0b5745	v12/docs/perf-baselines/2026-07-18-post-write-all-selection-generality-interpreter-reference-selected.md
untracked	raw-performance-evidence	archive-raw	447	13599	f87e6cfe519d1ac02f4bb078f1972c89eb1d7b7e3b8e2e4b587514b3cb37eb19	v12/docs/perf-baselines/2026-07-18-post-write-all-selection-generality-interpreter-reference-status.json
untracked	supporting-performance-report	archive-supporting	26	3275	752de3068b6b81beb829f2ab7fa3edbe4ddd07dba03c6999117d8bcf0cb01a78	v12/docs/perf-baselines/2026-07-18-post-write-all-selection-generality-interpreter-reference-status.md
untracked	raw-performance-evidence	archive-raw	86	119787	3ed86fcfd99e7728b19dba094f4aaaca467dfce53c2f38eaecc885b62834d4f6	v12/docs/perf-baselines/2026-07-18-post-write-all-selection-refresh.json
untracked	supporting-performance-report	archive-supporting	134	13880	48199081bd5ee9ad62fde8d448a987f72e5ac1f61d1e96efb26621b67e76508b	v12/docs/perf-baselines/2026-07-18-post-write-all-selection-refresh.md
untracked	raw-performance-evidence	archive-raw	8	272	8c918dff5ca148a5ef9e7e139807b3a3a7986779ce2903dd4b4387b50fa26d5f	v12/docs/perf-baselines/2026-07-18-post-write-all-selection-stdlib-source-state.json
untracked	raw-performance-evidence	archive-raw	161	19159	180f5ee222f9a18080093e03268929cbc8d2a0e19817c2be559c31d2e5d48f24	v12/docs/perf-baselines/2026-07-18-slot-not-nil-register-block-ab-samples.tsv
untracked	raw-performance-evidence	archive-raw	617	20288	a2acea3a348dd07f7d35731caa24a93ef4703c615b645b44dceb5a0d46993db5	v12/docs/perf-baselines/2026-07-18-write-all-compiled-guards-baseline.json
untracked	supporting-performance-report	archive-supporting	14	786	c1bdee18b2d274b283d9227c92908a781a53fa309f7ae2df963bbbb8b9d114c7	v12/docs/perf-baselines/2026-07-18-write-all-compiled-guards-baseline.md
untracked	raw-performance-evidence	archive-raw	617	20294	daf7295f5633ad43f774b42a72a2537ce0d8c0c83cb4645af841acd6e2480e2d	v12/docs/perf-baselines/2026-07-18-write-all-compiled-guards-candidate.json
untracked	supporting-performance-report	archive-supporting	14	786	b15b2728074065210e94ec289d7e01bcfa9756774cad6f3b458f4991136c7d5f	v12/docs/perf-baselines/2026-07-18-write-all-compiled-guards-candidate.md
untracked	raw-performance-evidence	archive-raw	727	23639	de337550cbf0be2c765cef42f67b99e8710aeb8e8995c96d130c6101e9f847d0	v12/docs/perf-baselines/2026-07-18-write-all-guards-baseline-second.json
untracked	supporting-performance-report	archive-supporting	18	1627	5de80e3bed0cf524dbfe5a8d6244fc2e78c813fba7cfa5b10e549489c297d51d	v12/docs/perf-baselines/2026-07-18-write-all-guards-baseline-second.md
untracked	raw-performance-evidence	archive-raw	727	23634	805543ac0a61e8169887e8cb7ed557131480d89b3772238b98489abb4d891b2d	v12/docs/perf-baselines/2026-07-18-write-all-guards-candidate.json
untracked	supporting-performance-report	archive-supporting	18	1627	c34359b4d2270ec90c8f1c767c94bc12d5b9c01e25574cc8d304d04d95693e2f	v12/docs/perf-baselines/2026-07-18-write-all-guards-candidate.md
untracked	raw-performance-evidence	archive-raw	81	3649	8e93d65b86a46b1faa65e330ada87b1be7767b316bf594b7133f8d32a00bbf0a	v12/docs/perf-baselines/2026-07-19-bytecode-active-lookup-state-ab-samples.tsv
untracked	supporting-performance-report	archive-supporting	127	5876	c88bc2bdf6bf176a8a334f57997c49bf81810a7aba860678d5d5ae4730b9a769	v12/docs/perf-baselines/2026-07-19-bytecode-active-lookup-state-bundle.md
untracked	supporting-performance-report	archive-supporting	134	6784	868060b2890833c885f2c9ac16593aecd4a3daada3aaaa434729ea6c21dd67ac	v12/docs/perf-baselines/2026-07-19-bytecode-frame-restore-census-and-gate.md
untracked	raw-performance-evidence	archive-raw	71	3228	ca5e1492e0a63a1af043bd4abee3bab68768136ff6d67443cbba7cf4fb5c971a	v12/docs/perf-baselines/2026-07-19-bytecode-frame-restore-empty-state-ab-samples.tsv
untracked	raw-performance-evidence	archive-raw	41	1857	ae23883b168b2ce7177f3fd7721eb7cdce55cc4352211bb6d6d1c69cb3bcc845	v12/docs/perf-baselines/2026-07-19-bytecode-inline-return-deferred-clear-ab-samples.tsv
untracked	supporting-performance-report	archive-supporting	121	6185	a1dc11c280c4ce559c922ec3903bebd233b6f02af89908ffab2764f10fbb15b5	v12/docs/perf-baselines/2026-07-19-bytecode-inline-return-profile-reconciliation.md
untracked	supporting-performance-report	archive-supporting	132	6721	0aefeb8c8ee37ff4b913c990908bc40d03be2530865dc73e48eaaa368982f90d	v12/docs/perf-baselines/2026-07-19-bytecode-operand-register-ir-admission-census.md
untracked	supporting-performance-report	archive-supporting	140	7926	cf027d65468f1ea26a388fadbe9b9edd691356ae2cf0b2e8b3940612ab90f272	v12/docs/perf-baselines/2026-07-19-bytecode-text-map-graph-profile-gate.md
untracked	raw-performance-evidence	archive-raw	663	22952	6736dc0cb0b78c1b81d45fcb11dc811b853c33f23c62fcbe8dd0facb7fe9eec6	v12/docs/perf-baselines/2026-07-19-post-active-lookup-scorecard-async-bytecode-01-selected.json
untracked	supporting-performance-report	archive-supporting	16	1256	af630f2adae30e791d99b77cdcc6bcb655a75b11f999dd67af28ee024f1c601c	v12/docs/perf-baselines/2026-07-19-post-active-lookup-scorecard-async-bytecode-01-selected.md
untracked	raw-performance-evidence	archive-raw	655	22664	ce80fa386d62810277235246c2750762b9a82a905b15d27b0c02d7724e3737bf	v12/docs/perf-baselines/2026-07-19-post-active-lookup-scorecard-async-bytecode-02-selected.json
untracked	supporting-performance-report	archive-supporting	16	1259	bf382ba02e5492563c6292217cff66f7d64c0209c0b52a7d0ff4d80b0a64a0c2	v12/docs/perf-baselines/2026-07-19-post-active-lookup-scorecard-async-bytecode-02-selected.md
untracked	raw-performance-evidence	archive-raw	518	17667	3172335570b2292e3bd589e98def2a19bcbdf33c417a9302cc90837a6b33f9b5	v12/docs/perf-baselines/2026-07-19-post-active-lookup-scorecard-async-compiled-01-selected.json
untracked	supporting-performance-report	archive-supporting	16	1122	b8599aa741ced235e19e889edc4c09d400a7350cc181c219ad4e46dc55736cc1	v12/docs/perf-baselines/2026-07-19-post-active-lookup-scorecard-async-compiled-01-selected.md
untracked	raw-performance-evidence	archive-raw	510	17360	57b665b031f10428c8b29ff1af890f448159607861b531c8616b0b8a1e3a1ada	v12/docs/perf-baselines/2026-07-19-post-active-lookup-scorecard-async-compiled-02-selected.json
untracked	supporting-performance-report	archive-supporting	16	1127	94dcfab34d0c60b6ca53737be9a263b1cca899b133daf4067a8202eb9a8d485e	v12/docs/perf-baselines/2026-07-19-post-active-lookup-scorecard-async-compiled-02-selected.md
untracked	raw-performance-evidence	archive-raw	324	10447	ffabd4157040fc09eca16091968edba6f5e5b1e68aac7faf93713baa121d8a10	v12/docs/perf-baselines/2026-07-19-post-active-lookup-scorecard-async-go-reference.json
untracked	supporting-performance-report	archive-supporting	17	1571	50c0ea26d364a59e7b499657b0418c828856a5764babdedb978c7242a28c5381	v12/docs/perf-baselines/2026-07-19-post-active-lookup-scorecard-async-go-reference.md
untracked	raw-performance-evidence	archive-raw	683	22118	2ffa1de95494a02916f521b3ad4307b76640fd4fac0bdc64ccf2c865535c4b6e	v12/docs/perf-baselines/2026-07-19-post-active-lookup-scorecard-async-interpreter-reference-selected.json
untracked	supporting-performance-report	archive-supporting	24	3208	cd19405ac6a85b8f6787f457929e10292352122343b95db4d784f97cb99969f2	v12/docs/perf-baselines/2026-07-19-post-active-lookup-scorecard-async-interpreter-reference-selected.md
untracked	raw-performance-evidence	archive-raw	663	22903	f57f97bc7d7d98b74017587f859beb24e1a83d120cbc56906fd6832162614d93	v12/docs/perf-baselines/2026-07-19-post-active-lookup-scorecard-coverage-extra-bytecode-01-selected.json
untracked	supporting-performance-report	archive-supporting	16	1265	eb395a2ae2dc3bd6780690bcf817f7f5261733576b8d25e39af314c0c52298f2	v12/docs/perf-baselines/2026-07-19-post-active-lookup-scorecard-coverage-extra-bytecode-01-selected.md
untracked	raw-performance-evidence	archive-raw	460	15863	63728bc43224ae7dd97eea95c06350829e820ae7410237e18914baf4d885f239	v12/docs/perf-baselines/2026-07-19-post-active-lookup-scorecard-coverage-extra-bytecode-02-selected.json
untracked	supporting-performance-report	archive-supporting	15	1073	3af3abea76921488ca6b3eca2bbd9cc148359dc28ad5c53a2b13490532633396	v12/docs/perf-baselines/2026-07-19-post-active-lookup-scorecard-coverage-extra-bytecode-02-selected.md
untracked	raw-performance-evidence	archive-raw	143	4695	d137bd6d0c9a4093bd24fc3e830a24c9c8afa93e7b68f61e276bd65b69d34121	v12/docs/perf-baselines/2026-07-19-post-active-lookup-scorecard-coverage-extra-bytecode-02-status.json
untracked	supporting-performance-report	archive-supporting	14	825	803ce7c3deb283e0b5e177c0296677b3be8a42e06343e0ecf1680ab4c649ecf5	v12/docs/perf-baselines/2026-07-19-post-active-lookup-scorecard-coverage-extra-bytecode-02-status.md
untracked	raw-performance-evidence	archive-raw	671	23279	4398b7f9fc2b586243f295a1df1823f095cd8855f96c8a9d17baeba036b21416	v12/docs/perf-baselines/2026-07-19-post-active-lookup-scorecard-coverage-extra-bytecode-03-selected.json
untracked	supporting-performance-report	archive-supporting	16	1281	3cf00b72522d2b0fa7c704dd16ff970eb9810826ec04438b82c252e5b7db260c	v12/docs/perf-baselines/2026-07-19-post-active-lookup-scorecard-coverage-extra-bytecode-03-selected.md
untracked	raw-performance-evidence	archive-raw	655	22737	27a08e8a5ce610ec85bf58724d41866480f7141d70729e8ed769850ede8b9f64	v12/docs/perf-baselines/2026-07-19-post-active-lookup-scorecard-coverage-extra-bytecode-04-selected.json
untracked	supporting-performance-report	archive-supporting	16	1293	fca035708d7991476d551bb593bd7d892d17c87b10457aec5f9cceed2e6257d7	v12/docs/perf-baselines/2026-07-19-post-active-lookup-scorecard-coverage-extra-bytecode-04-selected.md
untracked	raw-performance-evidence	archive-raw	518	17553	fedd75fcfb37a49442b4bdee34ae7f74eda6d24ff0cc61c99ad895f995979a80	v12/docs/perf-baselines/2026-07-19-post-active-lookup-scorecard-coverage-extra-compiled-01-selected.json
untracked	supporting-performance-report	archive-supporting	16	1126	96f2c23190ecdba65a5ae50a92125d49ecf4117c1e19111bf62d3344afd00e0d	v12/docs/perf-baselines/2026-07-19-post-active-lookup-scorecard-coverage-extra-compiled-01-selected.md
untracked	raw-performance-evidence	archive-raw	534	18207	f93e8d90aae7b901eb16b3628daba9fa86c89561132131c4f3213c38c886e273	v12/docs/perf-baselines/2026-07-19-post-active-lookup-scorecard-coverage-extra-compiled-02-selected.json
untracked	supporting-performance-report	archive-supporting	16	1130	5672f421c7cc3792b0f551d24b4aceec079e14c508394070d1b17c00a016ee64	v12/docs/perf-baselines/2026-07-19-post-active-lookup-scorecard-coverage-extra-compiled-02-selected.md
untracked	raw-performance-evidence	archive-raw	526	17919	e7ee3441ee7ecdeb97b79067d1d8a543c4ee4529692d36533ff67a1d74748f20	v12/docs/perf-baselines/2026-07-19-post-active-lookup-scorecard-coverage-extra-compiled-03-selected.json
untracked	supporting-performance-report	archive-supporting	16	1140	938d91a188c198fc71ef070e6ec87d54d19218cc79f79277a91239790bd22892	v12/docs/perf-baselines/2026-07-19-post-active-lookup-scorecard-coverage-extra-compiled-03-selected.md
untracked	raw-performance-evidence	archive-raw	510	17387	c9a7e0c01bd87e3d6860cfba568e857a9dac9b347c503a68563db120a108f5d7	v12/docs/perf-baselines/2026-07-19-post-active-lookup-scorecard-coverage-extra-compiled-04-selected.json
untracked	supporting-performance-report	archive-supporting	16	1154	735a85c3d73a7d5196cff49cc02a4919b1030444d258dd005e0af2eb39c6252e	v12/docs/perf-baselines/2026-07-19-post-active-lookup-scorecard-coverage-extra-compiled-04-selected.md
untracked	raw-performance-evidence	archive-raw	636	20527	2e05bfe9eb5325664746d763b9c971cbad89e8fe92940f6332e9625cfb3e3297	v12/docs/perf-baselines/2026-07-19-post-active-lookup-scorecard-coverage-extra-go-reference.json
untracked	supporting-performance-report	archive-supporting	23	2828	ca9562873e2ebb4cdc607505f58b69d164d98c03222054f29f24d6fa5bf832be	v12/docs/perf-baselines/2026-07-19-post-active-lookup-scorecard-coverage-extra-go-reference.md
untracked	raw-performance-evidence	archive-raw	1	28197	e3aeeedafb3a94c039ba3d46d1a48f141fac82d55273b800d419fb7e12ce5c82	v12/docs/perf-baselines/2026-07-19-post-active-lookup-scorecard-coverage-extra-interpreter-reference-selected.json
untracked	supporting-performance-report	archive-supporting	34	5512	f54614dd53afee22cfeb863f4a9a935b7c3b008d6d3751905d32e3566162ff2f	v12/docs/perf-baselines/2026-07-19-post-active-lookup-scorecard-coverage-extra-interpreter-reference-selected.md
untracked	raw-performance-evidence	archive-raw	85	2632	9069ce6d18dd66d22a0239292faa041514f38c3b5b263dce5d35e3bce578e064	v12/docs/perf-baselines/2026-07-19-post-active-lookup-scorecard-coverage-extra-interpreter-reference-status.json
untracked	supporting-performance-report	archive-supporting	14	926	9fd2aaec53b697703aeeb2ff0a856feebce36f95940a641ff7afcb9402d58761	v12/docs/perf-baselines/2026-07-19-post-active-lookup-scorecard-coverage-extra-interpreter-reference-status.md
