state	family	disposition	lines	bytes	sha256	path
modified	execution-wrapper	reviewed	183	3809	b7555f1990122d037ef576520edb394219066493b343fdbaef61e164d2215cbc	v12/ablebc
modified	execution-wrapper	reviewed	183	3810	8f2ff5c42c987e559747b7c1cd44fea4a2fea79c45a17568e7c348bfa7fe4fbb	v12/abletw
untracked	execution-fixture	reviewed	21	430	eed95495b2034c9243f862a2354aa5d565a555b7365a25c4ce6ddab1ade52031	v12/fixtures/exec/06_03_cast_unproven_interface/main.able
untracked	execution-fixture	reviewed	9	166	0ff6b6b84a7a8d0c2f2376e6a44efe7ed001312d6dfb7bf3afd3786a70c5fb3b	v12/fixtures/exec/06_03_cast_unproven_interface/manifest.json
untracked	execution-fixture	reviewed	2	56	da505496d0dac5d49a88093c22a45bf1fe0e7b0722e42dcffdeda75ffd8b99fd	v12/fixtures/exec/06_03_cast_unproven_interface/package.yml
modified	execution-fixture	reviewed	37	803	2e9ec42e143d2e02e76647c873b443859e66e720f46bc772fc08a0398d901177	v12/fixtures/exec/06_06_string_interpolation/main.able
modified	execution-fixture	reviewed	15	282	4f5eb042a63a96e86d00f7dad7092e828c00f07b1ba640efb65f2a7157609bea	v12/fixtures/exec/06_06_string_interpolation/manifest.json
modified	execution-fixture	reviewed	19	564	339242c438a24796b7701745a50b6d0752398d0769e6d9620af41a9391bd3738	v12/fixtures/exec/06_10_dynamic_metaprogramming_package_object/main.able
modified	execution-fixture	reviewed	11	210	049b7ae160447018a6730dd54a0bb5d1102dce9be1b6152d7195fa03b2fe66d6	v12/fixtures/exec/06_10_dynamic_metaprogramming_package_object/manifest.json
untracked	execution-fixture	reviewed	103	2847	aa5a841ca208bc45a92d1db92a1dfe1d00af17ddf9d21eadaf04a7fb6c17c6dd	v12/fixtures/exec/06_12_27_stdlib_iterator_close/main.able
untracked	execution-fixture	reviewed	19	425	efb5945e599e0a16d77e6894698c027881b98325741e6293d4fafa086bd1ed93	v12/fixtures/exec/06_12_27_stdlib_iterator_close/manifest.json
untracked	execution-fixture	reviewed	119	3289	009c6999aa7fe85c74f4df132b1ba1304d8d5f5a7d7a475287428e794ea33aa9	v12/fixtures/exec/06_12_28_stdlib_fs_lines/main.able
untracked	execution-fixture	reviewed	22	498	4d8e6623c3d2cf05161308b656ec95751adbdb985b55b78099122c1644dc40ac	v12/fixtures/exec/06_12_28_stdlib_fs_lines/manifest.json
untracked	execution-fixture	reviewed	35	1143	52b191efaa9132b3e06bc0d4fd0e7808778cfcd8e54a5352477439ae063d5b0c	v12/fixtures/exec/06_12_29_stdlib_array_slice/main.able
untracked	execution-fixture	reviewed	13	265	9c6a88ec7a01e2de0413020941bb31463348b82b08d0fbd1586e7f6dc0d67008	v12/fixtures/exec/06_12_29_stdlib_array_slice/manifest.json
untracked	execution-fixture	reviewed	55	1681	28d3050306f4283f43493ac5afe4194f033cde9b1d52d55a7852d6ce21920a5d	v12/fixtures/exec/06_12_30_stdlib_option_result/main.able
untracked	execution-fixture	reviewed	27	465	e07bc8f4ab5ee53db8351700a8aadf003ddd26f0f217e05d8cb325109eaea371	v12/fixtures/exec/06_12_30_stdlib_option_result/manifest.json
modified	execution-fixture	reviewed	61	1078	b271dbdbb637e06a41deba4f06841e5ed8ee1bfc1d97a8fc87e3934f2c8da8c7	v12/fixtures/exec/07_10_bytecode_quicksort_hotloop/main.able
modified	execution-fixture	reviewed	9	160	032570d9bba772241c18b1023db085387ec8626625742b680048c34d7d82eddf	v12/fixtures/exec/07_10_bytecode_quicksort_hotloop/manifest.json
modified	execution-fixture	reviewed	114	2046	192c274599cd174183025bc1508e57c068c656c41b956146fb99d99c87854d5b	v12/fixtures/exec/12_08_blocking_io_concurrency/main.able
untracked	execution-fixture	reviewed	17	437	7b651e4e44934eec8656948a9c38b6f44452e62b3e2646238d135665ae49f1e6	v12/fixtures/exec/12_09_nested_spawn_native_context/main.able
untracked	execution-fixture	reviewed	7	150	4286b4800bfd279d00b49333c4e1a693bc32eee14f26ceaf6c5bee18449cd09a	v12/fixtures/exec/12_09_nested_spawn_native_context/manifest.json
untracked	execution-fixture	reviewed	14	373	0f36a3f54aace0a3857929f58fb9c5f00cb757aea6556499efb9e726c33f0f6a	v12/fixtures/exec/13_08_static_interface_dictionary_capture/factory.able
untracked	execution-fixture	reviewed	5	88	44feb9c12184416e4ca4e9917db59ea305d9a33faa30da52954aafe664d98411	v12/fixtures/exec/13_08_static_interface_dictionary_capture/iface_defs.able
untracked	execution-fixture	reviewed	12	464	a60d47a9db45a35bfacfd9b972cb7ff661c34c5d0628361f2bd897c391e4f476	v12/fixtures/exec/13_08_static_interface_dictionary_capture/main.able
untracked	execution-fixture	reviewed	10	214	df4b3cd91a3becd13b6e56afa065b5a0116d2232819924fcf1b5a995a11d93a8	v12/fixtures/exec/13_08_static_interface_dictionary_capture/manifest.json
untracked	execution-fixture	reviewed	2	68	59d59559f88ae991ef41f170ba4de956a5af370ed444109844a9bbdf0691363e	v12/fixtures/exec/13_08_static_interface_dictionary_capture/package.yml
untracked	execution-fixture	reviewed	13	278	2ffc1f1342f4a48166447a7005299bd91fdce39f890fa20aa97b46e6e7b240f6	v12/fixtures/exec/13_09_qualified_interface_identity/factory.able
untracked	execution-fixture	reviewed	6	155	32d8995c0bde0d25bfea8decd16a493e1d1614257edc44708263590c19d0d20d	v12/fixtures/exec/13_09_qualified_interface_identity/iface_defs.able
untracked	execution-fixture	reviewed	14	420	520268870217544eba3bf1cab6eac0dcfc3b8d09ccca08dad001d30ea65acde0	v12/fixtures/exec/13_09_qualified_interface_identity/main.able
untracked	execution-fixture	reviewed	10	212	bf4b640cd1d3b71a769f0412787479b67e4904090a686bf221aba5525e1c2428	v12/fixtures/exec/13_09_qualified_interface_identity/manifest.json
untracked	execution-fixture	reviewed	2	61	6e0420bfbab7ac0aecfaf9d2a5d158b2198f3b78344dfdada54236234e2718f9	v12/fixtures/exec/13_09_qualified_interface_identity/package.yml
modified	execution-fixture	reviewed	50	1317	9f36946096188ead6e2048be74b1f2874ff84699ea4cc14c8458512f0e6640a7	v12/fixtures/exec/14_02_regex_core_match_streaming/main.able
untracked	execution-fixture	reviewed	15	421	1c74a5cb96384f1bda9811b561526e86bebcf5bc3ad87ed866aed4795a6d54a7	v12/fixtures/exec/14_03_regex_option_rejection/main.able
untracked	execution-fixture	reviewed	8	176	a27b5d18f3968d406b031e3f60b5c05b833461ccb59a52c87c9182c6b2a0f681	v12/fixtures/exec/14_03_regex_option_rejection/manifest.json
untracked	execution-fixture	reviewed	52	1400	82c4a5ccb3fce37a6d391ae9b294134b68cf605742ef4827a446c529ec30eeb8	v12/fixtures/exec/14_04_regex_nfa_unicode_quantifiers/main.able
untracked	execution-fixture	reviewed	15	318	03b97d3dd31e560f3ba549ba7a61496684df129f27cc5cf9adf69b5dbdae5fdf	v12/fixtures/exec/14_04_regex_nfa_unicode_quantifiers/manifest.json
untracked	execution-fixture	reviewed	44	1314	49e9da489c1cb737f277430b8ecadfc2362f30a74826ec799c77a31e2d7f1353	v12/fixtures/exec/14_05_regex_nfa_wildcards_classes/main.able
untracked	execution-fixture	reviewed	13	308	bb2b593bcafcd43819332e25102a1c8972be0827cb679794cfedd6691f7611f7	v12/fixtures/exec/14_05_regex_nfa_wildcards_classes/manifest.json
untracked	execution-fixture	reviewed	39	1125	539978c9a116ec3f14d50d02f376c6a7944b91f4e9c053a6fdce1267c905bffe	v12/fixtures/exec/14_06_regex_nfa_groups_alternation/main.able
untracked	execution-fixture	reviewed	12	324	6e0506d3b7b1b2796b7f62dd68d83e1b288ca18c2109825a50e55c28bb124380	v12/fixtures/exec/14_06_regex_nfa_groups_alternation/manifest.json
untracked	execution-fixture	reviewed	72	2169	8ab0707d5daf7e49c68e38649e2cc6328814b52baea686fa8505ee37582e81f3	v12/fixtures/exec/14_07_regex_nfa_absolute_anchors/main.able
untracked	execution-fixture	reviewed	14	324	4d7ed8edc6b5164b984fa61ad088fc481d13e0cdad5c1da5d6674ec4e31738e2	v12/fixtures/exec/14_07_regex_nfa_absolute_anchors/manifest.json
untracked	execution-fixture	reviewed	31	942	28073c5a432e31764aa5e63017e69398d73a654777d2b2ec85940b846dcdd57d	v12/fixtures/exec/14_08_regex_dot_matches_newline/main.able
untracked	execution-fixture	reviewed	10	217	63d31bd5ed38a1b6ec4de4eb9e066d2a44ffd5905d9eab186202c207f46030fd	v12/fixtures/exec/14_08_regex_dot_matches_newline/manifest.json
untracked	execution-fixture	reviewed	47	1502	7424d531b6adaaf663fb02d7b3187c181d4f8c46cb80b45cf920d3fc7f4ed1f3	v12/fixtures/exec/14_09_regex_anchored_option/main.able
untracked	execution-fixture	reviewed	13	286	5b124c9f21a5ce61fb0d2d1b517e40a006ec0930208645e94f2d3394ea751ba1	v12/fixtures/exec/14_09_regex_anchored_option/manifest.json
untracked	execution-fixture	reviewed	81	2618	118ff8123bb417178a65e782aedf467a0a26acd2373216d2ba900d6260288e59	v12/fixtures/exec/14_10_regex_multiline_option/main.able
untracked	execution-fixture	reviewed	13	302	3c5ac6a0fb64b6d312f309f495e0860798ae16565ed3e3aa381097234a707027	v12/fixtures/exec/14_10_regex_multiline_option/manifest.json
untracked	execution-fixture	reviewed	77	2570	4b4732b5d20ca4065a7c144f4ffdd2ba61ae21486d7b1a7a23df992d1c5f0332	v12/fixtures/exec/14_11_regex_case_insensitive/main.able
untracked	execution-fixture	reviewed	15	376	b905c280ab763174fb1f619c1cd79d2882d0932410dbd21c8fa5a8a91d11c514	v12/fixtures/exec/14_11_regex_case_insensitive/manifest.json
untracked	execution-fixture	reviewed	91	2643	9dd6723ce6a20bce9af08ae5ae4273e25c84001f9608e0a5ab2bb8d72d76414e	v12/fixtures/exec/14_12_regex_capture_groups/main.able
untracked	execution-fixture	reviewed	18	497	9d38de7df420d8aa09246ce3766e0cfc596a836b37e12b20b2dc3df64d35a96e	v12/fixtures/exec/14_12_regex_capture_groups/manifest.json
untracked	execution-fixture	reviewed	114	3470	d7db2640948ef009819d690f8dad8d376c131edcbf4f90a9937af3589be2a356	v12/fixtures/exec/14_13_regex_named_capture_groups/main.able
untracked	execution-fixture	reviewed	20	575	795320418fced0a382ec17a2a3e35082d48278836980bd5466633a9912a49a65	v12/fixtures/exec/14_13_regex_named_capture_groups/manifest.json
untracked	execution-fixture	reviewed	59	1979	0fd39832a2c8f093eca82b7a6b385328b1a28aab43ef22859c62e5c91201d32d	v12/fixtures/exec/14_14_regex_literal_replace/main.able
untracked	execution-fixture	reviewed	15	381	fa32a7da1bd4ea62f1c01dce1cbc69364ba7f8fbf7233e2ff76c6ff5ad4d51c0	v12/fixtures/exec/14_14_regex_literal_replace/manifest.json
untracked	execution-fixture	reviewed	78	2192	819a1ce190c81428b1623f721b52709ce46385f4c3ec9e86af729a3ac9c48f3d	v12/fixtures/exec/14_15_regex_function_replace/main.able
untracked	execution-fixture	reviewed	13	351	5adab8ecc0fc67fb4c3d472036c373225146806f24772548ecc03983089d2a16	v12/fixtures/exec/14_15_regex_function_replace/manifest.json
untracked	execution-fixture	reviewed	48	1355	17fd74e78106451086e79e29c2d8ba1e75b1e3ab4157ff86ef8e55360f5a6a23	v12/fixtures/exec/14_16_regex_split/main.able
untracked	execution-fixture	reviewed	16	393	9dac03a283ed0ecb644f2e6725d8763b9de30322e32814cc4aabbaefd1872aa0	v12/fixtures/exec/14_16_regex_split/manifest.json
untracked	execution-fixture	reviewed	81	2646	50349c413ea4503d0e6c8a1963ba4b76f469d4512d1ade6a7c5ef1ec393cb163	v12/fixtures/exec/14_17_regex_set/main.able
untracked	execution-fixture	reviewed	17	456	5f63dd812f86248c01562a699a072a1ede8500fbc1deef2f5f0efabf429a7907	v12/fixtures/exec/14_17_regex_set/manifest.json
untracked	execution-fixture	reviewed	39	1032	29b15e69813d4f17e30cc3b9cc051e4502697ec472fd9d12c53fdcc797eba8ec	v12/fixtures/exec/14_18_regex_scanner_incremental/main.able
untracked	execution-fixture	reviewed	14	370	fe9d6cd358bde23754737bff20e1570f037661054ce60d3e8701abb82dfcb245	v12/fixtures/exec/14_18_regex_scanner_incremental/manifest.json
untracked	execution-fixture	reviewed	24	633	671b88e29b134ce4ffcd9cefd2a6ddffca401c16efbb67182e2949f7db580a92	v12/fixtures/exec/14_19_regex_scanner_boundaries/main.able
untracked	execution-fixture	reviewed	9	177	9f4368558a3ef374d4daad4ad3bfbb7cbab4871f1474ea3ca212e26b69732540	v12/fixtures/exec/14_19_regex_scanner_boundaries/manifest.json
untracked	execution-fixture	reviewed	23	626	71be84cefb9db7ed76ecb2c7a5245495657a7cdefd7bd8619c77d7fe66d9f444	v12/fixtures/exec/14_20_regex_scanner_unicode_zero/main.able
untracked	execution-fixture	reviewed	9	211	7c663cfbb24bf4515d4870e94f2263d32b82c0ee89abe2613214694cdf2ad8e0	v12/fixtures/exec/14_20_regex_scanner_unicode_zero/manifest.json
untracked	execution-fixture	reviewed	26	749	eca3d0ccabe26e044a51cd247b757d4654a471192271c9f44470498f791d29e0	v12/fixtures/exec/14_21_regex_scanner_multiline/main.able
untracked	execution-fixture	reviewed	9	213	2bb0663c0b74eca05614683da8220b17bb400d93e12d521f93336b8ff8a48a7a	v12/fixtures/exec/14_21_regex_scanner_multiline/manifest.json
untracked	execution-fixture	reviewed	51	1437	ac6d18ef19f04d8d4e6a9455f0ac87c519e6fc1c20db9aaba6f4893c6d290897	v12/fixtures/exec/14_22_regex_set_iter/main.able
untracked	execution-fixture	reviewed	17	414	abc45976d23aa9a252a31b7daa55870d8a10714d0bdcd16f235143e746087da8	v12/fixtures/exec/14_22_regex_set_iter/manifest.json
untracked	execution-fixture	reviewed	52	1467	550ef3ea2a674f52023c20053b7204cf6d94e0f3dacf7bee9331256ce9297f42	v12/fixtures/exec/14_23_regex_set_iter_boundaries/main.able
untracked	execution-fixture	reviewed	14	305	06e49f8c8b4edb0cbacca2983dcc3fbfcf26539ae10c632af930ea962e1ca2fd	v12/fixtures/exec/14_23_regex_set_iter_boundaries/manifest.json
untracked	execution-fixture	reviewed	62	1694	d1cf90e493774b412d0e57f246c80932bc029b055be0fca0b658ef31e012d6b4	v12/fixtures/exec/14_24_regex_scanner_compaction/main.able
untracked	execution-fixture	reviewed	12	322	337ca6767531e26cfb7cbabf049b956eb0c1a1a516bda32fc3d24f14ed6fb374	v12/fixtures/exec/14_24_regex_scanner_compaction/manifest.json
untracked	execution-fixture	reviewed	106	3852	d2329ca18a127e3f8e19c21e3d6384c785db7830adaa237b6231006d84522a43	v12/fixtures/exec/14_25_regex_builder_program/main.able
untracked	execution-fixture	reviewed	15	429	d1e40fa0bfe86b02d2ef10a338739c71d61aafcb317f6d69a3d80207965587e4	v12/fixtures/exec/14_25_regex_builder_program/manifest.json
modified	execution-fixture	reviewed	2359	61036	9d6140e35e5a2434a7b9b56632832dc5d4f6683109491b953abf336c0b15c388	v12/fixtures/exec/coverage-index.json
modified	runtime-support	reviewed	903	23666	42b00a66fa9c6e058a3b4ba917b478a19d30c0713347e447ce7f8214efe88c7b	v12/interpreters/go/pkg/driver/loader.go
modified	runtime-support	reviewed	80	1563	0e986d1375b24d8cbb47827b946510a01f270e363d4d53a8740775eaee493841	v12/interpreters/go/pkg/driver/loader_helpers.go
untracked	runtime-support	reviewed	45	1996	043c0c397edd7d8b2810947a7ef8cc3b9ec135c54b25c4056edeef848ef9da63	v12/interpreters/go/pkg/driver/loader_origins_test.go
untracked	runtime-support	reviewed	54	1377	f9f342ad2bc5752ef51505e5c06c6d16b25794e04bd444f035c935703e9cbd93	v12/interpreters/go/pkg/driver/loader_phases.go
untracked	runtime-support	reviewed	40	1086	7e3059384e579d8d1995fe4159a120250d21d59c5282d5aa8b231b01e8222bc3	v12/interpreters/go/pkg/driver/loader_phases_test.go
modified	runtime-support	reviewed	335	8173	aa896e3d85d84618dedb0c5d8293ddd551dfed0daa3e476eee5fb7bd78e29a77	v12/interpreters/go/pkg/driver/loader_test.go
untracked	runtime-support	reviewed	56	1583	9c6e7d78434d293214d5a1d79cc1fdb2421d4e0945df9f53c23442148c0f156f	v12/interpreters/go/pkg/driver/package_discovery.go
untracked	runtime-support	reviewed	34	1075	87ca79c3ad7899988bb37ff95cd33fb3df01085784cec390caa2b550e9c1e90f	v12/interpreters/go/pkg/driver/package_discovery_test.go
modified	engine-guard-fixture	reviewed	523	15433	d6ef1ba88930ac38fc44d2a434dde1c8a92334514878ce15defbb1663d8759d0	v12/interpreters/go/pkg/interpreter/array_builtins_test.go
modified	shared-engine	reviewed	194	5474	e147d6996a544d939558ac85a7824f2fd8e16143bf61b77a815221c4ef1ab51e	v12/interpreters/go/pkg/interpreter/builtins_interfaces.go
untracked	bytecode-vm	reviewed	72	2588	66688c7abf7bd4415a5aa1af3dd0166543db56713f29162cfc52661458a9a4b7	v12/interpreters/go/pkg/interpreter/bytecode_array_ownership_metadata.go
untracked	engine-guard-fixture	reviewed	140	4228	62b39c4b65fe2455ad50288a8302341471ced476f8eca8f5e29bf84cf7718ed7	v12/interpreters/go/pkg/interpreter/bytecode_array_ownership_metadata_test.go
untracked	bytecode-vm	reviewed	21	835	b856abfb3462b22ab0c03d847bad36194e04e028c3aa2543868b75fe14866449	v12/interpreters/go/pkg/interpreter/bytecode_async_call_env.go
untracked	engine-guard-fixture	reviewed	376	12922	aa543610996f4c5691753f53cb135f34353490c9a24a77939336ac426ffad299	v12/interpreters/go/pkg/interpreter/bytecode_benchmark_opcode_audit_test.go
untracked	bytecode-vm	reviewed	188	5568	6b3c35d3ffa659e7abab166755f8702a18c960c9e57a5760ac76a0cd25bccd04	v12/interpreters/go/pkg/interpreter/bytecode_call_args.go
untracked	engine-guard-fixture	reviewed	85	3329	fe25c723b1054af8e36c931c5d3496fa56fdfc3a2b6ae065de9a287bffdd1021	v12/interpreters/go/pkg/interpreter/bytecode_call_args_test.go
untracked	bytecode-vm	reviewed	84	2557	5eb006bfb1c1616aa2be58b858dd8eca0be0d0f27d51a2577eef35f13b1c297a	v12/interpreters/go/pkg/interpreter/bytecode_i32_frame_proof.go
untracked	engine-guard-fixture	reviewed	165	5663	736c87cb794a4955d88d767984b6fc638a9676f7b663a4459c30e6e0f0c3375e	v12/interpreters/go/pkg/interpreter/bytecode_i32_frame_proof_test.go
untracked	deferred-wasm-shim	hold-deferred-wasm	19	587	d16d5096bf856d53fed1dbef7e8db8de2040273718f901a490204c3c61407085	v12/interpreters/go/pkg/interpreter/bytecode_i32_frame_proof_wasm.go
untracked	bytecode-vm	reviewed	67	3015	3027fb94eb37c5c1cbfe3e4a0b0e1ed6db48b7f9ce5f110ed4783da2a1185c76	v12/interpreters/go/pkg/interpreter/bytecode_inline_call_env.go
untracked	engine-guard-fixture	reviewed	360	9516	35e51f0a647a68acb3e3b9510851e810da9bc2805a3f9576c9d56b5595d6ffdf	v12/interpreters/go/pkg/interpreter/bytecode_inline_call_env_test.go
untracked	bytecode-vm	reviewed	397	13174	8f7b41c171e2e83e0886c49425756a76d48f8f71a837f3ee9a06495c754a5fd0	v12/interpreters/go/pkg/interpreter/bytecode_integer_load_shape.go
untracked	engine-guard-fixture	reviewed	132	5743	095a3492c77ee718f99e9143ea290ba8cdcb9b142cfda02fa73aa6f4f5259aa0	v12/interpreters/go/pkg/interpreter/bytecode_integer_load_shape_test.go
untracked	bytecode-vm	reviewed	34	1009	288526db2b31e34946a41ba4d3c7e6f76eb14a431cab550cf4db6d107eecc8de	v12/interpreters/go/pkg/interpreter/bytecode_iterator_body_lowering.go
untracked	engine-guard-fixture	reviewed	53	1743	dbb910430b01251827ed662cac845a499fb7e5a4546217c63bbf07840d26770d	v12/interpreters/go/pkg/interpreter/bytecode_kernel_slot_test.go
modified	bytecode-vm	reviewed	981	36102	d90455f99ae488df3c7ffc417ca95deb263a646f651f6992acf566504082155b	v12/interpreters/go/pkg/interpreter/bytecode_lowering.go
modified	bytecode-vm	reviewed	229	7348	e2c7017e612d939ec3a7fd4661eefd23963c67aaeee55e709bcf5ab5cadabd51	v12/interpreters/go/pkg/interpreter/bytecode_lowering_array_slot_compare.go
modified	bytecode-vm	reviewed	280	8523	23a2d617519b59b9912ec6553278f6dcefdc2b5c92a2cab7b99d44908a9da2e9	v12/interpreters/go/pkg/interpreter/bytecode_lowering_binary_slot_const.go
untracked	bytecode-vm	reviewed	35	1014	08a1ee9095266625838f8727540e5890c25044758c5d681024d09fff2760a6d5	v12/interpreters/go/pkg/interpreter/bytecode_lowering_call_name.go
modified	bytecode-vm	reviewed	70	2278	cef21d91b492fde5235446e1d800d5589528cd01e32835f811b2b5c3996fc747	v12/interpreters/go/pkg/interpreter/bytecode_lowering_cast_slot_float_div.go
modified	bytecode-vm	reviewed	76	2641	dc8ee4ff5c7fc66ebf1fcdc4c3fe7873d99353d8aebecfc9098b064ba2a68f6f	v12/interpreters/go/pkg/interpreter/bytecode_lowering_condition_jumps.go
untracked	bytecode-vm	reviewed	194	9250	6a476697eee88a502f9736addb3b2ef4a36269bffba000da2b2bb0a84f9de8e4	v12/interpreters/go/pkg/interpreter/bytecode_lowering_context.go
modified	bytecode-vm	reviewed	672	20892	2b899b46182af36e87a9293e9ad5d2711411b70aee1bc96e1abbe00476761305	v12/interpreters/go/pkg/interpreter/bytecode_lowering_controlflow.go
modified	bytecode-vm	reviewed	161	5160	4e77ffa4df3d8d4ad273dfd19eedfe7a64b89f3dadfb1969a5050507a736f329	v12/interpreters/go/pkg/interpreter/bytecode_lowering_f64_affine_push.go
modified	bytecode-vm	reviewed	120	3857	0751e1bb5c996521a6b278a7652a5d2da7d3bc1628da8d0e52bcb202617bcc27	v12/interpreters/go/pkg/interpreter/bytecode_lowering_f64_dot_loop.go
modified	bytecode-vm	reviewed	125	4453	554ddcc69acca07cff809123f54be4c8d386597272812b03dae937ae4324d274	v12/interpreters/go/pkg/interpreter/bytecode_lowering_f64_nested_get_push.go
untracked	bytecode-vm	reviewed	89	2901	47cfc2f8531f93d2291850d675bb70665e29ab02f17927e8d1ac53d4fc13c028	v12/interpreters/go/pkg/interpreter/bytecode_lowering_float_add_condition_jump.go
untracked	bytecode-vm	reviewed	99	3120	dff8bed2c7ebf82c4abe859a6700e6c3b7b069948850c867577adffa27fdadbf	v12/interpreters/go/pkg/interpreter/bytecode_lowering_float_add_sub_store.go
untracked	bytecode-vm	reviewed	157	4926	383336032b8d1c24e74bc8c584ab08ac70f4ff2882370787e5cd93204747e7b9	v12/interpreters/go/pkg/interpreter/bytecode_lowering_float_affine_store.go
untracked	bytecode-vm	reviewed	47	1337	aa72a1076e995fc19fdcb56edb071b757971ba0be215a4a4c7d60bccf2d08cdf	v12/interpreters/go/pkg/interpreter/bytecode_lowering_float_binary_store.go
modified	bytecode-vm	reviewed	100	3424	32e58de77da079cf71d6655a390bca8bf0b498aa6ca401cf5c7e1f07090c6bc1	v12/interpreters/go/pkg/interpreter/bytecode_lowering_float_condition_jump.go
untracked	bytecode-vm	reviewed	70	2204	ec23a448daa5b2cd9bf308cb70e66ee077738de8fc1b29fb4ce12eb595fda24c	v12/interpreters/go/pkg/interpreter/bytecode_lowering_float_mul_slot_const.go
untracked	bytecode-vm	reviewed	170	4915	b27c96af98b4325fec7ddbf2de3707083656be8def354104b567abbbb19aaf53	v12/interpreters/go/pkg/interpreter/bytecode_lowering_float_region.go
untracked	bytecode-vm	reviewed	425	13565	e2f72b6aafc68427226082a149d402d4ca86d835f4009d4f3542e77d9e51ce67	v12/interpreters/go/pkg/interpreter/bytecode_lowering_float_temp_if.go
modified	bytecode-vm	reviewed	285	9414	da0c55c45e4c747cd818f8c3dcf5d36dbf6bbd09806f809d322244788d11198a	v12/interpreters/go/pkg/interpreter/bytecode_lowering_float_update.go
untracked	bytecode-vm	reviewed	113	3788	c194c88e938e2d38d5f6a37a5296683334458711aab66119c3d83be291eadcf5	v12/interpreters/go/pkg/interpreter/bytecode_lowering_float_update_pair.go
untracked	bytecode-vm	reviewed	61	2663	ab4cfa23137c2649bc64930d3685529a5fa195369f94f0d3680f5b6d33e2cb81	v12/interpreters/go/pkg/interpreter/bytecode_lowering_implicit_slots.go
modified	bytecode-vm	reviewed	63	2006	614899e10bfe2fa1cd441e37a8c6b2b6d1d5191ca56d31bd2d040bb77279c592	v12/interpreters/go/pkg/interpreter/bytecode_lowering_int_mul_const_mod.go
modified	bytecode-vm	reviewed	711	23858	d8e7a008c140ca7121ec73189d0af636bece6bfebb1db27db0264ebbb027cb16	v12/interpreters/go/pkg/interpreter/bytecode_lowering_match.go
modified	bytecode-vm	reviewed	138	4129	b6535aa8b50e5ae184e67742aedde83c7bdacbdecf83984efaefeaa6adf3d11f	v12/interpreters/go/pkg/interpreter/bytecode_lowering_members.go
modified	bytecode-vm	reviewed	32	955	9d80dd5a8d9a1b6f6688b96cf2b001028fa133965852a48f5430b6c7a48c9715	v12/interpreters/go/pkg/interpreter/bytecode_lowering_return_fusion.go
untracked	bytecode-vm	reviewed	145	4670	728daaad30d49b3d2525bb5aa877c8cfcae7cf3501669878b2eb51bce0886157	v12/interpreters/go/pkg/interpreter/bytecode_lowering_simple_type.go
untracked	bytecode-vm	reviewed	49	1463	6ded4b6d6ac932c3292011837cc76395966ac773afec075e0e26f4e19388e6ee	v12/interpreters/go/pkg/interpreter/bytecode_lowering_static_member.go
modified	bytecode-vm	reviewed	83	2773	38a33b9acb7ab90f0a2629972e71af95d3f851abc93445c0a6902be0b605da9e	v12/interpreters/go/pkg/interpreter/bytecode_lowering_struct_literals.go
untracked	bytecode-vm	reviewed	135	4058	905da3f9889e4dcd32679ba076cde095f40279ea6e90812c2e3025ab1489e95f	v12/interpreters/go/pkg/interpreter/bytecode_match_expression_program_cache.go
untracked	bytecode-vm	reviewed	160	10234	41d50f4007fca39c6f096c689022343c8136b13097a9510059dd400c85d03b45	v12/interpreters/go/pkg/interpreter/bytecode_op_names.go
untracked	bytecode-vm	reviewed	302	10932	05a8068e610ce3fd5815b20f6ae657150711f105928d92e8f95a6b36f074e9d6	v12/interpreters/go/pkg/interpreter/bytecode_primitive_materialization_stats.go
untracked	engine-guard-fixture	reviewed	159	5271	76ee15331f46601c37226baaa3d7f402cce14b826d69e0fb19ae65e0a89c0ddf	v12/interpreters/go/pkg/interpreter/bytecode_primitive_materialization_stats_test.go
modified	bytecode-vm	reviewed	124	3497	b1d6cb8ba94d5de11fe72093b24572cdb88c2ffcda2135d34853cbdf902d59be	v12/interpreters/go/pkg/interpreter/bytecode_program_generic_names.go
untracked	engine-guard-fixture	reviewed	83	2412	1365beea687852e4844c453edbb95def0bfa3dab3003d6536e689f2114d2454f	v12/interpreters/go/pkg/interpreter/bytecode_program_generic_names_test.go
untracked	bytecode-vm	reviewed	43	1617	abc29cd000a71bc65692c5626da9b9e52aa0cede4c3c03b38179dc940404f78d	v12/interpreters/go/pkg/interpreter/bytecode_program_metadata.go
untracked	engine-guard-fixture	reviewed	95	3653	b7619c86bf80d4e506e619b00043b3ddee082c49e2886fab4a86fac774015cb6	v12/interpreters/go/pkg/interpreter/bytecode_program_metadata_test.go
untracked	bytecode-vm	reviewed	392	17122	c53e6d70f35411f45a5587353539cbd5052fac3695001c7881443aa29c0bc31a	v12/interpreters/go/pkg/interpreter/bytecode_program_reach.go
untracked	engine-guard-fixture	reviewed	168	6503	2ea98d021ad8de9f5248268a15d67ce3926b659bad8b7cff17966e2e250ad93a	v12/interpreters/go/pkg/interpreter/bytecode_program_reach_test.go
modified	engine-guard-fixture	reviewed	981	35843	0a97282617097f4f7af5d6ef6d7f050c3f233ba8ef72d8eb03c85c1ff124bc86	v12/interpreters/go/pkg/interpreter/bytecode_program_runtime_bench_test.go
untracked	bytecode-vm	reviewed	16	461	01111c38e179991d427e76d66774f8dae10ad233e79e6441a1b5a77ab8dc05d3	v12/interpreters/go/pkg/interpreter/bytecode_quickening_binary_compare.go
untracked	engine-guard-fixture	reviewed	65	2649	6bca7a2b73465ad1037cdf473691034df41e0fbe880387617c8c80ddddaf51cd	v12/interpreters/go/pkg/interpreter/bytecode_quickening_binary_compare_test.go
modified	engine-guard-fixture	reviewed	97	2312	c8159a7497a7b8fee142a0fdb1b7a20ab100d4db9796bb57dd2df919354ad640	v12/interpreters/go/pkg/interpreter/bytecode_quicksort_hotloop_bench_test.go
untracked	bytecode-vm	reviewed	306	10554	97923402725f43f0272328754e1e6f6f6e8eb7545addfdb68f7450de75e87d5f	v12/interpreters/go/pkg/interpreter/bytecode_scalar_proof.go
untracked	bytecode-vm	reviewed	46	1366	fd45e4e786d372a99dd4bc4c67284c4731ee6dd0f2ff4377f049aee463cc5d77	v12/interpreters/go/pkg/interpreter/bytecode_scalar_proof_native.go
untracked	deferred-wasm-shim	hold-deferred-wasm	9	221	36f8ebbca98f41533c98e188f429fef3d67ec95e6eb0a52b53fd8ea320c1b20b	v12/interpreters/go/pkg/interpreter/bytecode_scalar_proof_wasm.go
untracked	engine-guard-fixture	reviewed	175	5041	484a58b21b9a4f7640d5a6859979818ca431478ca45322b8e7ba7b1124ba0c2b	v12/interpreters/go/pkg/interpreter/bytecode_scope_lowering_test.go
untracked	bytecode-vm	reviewed	269	7487	d5b3e5fb6a94cf0aecf54a3d75ab197c8692991e43a5e84d682933b0080e1816	v12/interpreters/go/pkg/interpreter/bytecode_scope_transient.go
modified	bytecode-vm	reviewed	946	28539	8087cf7fdefc4137bed1f62c3ebe2b898791f93776dd143720096bcf7ee4aa88	v12/interpreters/go/pkg/interpreter/bytecode_slot_analysis.go
modified	bytecode-vm	reviewed	444	12706	c122981640d53978dd86572e1c33f1e9232666288fb28fd159b9724490183e2c	v12/interpreters/go/pkg/interpreter/bytecode_slot_analysis_env.go
untracked	engine-guard-fixture	reviewed	128	3773	00487e582042cc124867dc9f4fdbae91bbabbbe21bedbc00731db68e77e06e3f	v12/interpreters/go/pkg/interpreter/bytecode_slot_analysis_self_test.go
modified	engine-guard-fixture	reviewed	948	26118	0a5440f164f3193e84a06b9c1bebcea83554b37ddd9413186e2991db4ae0bc53	v12/interpreters/go/pkg/interpreter/bytecode_slot_analysis_test.go
untracked	bytecode-vm	reviewed	257	7088	f045551b6073bd9e75cec4c9f808c0c2340ae51840f6cb56a9e1392a676c4512	v12/interpreters/go/pkg/interpreter/bytecode_slot_lambda_capture.go
untracked	engine-guard-fixture	reviewed	127	2947	5ebeaade7f0f07835e305a5c5e8ce3e120494b37e7bd60aceb3297e63199dd9a	v12/interpreters/go/pkg/interpreter/bytecode_slot_lambda_capture_test.go
untracked	bytecode-vm	reviewed	188	5434	4e1ca85d7be7a4ee6644118bbd921f5e42a6006d1000acbde3684e008980a0c6	v12/interpreters/go/pkg/interpreter/bytecode_type_proofs.go
untracked	deferred-wasm-shim	hold-deferred-wasm	38	1067	9a41ed27c7efc991541a1e99fcfe8c94c8d760d3bb7125d20e212d152864ad48	v12/interpreters/go/pkg/interpreter/bytecode_type_proofs_wasm.go
modified	bytecode-vm	reviewed	217	7352	0edfeba2a1adcaf742e824be43fc764fd42791818a27f08136ffe16dc6347a29	v12/interpreters/go/pkg/interpreter/bytecode_vm.go
modified	bytecode-vm	reviewed	380	11780	20f83196a2b65bd350810079d215bdb59fbc9e8f1bbed08dc84fb9e112a817e0	v12/interpreters/go/pkg/interpreter/bytecode_vm_array_get_overload_fast.go
untracked	engine-guard-fixture	reviewed	74	2379	d6e7e2cfd793d8bc520593648f2b209bff2e337d072b8722bdc08de560a79775	v12/interpreters/go/pkg/interpreter/bytecode_vm_array_get_propagation_bench_test.go
modified	bytecode-vm	reviewed	299	9120	75e0c696e4184878791725cfe6da29034316f7d2249863eb499a705796a1cc9d	v12/interpreters/go/pkg/interpreter/bytecode_vm_array_get_propagation_fast.go
modified	engine-guard-fixture	reviewed	159	5320	736fc9f05f93ad0ad4530be143a52461bd36d89e2990e29c5e50b547906ea833	v12/interpreters/go/pkg/interpreter/bytecode_vm_array_get_propagation_fast_test.go
untracked	engine-guard-fixture	reviewed	185	6482	85b20d8ad96451a7ef19d5e0975dfec2e682d5dd41a33ce4f8ea2a66fbffca4c	v12/interpreters/go/pkg/interpreter/bytecode_vm_array_index_propagation_token_test.go
modified	bytecode-vm	reviewed	284	9579	0fa358ab6d6f6b45fb4d4e9d1e0bd301f05466797cfc865340811a2b36b06bf9	v12/interpreters/go/pkg/interpreter/bytecode_vm_array_index_swap.go
modified	engine-guard-fixture	reviewed	562	20590	dbd60e7a4b264b8b842ae07fcfae8e1877bedf88fe8bbfae1c84ea6ba664b4a0	v12/interpreters/go/pkg/interpreter/bytecode_vm_array_index_swap_test.go
modified	bytecode-vm	reviewed	967	35025	53d3629606ef92fd8d048ff2856bc2667107eefefe83bb659d2933e80abbc50d	v12/interpreters/go/pkg/interpreter/bytecode_vm_array_member_fast.go
modified	bytecode-vm	reviewed	263	9801	0e67502c0fb5b59840d08db19b61e2855b8a94ccde4bf5bf515be6d0b5f0f923	v12/interpreters/go/pkg/interpreter/bytecode_vm_array_member_fast_array.go
untracked	engine-guard-fixture	reviewed	300	8631	f09eadfcdef871fc3f8ec6119308b51450cdb41211c4b447688c6ba3565f9aab	v12/interpreters/go/pkg/interpreter/bytecode_vm_array_member_fast_char_test.go
modified	engine-guard-fixture	reviewed	980	36388	9bc77901599767108d206e995e6451b4cd1f6a434d514cc2edb7fa61a29044a7	v12/interpreters/go/pkg/interpreter/bytecode_vm_array_member_fast_test.go
untracked	engine-guard-fixture	reviewed	244	8511	cb59e03665e0e3640f3c6b0d20602418de95506022144e7c661902a1cf492452	v12/interpreters/go/pkg/interpreter/bytecode_vm_array_member_fast_unsigned_test.go
modified	bytecode-vm	reviewed	145	4712	7f940b17948582d1f8738cab47c9b6971838a78d1b8f49dffd400a14aa4e8f22	v12/interpreters/go/pkg/interpreter/bytecode_vm_array_new_call_cache.go
modified	engine-guard-fixture	reviewed	96	2877	3c9b9b3c9f97937da0f2a5e265275971eec540339b4600edff14bc71c539277e	v12/interpreters/go/pkg/interpreter/bytecode_vm_array_new_call_member_fast_test.go
untracked	bytecode-vm	reviewed	607	18654	efb0e678b69c290114d442723ddc7ac6283973c3cfdebb24c562a17f68551528	v12/interpreters/go/pkg/interpreter/bytecode_vm_array_ownership.go
untracked	engine-guard-fixture	reviewed	305	12785	8945eadfb281ee2c53d15ff263c609c57e5cc5a064ee009d372d91a8fb82ebe2	v12/interpreters/go/pkg/interpreter/bytecode_vm_array_ownership_test.go
untracked	engine-guard-fixture	reviewed	63	1784	2fb16237d69692e1746a30f7ef8c10d1ca1e4f5e574673378fb53f840cda1f26	v12/interpreters/go/pkg/interpreter/bytecode_vm_array_pop_regression_test.go
modified	bytecode-vm	reviewed	154	4774	9a565563dd8900a763701bb6a620b667391b5d7fc85f0356004b5ec57e83a29e	v12/interpreters/go/pkg/interpreter/bytecode_vm_array_push_fast.go
untracked	engine-guard-fixture	reviewed	682	22542	de2fc77e1e1c69412caf25fe43f22ef28f6fe5fe3eeefb0e6d73df915b29c0ec	v12/interpreters/go/pkg/interpreter/bytecode_vm_array_push_fast_bench_test.go
modified	bytecode-vm	reviewed	233	8173	b02dfcc43d98624d79476fb484a71fdbe19bcec5bd11899bf0b3683bc27a6461	v12/interpreters/go/pkg/interpreter/bytecode_vm_array_slot_call_cache.go
untracked	engine-guard-fixture	reviewed	350	12145	0069c69eaae56a6d13068c4cbc965f4caa02e68ea98100d1321e67a1accc6b64	v12/interpreters/go/pkg/interpreter/bytecode_vm_array_slot_call_cache_bench_test.go
modified	bytecode-vm	reviewed	499	15776	c4f3db12c824de2bb13368bbf6c15e9afacb17bc1430f7db20172f6565d9576a	v12/interpreters/go/pkg/interpreter/bytecode_vm_array_slot_compare.go
modified	engine-guard-fixture	reviewed	578	19027	6e0cb411863e5f50f6eff3ad65799f1c051f99fa5bb9d5979d0761424630708d	v12/interpreters/go/pkg/interpreter/bytecode_vm_array_slot_compare_test.go
untracked	bytecode-vm	reviewed	72	2207	81725b19651fba45e864e9675b69ca1758e6aff006900c47012bac377adf1ebc	v12/interpreters/go/pkg/interpreter/bytecode_vm_array_slot_i32.go
modified	bytecode-vm	reviewed	319	11232	767ccbf8620b6dacb20cba0018c93c70385c45d3a0e7fa6c57e159f83556274c	v12/interpreters/go/pkg/interpreter/bytecode_vm_array_slot_member_fast.go
modified	engine-guard-fixture	reviewed	734	26811	99cfaf2e946fcb426af070044808fa5dfe6481cc352182afa024576f031e08e9	v12/interpreters/go/pkg/interpreter/bytecode_vm_array_slot_member_fast_test.go
modified	bytecode-vm	reviewed	244	9075	e38667b070fe3f70c0cd3b3aa9cfac28497752c89fb75b7c8015be242c2c5911	v12/interpreters/go/pkg/interpreter/bytecode_vm_array_slot_swap.go
modified	bytecode-vm	reviewed	179	5008	ed10333fe9a7829a99bf4e07bcf7fc54eafd9b6e3409db3c9bffe9aa0cdd27fa	v12/interpreters/go/pkg/interpreter/bytecode_vm_assign.go
modified	engine-guard-fixture	reviewed	960	33310	17469d9614e537a54a4b92e99879ff8632d2b5e9300e15c174c3159288753714	v12/interpreters/go/pkg/interpreter/bytecode_vm_binary_fastpath_test.go
modified	engine-guard-fixture	reviewed	270	6292	2a58b83ac39c0d32f5dd1920052b6c9f0323e46e7ca735da6b8d4d2eec19b28c	v12/interpreters/go/pkg/interpreter/bytecode_vm_bound_method_inline_test.go
modified	bytecode-vm	reviewed	88	2218	295d1755bd129e74b30e88b204c96717578baad8c3e4737d33e1e3f542fba6b0	v12/interpreters/go/pkg/interpreter/bytecode_vm_branches.go
untracked	bytecode-vm	reviewed	353	12450	3fc18352b473e10b8de222bdfc7660293d4e03aa775617adce8a70c1a38a0ed5	v12/interpreters/go/pkg/interpreter/bytecode_vm_call_dispatch.go
modified	bytecode-vm	reviewed	470	19105	b19711828459126694e4607610e9ffaa0556dc54516e8564cf748cb63535a1fa	v12/interpreters/go/pkg/interpreter/bytecode_vm_call_frames.go
modified	bytecode-vm	reviewed	833	34760	84a53de37eef19314b53ec8a5bfb339a7dad4a09131de2e77561e102816e907d	v12/interpreters/go/pkg/interpreter/bytecode_vm_call_member.go
untracked	bytecode-vm	reviewed	74	2645	0b6edc27235feb1272ca8e4be8949cc3c9aa1364e3a6cfdf471cc1f38f1c85c2	v12/interpreters/go/pkg/interpreter/bytecode_vm_call_member_receiver.go
untracked	bytecode-vm	reviewed	176	6077	6f8561f094e2f3c73832c81e234376c06bb1715599741388905c1bf4bdd79b1b	v12/interpreters/go/pkg/interpreter/bytecode_vm_call_member_resolved.go
modified	engine-guard-fixture	reviewed	990	26609	e284b905493860e012adefaae15bd8e78ecab7cf172931bf78ae724e360556f9	v12/interpreters/go/pkg/interpreter/bytecode_vm_call_member_test.go
modified	bytecode-vm	reviewed	786	27254	bbddc8dcbd550f60f8fb8349d35bb4766a45a1bf6dacbaf39b5d43893bff0bf2	v12/interpreters/go/pkg/interpreter/bytecode_vm_call_name_cache.go
modified	engine-guard-fixture	reviewed	803	27807	dd30356bf005757948069bfc01440b1cd176cb94aade5f166bea958d43a252c2	v12/interpreters/go/pkg/interpreter/bytecode_vm_call_name_cache_test.go
untracked	bytecode-vm	reviewed	181	6518	609920308855fd3412748e389a6dc15776b995c4f49800554fbce000b7661bef	v12/interpreters/go/pkg/interpreter/bytecode_vm_call_name_exec.go
modified	bytecode-vm	reviewed	348	11385	c7343b844b3eb85a0d3c3edf5b23497d706a6493f4bd9ad7fda6f3d75e3fd25e	v12/interpreters/go/pkg/interpreter/bytecode_vm_call_native_fast.go
modified	engine-guard-fixture	reviewed	437	14443	2d34deec5cee98c2d9b0e6170feff4ecc6b550e6866e5f774ab6ee5f25796b04	v12/interpreters/go/pkg/interpreter/bytecode_vm_call_native_fastpath_test.go
modified	bytecode-vm	reviewed	282	10213	8413c093812597236fe1ee151c840057e8969d509863c0044957816b8bfa5259	v12/interpreters/go/pkg/interpreter/bytecode_vm_call_self_slot_const.go
modified	bytecode-vm	reviewed	944	33230	0019e48dd8b2b3aa5a6e827fd71112c926c724e9b40c11ec2acc8dde3f12b2e5	v12/interpreters/go/pkg/interpreter/bytecode_vm_calls.go
untracked	bytecode-vm	reviewed	279	8977	46f78bbebda73ccd7e769e1428299e99acf96c4e458a285bc9aa5eb3de7856a3	v12/interpreters/go/pkg/interpreter/bytecode_vm_canonical_defs.go
modified	bytecode-vm	reviewed	116	3974	95cbaf8044e308e0ac525e1869c7606e8191bffb68e9f56bd655fdb8b3a05c08	v12/interpreters/go/pkg/interpreter/bytecode_vm_cast_slot_float_div.go
modified	engine-guard-fixture	reviewed	348	11344	a13f61783799e077e5e10f68fcb85d9aacd195fdfeb858e5037254e05d567b1f	v12/interpreters/go/pkg/interpreter/bytecode_vm_cast_slot_float_div_test.go
untracked	engine-guard-fixture	reviewed	84	2475	4896f568bdc4882993036302ad6d56573588b92fe281ee2a1e82d8eeab54cdba	v12/interpreters/go/pkg/interpreter/bytecode_vm_concurrent_raw_integer_test.go
modified	bytecode-vm	reviewed	83	3063	51caa9a5be600b348a93f770d35b00eaec3b555485c7c4ea8e858b1a84882cc9	v12/interpreters/go/pkg/interpreter/bytecode_vm_const_validation.go
untracked	engine-guard-fixture	reviewed	40	1590	b6ac18ff4ffdb7a1d2d95f3038b94f56985a34f9678b7438b112e202f7284249	v12/interpreters/go/pkg/interpreter/bytecode_vm_const_validation_bench_test.go
modified	engine-guard-fixture	reviewed	255	9172	291a341172777cb36c92a07b0328903c6380a426b6a569009006fe0ac5b05fca	v12/interpreters/go/pkg/interpreter/bytecode_vm_const_validation_test.go
modified	bytecode-vm	reviewed	362	10504	14190023538cbb61904a15e69eb933cf7e236914fb556610a4a8988dd5521fd2	v12/interpreters/go/pkg/interpreter/bytecode_vm_controlflow.go
modified	bytecode-vm	reviewed	118	3281	2222bbd0f519af9c89b6fe6a01f6525b9c187bf058eb51a1f4a54d076cffc7f2	v12/interpreters/go/pkg/interpreter/bytecode_vm_definitions.go
modified	bytecode-vm	reviewed	43	1037	6b77fc66ef3f527459e068f58dd67e1f620d733eb036ca3d10debf3de215f03d	v12/interpreters/go/pkg/interpreter/bytecode_vm_ensure.go
untracked	bytecode-vm	reviewed	14	650	e3eed5d5ae98f690ffdee7976eac3f1e239bac7c33c351718a84399c92279c77	v12/interpreters/go/pkg/interpreter/bytecode_vm_environment_values.go
untracked	engine-guard-fixture	reviewed	88	2622	04316901fe28ddcac2cb046667fcd574ae169f50d8c0f9381e61619248b05949	v12/interpreters/go/pkg/interpreter/bytecode_vm_environment_values_test.go
untracked	bytecode-vm	reviewed	45	1222	24e8ce56f39364e4924f1e7e938af328df9f652ac796a6a38bf3497676e6700c	v12/interpreters/go/pkg/interpreter/bytecode_vm_exact_native_array.go
modified	engine-guard-fixture	reviewed	68	2701	ae70bafcd579aecca7e7a563e2f077e641e6f11421e55b8813e386e0d8a7a9a8	v12/interpreters/go/pkg/interpreter/bytecode_vm_expression_cache_test.go
modified	bytecode-vm	reviewed	129	3977	21b57d230a3db90f08d54c2162c4093ff3af2a7da4a48c1a83c8e4c3972505b9	v12/interpreters/go/pkg/interpreter/bytecode_vm_f64_affine_push.go
modified	engine-guard-fixture	reviewed	307	10183	9b7408c11dfce9de67f9bed2ca9bbe828775208727a8a74c6a227c1eec0ad542	v12/interpreters/go/pkg/interpreter/bytecode_vm_f64_affine_push_test.go
modified	bytecode-vm	reviewed	66	1781	60084c3ed3929a1b4ca04de190abf3d61313e43a99770d0876aa847236cc8b38	v12/interpreters/go/pkg/interpreter/bytecode_vm_f64_affine_row_loop.go
modified	engine-guard-fixture	reviewed	165	5216	9b55df2836bd62c0ee75da0acf10723812573ebc1ac44b61bee7c6910145ae55	v12/interpreters/go/pkg/interpreter/bytecode_vm_f64_affine_row_loop_test.go
modified	bytecode-vm	reviewed	263	7457	4f858d234f72c8cd543ae185f3036d9aafbadceb4b9fd45267a5546173f8cee3	v12/interpreters/go/pkg/interpreter/bytecode_vm_f64_dot_loop.go
modified	bytecode-vm	reviewed	351	10953	37ada76f460574d706d49aaf2b7e9a1736f376f2b369859f6657cd1e82859746	v12/interpreters/go/pkg/interpreter/bytecode_vm_f64_matrix_row_loop.go
modified	engine-guard-fixture	reviewed	348	12723	8147aabecc8d93331ab9dfec2018b037aa7dccacaae2d0843b27e580038e45a3	v12/interpreters/go/pkg/interpreter/bytecode_vm_f64_matrix_row_loop_test.go
modified	bytecode-vm	reviewed	98	2855	e167255f85549d8774f89fdacbae26a78076e58e7e02b36966205cf5d36fd1ba	v12/interpreters/go/pkg/interpreter/bytecode_vm_f64_nested_get_push.go
modified	bytecode-vm	reviewed	98	3022	90278d0ae6289f21e0729e8dbb58f840bbe155bce9672412fb31596d48e61ae8	v12/interpreters/go/pkg/interpreter/bytecode_vm_f64_transpose_row_loop.go
modified	engine-guard-fixture	reviewed	299	10708	7524f1ce399dde7d866d5f19c944f1e0d29a84c607fea229b4056a26842361c8	v12/interpreters/go/pkg/interpreter/bytecode_vm_f64_transpose_row_loop_test.go
untracked	bytecode-vm	reviewed	68	1911	ff3765aebef4739fac16fe4975aba3802d09638fac79e3b1bb229b0bd5d06dc0	v12/interpreters/go/pkg/interpreter/bytecode_vm_float_add_condition_jump.go
untracked	engine-guard-fixture	reviewed	139	4040	cf4383575a3c9726a625da1d7cae8b67ce0d076a135316fcf6d638cc6595f4dd	v12/interpreters/go/pkg/interpreter/bytecode_vm_float_add_condition_jump_test.go
untracked	bytecode-vm	reviewed	40	1458	c88a2c66295ba1a0e4b675e5a1895c5c79d33950da5f006cbd44fe7b9d01aab8	v12/interpreters/go/pkg/interpreter/bytecode_vm_float_add_mul_slot.go
untracked	bytecode-vm	reviewed	75	2824	a288fd3b997879dab2d9104191fe229abb1a18fff3aaa6de4b3eaa77f4fc4b8f	v12/interpreters/go/pkg/interpreter/bytecode_vm_float_add_sub_store.go
untracked	engine-guard-fixture	reviewed	123	4208	8b6cf4c2d778c8fa183615f088a8ffad9b15a2428125fc1bcc5a556309ada8cc	v12/interpreters/go/pkg/interpreter/bytecode_vm_float_add_sub_store_test.go
untracked	bytecode-vm	reviewed	111	4079	32a0dd928e708b1735fab5fa8ebe7e985db4c3342985496a8661f6db2cdee297	v12/interpreters/go/pkg/interpreter/bytecode_vm_float_affine_store.go
untracked	engine-guard-fixture	reviewed	121	3745	d886a3739bbe33467d261f53cf805c4e02e43fe4f092ce799ca7859bff0c17a9	v12/interpreters/go/pkg/interpreter/bytecode_vm_float_affine_store_test.go
modified	bytecode-vm	reviewed	330	12939	e938b5146aef47f83c8d8ad10f263361cc3777e11c2528ba146872bcb1a144e3	v12/interpreters/go/pkg/interpreter/bytecode_vm_float_array_get_update.go
untracked	bytecode-vm	reviewed	33	1256	f3ab262beac34c97dfb6ba36809112648288bd58baed61111efb7bb27a84d34f	v12/interpreters/go/pkg/interpreter/bytecode_vm_float_binary_store.go
untracked	engine-guard-fixture	reviewed	175	5139	9459a8deb604908847975e758193d6249b1b17f2d9dbc66b1852a8fedaa33116	v12/interpreters/go/pkg/interpreter/bytecode_vm_float_binary_store_test.go
modified	bytecode-vm	reviewed	160	5261	85db3b4563f1d58e68f97145a4ca857afd09c425bf492113d9bba9733a8c798d	v12/interpreters/go/pkg/interpreter/bytecode_vm_float_condition_jump.go
modified	engine-guard-fixture	reviewed	321	10422	d8c892e8d1e616c9e57c2bc67e4e0cb2b29a6ea1889e052e15a78c8e23fbc3bd	v12/interpreters/go/pkg/interpreter/bytecode_vm_float_condition_jump_test.go
modified	bytecode-vm	reviewed	91	3075	11936fdc8bb858f435275a9a8aa9c6debfe61c50f4f3b4aee079ac273ef7ecbb	v12/interpreters/go/pkg/interpreter/bytecode_vm_float_fast.go
modified	engine-guard-fixture	reviewed	254	8677	42e68184312a10165634e48cb9de6cd73b68062ce1b6d2b7f9cb71cb754f3410	v12/interpreters/go/pkg/interpreter/bytecode_vm_float_fast_test.go
untracked	engine-guard-fixture	reviewed	52	1274	0d14331c11525850c8182fb5b3c0bb46880d36ea22b2f36ca8c0f40706da1b14	v12/interpreters/go/pkg/interpreter/bytecode_vm_float_lowering_guard_test.go
untracked	bytecode-vm	reviewed	57	2078	8f61992d7c883f47cf2c0ef0c9623232e987456bb727b5f06c38ad17a63ed930	v12/interpreters/go/pkg/interpreter/bytecode_vm_float_mul_slot_const.go
untracked	engine-guard-fixture	reviewed	181	5067	73bdf0d33a0d9acf4c4b4cb3c7048a064bd750f236ad40bad325d30a920f6bc9	v12/interpreters/go/pkg/interpreter/bytecode_vm_float_mul_slot_const_test.go
untracked	bytecode-vm	reviewed	168	5830	16f2153264853e282937ccb8f1d31a6b635b422de672f8f3aa174c8277b2f794	v12/interpreters/go/pkg/interpreter/bytecode_vm_float_region.go
untracked	engine-guard-fixture	reviewed	201	6400	2c7867fdde82de290679b963a5a78e7d408ba760024d8013435d7d12fdc7197f	v12/interpreters/go/pkg/interpreter/bytecode_vm_float_region_test.go
modified	bytecode-vm	reviewed	252	8436	e81d8eed4e079441ea9fa43b88f06103a08a6a2a5bf88da7a9630ee541f7f574	v12/interpreters/go/pkg/interpreter/bytecode_vm_float_slot_update.go
modified	engine-guard-fixture	reviewed	948	33253	6f1ed2e2bfbb10d68d15c8a807b729463becdd04c1031853777d9e6804146269	v12/interpreters/go/pkg/interpreter/bytecode_vm_float_slot_update_test.go
untracked	bytecode-vm	reviewed	139	3813	f823ec9f94784b8435b858c7c5e760a42b7c7c1d7f6b8f44cb9612037200b348	v12/interpreters/go/pkg/interpreter/bytecode_vm_float_store_result.go
untracked	engine-guard-fixture	reviewed	78	2881	b8e60a3595ea56ed5cc152d3d6bbe725277e50f1c91b5ec04cdac0db3d86ef6f	v12/interpreters/go/pkg/interpreter/bytecode_vm_float_store_result_test.go
untracked	bytecode-vm	reviewed	70	2077	5e26b9aaecd59fad3895ba581384110b522db8975af83506f3b03b1c442d5804	v12/interpreters/go/pkg/interpreter/bytecode_vm_float_update_pair.go
untracked	engine-guard-fixture	reviewed	148	5328	9d9fbdea668834c655c5e45e9e7e3ac4aa79ac022635a16653309b96c4af4ed2	v12/interpreters/go/pkg/interpreter/bytecode_vm_float_update_pair_test.go
modified	engine-guard-fixture	reviewed	104	2257	33509b5b65793e1cbc940948d83109dbe7a97daccc5f989ffb518b023cfd52a3	v12/interpreters/go/pkg/interpreter/bytecode_vm_generic_interface_return_test.go
untracked	bytecode-vm	reviewed	151	5911	fb9341e0d4d53bfaf7cdbd4af04d065ce9000a5838af249951148f992997f42e	v12/interpreters/go/pkg/interpreter/bytecode_vm_generic_union_call.go
untracked	engine-guard-fixture	reviewed	70	2399	b6b5c7541b30d397133df347905899aa01b74ff61e1017bac6b473093ad6f4ad	v12/interpreters/go/pkg/interpreter/bytecode_vm_generic_union_call_test.go
untracked	engine-guard-fixture	reviewed	168	5981	d18f18a8ccffc9af12cd2116880f8cb741830e10b4a52c27b3a06bd3539301c2	v12/interpreters/go/pkg/interpreter/bytecode_vm_i32_extract_bench_test.go
modified	bytecode-vm	reviewed	187	5368	dd671cdc7ea5b06e515c827e81c82057ef6e1642bf129abdeca38f5c4689d686	v12/interpreters/go/pkg/interpreter/bytecode_vm_i32_fast.go
modified	engine-guard-fixture	reviewed	407	13533	4f333833ec79b019f13f783bed06c902af47159601003219aa193da5565d4955	v12/interpreters/go/pkg/interpreter/bytecode_vm_i32_inline_call_seed_test.go
modified	bytecode-vm	reviewed	809	23357	66199d93a8820df563bccc8c408f0f4bfc379febeb4e003cab54267eed025592	v12/interpreters/go/pkg/interpreter/bytecode_vm_i32_recurrence.go
untracked	bytecode-vm	reviewed	750	22684	74d33c61682282ecc5e9de82b02382f6a363cf2129b01aa6770a988fa4d24e6c	v12/interpreters/go/pkg/interpreter/bytecode_vm_i32_recurrence_generic.go
untracked	engine-guard-fixture	reviewed	769	28578	5c75bd0681f2776bc72b33ce5dedfcab40e1e965337b0885ae991a46866c562b	v12/interpreters/go/pkg/interpreter/bytecode_vm_i32_recurrence_generic_int_test.go
untracked	bytecode-vm	reviewed	415	11710	4e5b1124d4f8e53d7ddbde70a61e2f9cf1a101b470cdf6ef1130b8e348d5b18f	v12/interpreters/go/pkg/interpreter/bytecode_vm_i32_recurrence_generic_sparse.go
modified	engine-guard-fixture	reviewed	965	29830	006a7f6901933ee7037fc6bbf07b81e18ae54f798aa45ad7daafbaf791cf3261	v12/interpreters/go/pkg/interpreter/bytecode_vm_i32_recurrence_test.go
modified	bytecode-vm	reviewed	247	7257	b5079ae011219ca53afc10fb997cd166ae9125e8d8d5760188addb0a10b3272f	v12/interpreters/go/pkg/interpreter/bytecode_vm_i32_registers.go
modified	bytecode-vm	reviewed	320	8170	06261f774af87ab50928d20c45f4663933f534c59683681a4a1ee304d5809991	v12/interpreters/go/pkg/interpreter/bytecode_vm_i32_stack.go
modified	engine-guard-fixture	reviewed	788	25266	871c2e01509bc76a6408399428f265d2a5dc79263ba407c07cf700a77a57d2c2	v12/interpreters/go/pkg/interpreter/bytecode_vm_i32_stack_test.go
untracked	bytecode-vm	reviewed	140	3785	1b667d30d85707c00fd9d9280d335f9fbf8eba54e5d15fd697d3e25e21677a0b	v12/interpreters/go/pkg/interpreter/bytecode_vm_implicit_slots.go
modified	bytecode-vm	reviewed	42	1049	04d417850beadb429f0e046284226f3b0e5252702d89f87bfc75a8475273836b	v12/interpreters/go/pkg/interpreter/bytecode_vm_imports.go
modified	bytecode-vm	reviewed	751	28433	cd06960a1b7e86683281b53bf526348533d8342acf0231a25de3d5f4c3d0b840	v12/interpreters/go/pkg/interpreter/bytecode_vm_index_cache.go
untracked	engine-guard-fixture	reviewed	74	3347	e427e0ef89c827571c4cd3ed66faab2b3b80f40a2ff0546d30f6f9d75a5f127e	v12/interpreters/go/pkg/interpreter/bytecode_vm_index_cache_active_test.go
modified	engine-guard-fixture	reviewed	983	30454	e124371042c54242b9b99f46e5cd80db85bdddd2cb924485c390f433b4975416	v12/interpreters/go/pkg/interpreter/bytecode_vm_index_cache_test.go
untracked	bytecode-vm	reviewed	112	2893	6aa6a4530ef0aef4d97c7f73bd51dc9baf2296fd118fa28cca5d8ba5492e060a	v12/interpreters/go/pkg/interpreter/bytecode_vm_index_cache_types.go
untracked	bytecode-vm	reviewed	161	6969	0ea51141ff6b0b025f54025c9f11435b175ea26f097f36adf6d7fc79c9e1a24d	v12/interpreters/go/pkg/interpreter/bytecode_vm_index_direct_get.go
untracked	engine-guard-fixture	reviewed	43	1412	22bd131b170b1a2d087aa6a0d3555a3fce3018b260e931f88e617dad7be99ebb	v12/interpreters/go/pkg/interpreter/bytecode_vm_index_direct_get_bench_test.go
untracked	engine-guard-fixture	reviewed	47	1678	bf5fffadc0773b11cb5583a9822c4c24bb4a3856002e2ce0f0c13b09cb2420a5	v12/interpreters/go/pkg/interpreter/bytecode_vm_index_direct_get_test.go
untracked	engine-guard-fixture	reviewed	28	1070	52e02b1b1dff98731428ffa2ab3c1dceb56ae3abf8246a3628db4bb404f34de5	v12/interpreters/go/pkg/interpreter/bytecode_vm_index_error_test.go
untracked	engine-guard-fixture	reviewed	80	3361	0e3e66c7d03bf6a0acba2ad34821579015480108e78f42f8b7d0da621d0d2e14	v12/interpreters/go/pkg/interpreter/bytecode_vm_index_get_token_test.go
untracked	bytecode-vm	reviewed	506	21083	a792928580295393489bdd22628183d131a363d4a355fa94f61d9345731e2ec6	v12/interpreters/go/pkg/interpreter/bytecode_vm_index_hot_site.go
untracked	engine-guard-fixture	reviewed	537	19880	2cbe2995dca0cb52e6330bf177195e4f585edcb99baf45f9c10d8e0746b2da58	v12/interpreters/go/pkg/interpreter/bytecode_vm_index_hot_site_bench_test.go
untracked	engine-guard-fixture	reviewed	493	21228	0f056ae328d92273f0c10559a735790b5cdd88917aa2d9a2724c8866c2c052dc	v12/interpreters/go/pkg/interpreter/bytecode_vm_index_hot_site_test.go
untracked	bytecode-vm	reviewed	349	13359	e92388367cb7e02685b220f943e631824eaf718d6d3da5a7d6e2ceeeebc24565	v12/interpreters/go/pkg/interpreter/bytecode_vm_index_slot_get.go
untracked	engine-guard-fixture	reviewed	50	1912	4d689c1d29937f1f282001286331ced1372dba7dee63d3a3de61e640d7c0fc20	v12/interpreters/go/pkg/interpreter/bytecode_vm_index_slot_get_test.go
untracked	engine-guard-fixture	reviewed	32	942	2b8a7defd29ebb495cc6f82044f0126ebac1fc35ad9e9d88f67fab40079dd75f	v12/interpreters/go/pkg/interpreter/bytecode_vm_index_slot_interface_test.go
untracked	bytecode-vm	reviewed	226	8325	d817c147bcf0d30a598763fe0705f9a454787b99645a1e575f64c02233b8650a	v12/interpreters/go/pkg/interpreter/bytecode_vm_index_type_key_cache.go
untracked	engine-guard-fixture	reviewed	300	12290	1ed328ac90d4fef6a9057099fd577638c5a88770900b9953d076ee402d3f65ae	v12/interpreters/go/pkg/interpreter/bytecode_vm_index_type_key_cache_test.go
untracked	bytecode-vm	reviewed	221	6582	67e4a81da8fa2861af8ac1662b021159d9f197508b8cc78478ed389db11a2367	v12/interpreters/go/pkg/interpreter/bytecode_vm_index_types.go
modified	bytecode-vm	reviewed	48	1511	cc380a29b07f7e1b4814099f363e40dfb37c6bfc63598a0111497a7337b600fe	v12/interpreters/go/pkg/interpreter/bytecode_vm_inline_coercion.go
untracked	engine-guard-fixture	reviewed	55	1112	44a21918daaffc49d7fcd7849fd6b80a81c9ab5d30e19807dd1d8bb556970012	v12/interpreters/go/pkg/interpreter/bytecode_vm_inline_raw_arg_regression_test.go
modified	bytecode-vm	reviewed	186	6053	82694787502804ef2d0728dd8dfe0255799f889335e81f58ffd9e0ec68a19866	v12/interpreters/go/pkg/interpreter/bytecode_vm_int_affine_update.go
modified	bytecode-vm	reviewed	217	7386	51c3289923d8b8956499f91de080b06b8611ef9cc48d34191633d61b5e887852	v12/interpreters/go/pkg/interpreter/bytecode_vm_int_mul_const_mod.go
modified	engine-guard-fixture	reviewed	147	6222	9442c77fe8e1d3ee9e5f9697e865d0498f886f38a1b0e5de917c3589b0fd81cb	v12/interpreters/go/pkg/interpreter/bytecode_vm_int_mul_const_mod_test.go
untracked	bytecode-vm	reviewed	441	12605	29832d63d82b3d38b11b67e20e1977a40dfcbf49f7a5e317a34cfe4dd7d14c1f	v12/interpreters/go/pkg/interpreter/bytecode_vm_integer_compare.go
untracked	bytecode-vm	reviewed	195	5576	c3a0f98f0ba5464d3ae2bb03e1c1c809d25d3341006e46324c3a6ac38587338a	v12/interpreters/go/pkg/interpreter/bytecode_vm_integer_fast.go
untracked	engine-guard-fixture	reviewed	95	2158	eb0e39ee22d7b230427535e6c703acf3a9fe54190b7611c0d8c77011602d1a29	v12/interpreters/go/pkg/interpreter/bytecode_vm_iterator_adapter_bench_test.go
untracked	bytecode-vm	reviewed	131	4635	80004f1c106acca4993b7999e37226a7b1879496bd114892ce94048f6576aab5	v12/interpreters/go/pkg/interpreter/bytecode_vm_iterator_call_member_fast.go
untracked	engine-guard-fixture	reviewed	257	8684	bcbce216da5ba896d1c8b6f94e5ed402acfb7040a2798065af04b131ee4f5a5b	v12/interpreters/go/pkg/interpreter/bytecode_vm_iterator_call_member_fast_test.go
untracked	bytecode-vm	reviewed	333	10338	2bad4d3243f832a35a1799e47fff32767d539a847259638d64a00fbcca27cdd2	v12/interpreters/go/pkg/interpreter/bytecode_vm_iterator_frame.go
untracked	engine-guard-fixture	reviewed	156	3812	ce0053ae70e0aa36749572a8a7d503426d1a841a6894dbc0ce572edbba12180c	v12/interpreters/go/pkg/interpreter/bytecode_vm_iterator_frame_test.go
untracked	engine-guard-fixture	reviewed	32	1108	5d66cc5c0b4ac689649e9acd9c5bf7724998451c66c40bca2ca5d596931fda17	v12/interpreters/go/pkg/interpreter/bytecode_vm_iterator_literal_slot_test.go
modified	bytecode-vm	reviewed	27	1191	702bf786a4fdd84690a46187a447d9e8e57b7f8a9dded1e3a79d1472618ad545	v12/interpreters/go/pkg/interpreter/bytecode_vm_jump_ops.go
modified	bytecode-vm	reviewed	164	4610	3b0f3e66b8d59ff91a4aea5a95fc47db8f1a8b2da561891baf841b176c704404	v12/interpreters/go/pkg/interpreter/bytecode_vm_literals.go
modified	engine-guard-fixture	reviewed	151	5380	4f7517d6c4776f93ca854563c12c52036a0178cf80b591bdb90f7585e57e91d5	v12/interpreters/go/pkg/interpreter/bytecode_vm_literals_test.go
modified	bytecode-vm	reviewed	713	26654	89fffd986bcf34ddd9bb8847a14da80e1f2014722f2dfde555c3a3290bb72023	v12/interpreters/go/pkg/interpreter/bytecode_vm_lookup_cache.go
untracked	engine-guard-fixture	reviewed	534	18563	2e096af511b2879a93a890f75dd339b322374f4e313bc46e575e9cb7e8949f55	v12/interpreters/go/pkg/interpreter/bytecode_vm_lookup_cache_bench_test.go
untracked	engine-guard-fixture	reviewed	805	32892	e66bb6bc6f8af3f3ae7db5093490f79056538c5dd0b63b4787c5b6cf914d9e90	v12/interpreters/go/pkg/interpreter/bytecode_vm_lookup_cache_test.go
modified	bytecode-vm	reviewed	57	1191	f36c7d6dd23141c0be3797b96c82a1cc9e7a8b171e73108cc52aada24a3f6652	v12/interpreters/go/pkg/interpreter/bytecode_vm_loops.go
untracked	engine-guard-fixture	reviewed	97	3013	f37e889dba0470b0b9be1292d31ff6ba578006bdbd9274d487626ec3691a11a9	v12/interpreters/go/pkg/interpreter/bytecode_vm_match_env_test.go
modified	bytecode-vm	reviewed	548	16769	a818f0c39605b8df401a1a1190a31e989a0dd1a43f4dbd979db87cd6ce79317b	v12/interpreters/go/pkg/interpreter/bytecode_vm_match_fast.go
untracked	engine-guard-fixture	reviewed	58	1606	ae1571d61aece2bedf28206565c541c7bcaf64c80756007633469fcd3c4699a4	v12/interpreters/go/pkg/interpreter/bytecode_vm_match_fast_bench_test.go
untracked	engine-guard-fixture	reviewed	428	14584	b8d3c6e6abae86e584a4e9d70358ef29faf7905ac93393dceb63dc5b96f2f861	v12/interpreters/go/pkg/interpreter/bytecode_vm_match_fast_test.go
modified	engine-guard-fixture	reviewed	518	18055	b8170f92ab1c9ecafa755dc9e54495e5356dc01c00aea8ab65677322f94bd372	v12/interpreters/go/pkg/interpreter/bytecode_vm_match_slot_test.go
untracked	engine-guard-fixture	reviewed	515	11936	b150485ccf1d174799ec7b24ac2fb2380654ec424a97616acbed04c3e259e6e4	v12/interpreters/go/pkg/interpreter/bytecode_vm_matrix_regression_test.go
modified	engine-guard-fixture	reviewed	598	17433	88ed13bb5b7558f673b8d9cd553ea17b45676097fa6e05f469163a4290c70240	v12/interpreters/go/pkg/interpreter/bytecode_vm_member_access_fast_test.go
modified	bytecode-vm	reviewed	935	35777	f100e2fc6eeb5bd7f08e464c698bda683eb8b74f76cabbea86971a87728a05ca	v12/interpreters/go/pkg/interpreter/bytecode_vm_member_cache.go
untracked	engine-guard-fixture	reviewed	51	1587	00616d4716e5f4dde0e14f3b3d7036eaf765a22a293ef56ad59c3a263bbcaee0	v12/interpreters/go/pkg/interpreter/bytecode_vm_member_cache_capacity_test.go
modified	engine-guard-fixture	reviewed	973	28713	ee658ebe9ba774bc41b041a6f19049fdea6b70ec7c7744708105110a65be29ac	v12/interpreters/go/pkg/interpreter/bytecode_vm_member_cache_test.go
untracked	engine-guard-fixture	reviewed	183	6314	9da82aa51ecf0258c0e3eaa21abe7eca17b59825fb804eda994a70d1eb6cfb27	v12/interpreters/go/pkg/interpreter/bytecode_vm_member_direct_cache_test.go
modified	bytecode-vm	reviewed	456	15632	58d8c680a7de78ab4a63f439b295474d42d481136552900cf98e58f0e3400623	v12/interpreters/go/pkg/interpreter/bytecode_vm_members.go
modified	engine-guard-fixture	reviewed	174	6627	f154e025a55224a620ee890aa347455cac4b939a6739d4fb0c0b65294545d775	v12/interpreters/go/pkg/interpreter/bytecode_vm_minimal_return_fast_test.go
untracked	engine-guard-fixture	reviewed	155	5255	1b25875ef3bb2f2634ab65ca8b95152bcd0bb67182c3a0faca130bf5fe82bdc4	v12/interpreters/go/pkg/interpreter/bytecode_vm_native_raw_args_test.go
untracked	engine-guard-fixture	reviewed	213	6081	cbfe5aade361be6c0993915cb960fd7f18ceb96be7fc2c22a318483e9efe85c6	v12/interpreters/go/pkg/interpreter/bytecode_vm_operand_stack_test.go
modified	bytecode-vm	reviewed	916	31292	aee4dd698282c33ec3ab435d1beb1ee7e670e91fb69dd8954370a1fad6a1ab6d	v12/interpreters/go/pkg/interpreter/bytecode_vm_ops.go
modified	bytecode-vm	reviewed	55	1332	827d9c90040c7a0836ef31a3ad7f5c731d522459aedc76fc7025780fce2b965f	v12/interpreters/go/pkg/interpreter/bytecode_vm_or_else.go
modified	bytecode-vm	reviewed	71	1797	97f65f429b7456de02ae35e831e1a389a4e58a6af6176fac6f0cd633cbfb78fc	v12/interpreters/go/pkg/interpreter/bytecode_vm_placeholder.go
modified	bytecode-vm	reviewed	214	6162	8729bfa30f0edb32e5fb0b612070c5c79122c16734717d1c246d32311a5317fd	v12/interpreters/go/pkg/interpreter/bytecode_vm_pool.go
modified	engine-guard-fixture	reviewed	60	3115	d096fa8e6b1acc5d5ce6313750eff7db8b1c6b46f21666c62f292f7aa62f5336	v12/interpreters/go/pkg/interpreter/bytecode_vm_pool_cache_test.go
untracked	bytecode-vm	reviewed	115	4449	2f11f9e29a0414c2ff8bf1fe6207023e39626f53505578b03c48226d92c0ac68	v12/interpreters/go/pkg/interpreter/bytecode_vm_primitive_array_fast.go
untracked	engine-guard-fixture	reviewed	215	9594	4004d561e18bb8ec53e3716d3d7daf1d0d99d368ea22fb8ea6759a17694ee13f	v12/interpreters/go/pkg/interpreter/bytecode_vm_program_switch_test.go
modified	bytecode-vm	reviewed	26	882	4266fdb7d3f3bee28917c2dcfce812bf8c3a4fb7f831af3627bb36a0862c876d	v12/interpreters/go/pkg/interpreter/bytecode_vm_propagation.go
untracked	bytecode-vm	reviewed	72	2306	f8b8bf1d36d4ef68aac74687d4f905f9f0f8d80e47f18280b6d0196ac232b08f	v12/interpreters/go/pkg/interpreter/bytecode_vm_propagation_fast.go
untracked	bytecode-vm	reviewed	20	495	cded247dc1ddddce658e190d4aac221052cd438edb72284adb0fdc9a010cc435	v12/interpreters/go/pkg/interpreter/bytecode_vm_raise.go
untracked	bytecode-vm	reviewed	60	1798	9682d6424402481c975a8d461b1be90752282c5e013b3fe9c64d85777b2d7833	v12/interpreters/go/pkg/interpreter/bytecode_vm_raw_float_value.go
modified	bytecode-vm	reviewed	82	2362	1b605e1bccd2ad930ef72542966f67e04e6ffffc0130bf31490e114fe7bfec64	v12/interpreters/go/pkg/interpreter/bytecode_vm_raw_i32_value.go
modified	bytecode-vm	reviewed	111	2912	2dba67ef9231a96d5e5b7ec244c6779b53fe0ab36bf1be81d35b2cc991de14d7	v12/interpreters/go/pkg/interpreter/bytecode_vm_raw_i64_value.go
untracked	bytecode-vm	reviewed	528	15289	e883d912acbca042c2d7c26408c90172edbcb386adb8dc5b8d3675c3b757b97f	v12/interpreters/go/pkg/interpreter/bytecode_vm_raw_integer_value.go
untracked	engine-guard-fixture	reviewed	921	32877	1ec6ef502860716a97597f1fc43d0f2927f3bca5e2105a087e1027aac0ee95de	v12/interpreters/go/pkg/interpreter/bytecode_vm_raw_integer_value_test.go
modified	bytecode-vm	reviewed	68	1760	738ccc4f74d8790d7be1f1a01d06f26aa135b6186cdf27142c42963b011fedaf	v12/interpreters/go/pkg/interpreter/bytecode_vm_rescue.go
modified	bytecode-vm	reviewed	614	23821	a7a9867f7ca90f928c92c67e39bd2ffe43f9aef8d26dd6c9cef71b7e517fcfb4	v12/interpreters/go/pkg/interpreter/bytecode_vm_return.go
untracked	engine-guard-fixture	reviewed	399	13084	9cf038ba8ed80b21f76b66064608c75c9f1c0ac6e60806ebb2026c5024f94dbd	v12/interpreters/go/pkg/interpreter/bytecode_vm_return_binary_test.go
untracked	engine-guard-fixture	reviewed	352	11583	ada7d6f1692a86b0ee332061f980a623c1801d296eda6bbfc67d1291d98896df	v12/interpreters/go/pkg/interpreter/bytecode_vm_return_slot_const_compare_test.go
modified	bytecode-vm	reviewed	998	29653	1710cb15a38a50bf5097c89ecf441e27f49240c9389b8a824b9b5986033a7f23	v12/interpreters/go/pkg/interpreter/bytecode_vm_run.go
modified	bytecode-vm	reviewed	33	1202	104ea979f0cdcf5f86b4a7a1823547679eea64d46e47a3e2dc4d0c23bcddb35e	v12/interpreters/go/pkg/interpreter/bytecode_vm_run_calls.go
modified	bytecode-vm	reviewed	194	6293	46f6d7b9bd4a9196f5081c458477a3318fe647f70407ec56a5de213818743163	v12/interpreters/go/pkg/interpreter/bytecode_vm_run_finalize.go
modified	bytecode-vm	reviewed	31	1055	6db957151b0889b7b6121d3ec5cad398afd530e87d7901bc4878bed7cb789a77	v12/interpreters/go/pkg/interpreter/bytecode_vm_run_prepare.go
modified	bytecode-vm	reviewed	97	3285	4d678f6dc4437ec2c674c64e12da3be0ba9a14b0ed2ae1166c01e0f5c62921a6	v12/interpreters/go/pkg/interpreter/bytecode_vm_run_program_switch.go
modified	bytecode-vm	reviewed	95	2607	d10632d31578cba34eab98655a7852d09c686809d7386b0904ab6f1acdc613f0	v12/interpreters/go/pkg/interpreter/bytecode_vm_runtime_hints.go
untracked	bytecode-vm	reviewed	92	2683	e2315fcce80c31fdc541d01842adba5ac3d9621071ab4e223971219dc940a1b0	v12/interpreters/go/pkg/interpreter/bytecode_vm_scope_envs.go
modified	engine-guard-fixture	reviewed	353	8358	fdfebd5df7876bf720cfc11f97e95636d340eb5984f571e9ad22f4e4a972717e	v12/interpreters/go/pkg/interpreter/bytecode_vm_scope_lookup_cache_test.go
modified	engine-guard-fixture	reviewed	178	6313	54bed1da482b44455c9c2ebce337c43290f8ae2e3685f67b63d407ab3648485c	v12/interpreters/go/pkg/interpreter/bytecode_vm_self_fast_i32_test.go
modified	bytecode-vm	reviewed	76	2172	f3d3b3c519c1b79be1707c6f6c7dcc9dc7f492dd535f4ed5feba5560c3b4ee3a	v12/interpreters/go/pkg/interpreter/bytecode_vm_slot_compare.go
untracked	engine-guard-fixture	reviewed	108	4002	9015acf0f8cb4c63d26263a96e3da284b5e53dc47591a7a6d37e9ab265bbb451	v12/interpreters/go/pkg/interpreter/bytecode_vm_slot_const_assignment_overflow_test.go
modified	engine-guard-fixture	reviewed	985	33196	d1ffbb999d2ad85ce2f1d45525b368434811136c7091dcfeac3a04ce30a11bc1	v12/interpreters/go/pkg/interpreter/bytecode_vm_slot_const_assignment_test.go
modified	engine-guard-fixture	reviewed	285	8982	0ef025c3ff92291492ee88f160ca43d582cf9af2924544cdf05213b1e562a90c	v12/interpreters/go/pkg/interpreter/bytecode_vm_slot_const_compare_test.go
modified	bytecode-vm	reviewed	128	4434	ac285d627d364a8c5f60394ecd8afb205efb0e8b16d29f718004c46676a0bb2c	v12/interpreters/go/pkg/interpreter/bytecode_vm_slot_const_immediates.go
modified	engine-guard-fixture	reviewed	244	8689	844eb016da7880dd8215a5504ef0a2f7fa70c343f534c247a7981e09ef463ced	v12/interpreters/go/pkg/interpreter/bytecode_vm_slot_const_immediates_test.go
modified	bytecode-vm	reviewed	220	5816	453e329ba3d16f180d630eed4d6a4a0d2708a3c29bd5e1ae7cdafc930033c5e7	v12/interpreters/go/pkg/interpreter/bytecode_vm_slot_frames.go
modified	engine-guard-fixture	reviewed	433	15580	1fab027c18c0b7b70b5d04e5553b888b16add47beea7e57ed8b7bebf0c307015	v12/interpreters/go/pkg/interpreter/bytecode_vm_slot_frames_finalize_test.go
modified	bytecode-vm	reviewed	291	8162	44445a408a0f750a2cb9ce0522c41240568e30ddf93e726131bfeb0ea7bc0984	v12/interpreters/go/pkg/interpreter/bytecode_vm_slot_operands.go
untracked	engine-guard-fixture	reviewed	65	2226	9033250e39f735a44e395efb4f4086689a142c453a87a3909c74b28bc1837ba2	v12/interpreters/go/pkg/interpreter/bytecode_vm_slot_operands_test.go
modified	bytecode-vm	reviewed	496	16305	ddb6430eb44db5ea87bcff38d42c4629361317de216904fedce113f7b437af5c	v12/interpreters/go/pkg/interpreter/bytecode_vm_slot_store.go
untracked	bytecode-vm	reviewed	170	6250	96c70cec076f4cb9f24e6a9b9bc6c9a163fb9c4926ec2b8561ad4b5ca0d8d0db	v12/interpreters/go/pkg/interpreter/bytecode_vm_slotless_inline_calls.go
untracked	engine-guard-fixture	reviewed	105	3356	77605754da070a7ecd06d8ec9c101fe67bd954583353b4c62cd0b4df0354127c	v12/interpreters/go/pkg/interpreter/bytecode_vm_slotless_inline_calls_test.go
modified	bytecode-vm	reviewed	296	9999	ab10259fe215a90fc848da146723c98244eabb98bd366492a9f8c80a71752aa8	v12/interpreters/go/pkg/interpreter/bytecode_vm_small_int_boxing.go
untracked	engine-guard-fixture	reviewed	24	955	701e7b5b77eca35367c0de70b381525efefd488b154b4b36b8245557c397e052	v12/interpreters/go/pkg/interpreter/bytecode_vm_small_int_boxing_diagnostics_test.go
untracked	bytecode-vm	reviewed	18	617	871b58c64b20299a73c53209f041346013ce9087e4ce038fd6a59f1eb35b0488	v12/interpreters/go/pkg/interpreter/bytecode_vm_small_int_boxing_reuse_disabled.go
untracked	bytecode-vm	reviewed	57	1822	4716125a81300d050c7f54aa8967de916cf2537a2d201d06746e44954218c8fa	v12/interpreters/go/pkg/interpreter/bytecode_vm_small_int_boxing_reuse_enabled.go
untracked	engine-guard-fixture	reviewed	35	1288	851b7c4afedcdc808dabcde3dd4417df95718e62a139129f20cfc818ca34449a	v12/interpreters/go/pkg/interpreter/bytecode_vm_small_int_boxing_reuse_enabled_test.go
untracked	bytecode-vm	reviewed	22	782	cdc5a909656d047ec26efe7807305befc60457a32590f6c7a31863d3abca9033	v12/interpreters/go/pkg/interpreter/bytecode_vm_small_int_boxing_reuse_types.go
modified	bytecode-vm	reviewed	110	2661	d69130ca7c3a2e0a14f60fbecaad0e3e7405605fa1a2900b7e15ee7efa724beb	v12/interpreters/go/pkg/interpreter/bytecode_vm_stack.go
untracked	bytecode-vm	reviewed	140	5456	5e2a615da708be90162d6deb4b0692a6ca963dcd3391ded5675cf04a8f32b8fb	v12/interpreters/go/pkg/interpreter/bytecode_vm_stack_diagnostics.go
untracked	engine-guard-fixture	reviewed	225	9998	700bbc62b2751f13bd712f56adcef70d346e64fe3b5891a7ba3afe14e0e3a8f0	v12/interpreters/go/pkg/interpreter/bytecode_vm_stack_diagnostics_test.go
modified	bytecode-vm	reviewed	20	350	7f2c5be3eff489a9f28d94ccf01208bfcd3c5d1ca03d5e2fcd5b0e7d5f3fd857	v12/interpreters/go/pkg/interpreter/bytecode_vm_stack_ops.go
untracked	engine-guard-fixture	reviewed	205	6819	f58c14ab183fdaf746f34ed92141a035c76043f4bc925b1906c17dab2adc80d0	v12/interpreters/go/pkg/interpreter/bytecode_vm_stack_snapshot_test.go
untracked	bytecode-vm	reviewed	472	19037	6173a3b0e73d1446bf9926275ea20e7829a7e5b6727fb980cf5644d8f49cb7b3	v12/interpreters/go/pkg/interpreter/bytecode_vm_static_member_cache.go
untracked	engine-guard-fixture	reviewed	231	7343	edafa45747ec87c10502cb44edce260ba6fe85ee8c70ab520e9123166a342574	v12/interpreters/go/pkg/interpreter/bytecode_vm_static_member_cache_test.go
untracked	bytecode-vm	reviewed	80	2751	86efcee10c500a7faafe3582f990429617e92322f695c0809efdbe752fbba357	v12/interpreters/go/pkg/interpreter/bytecode_vm_static_member_call.go
untracked	bytecode-vm	reviewed	694	26818	c8df1713f57d9823efbe6e612d3cf1a8883fe3f8f418b6e4c0a0c55bf70b322f	v12/interpreters/go/pkg/interpreter/bytecode_vm_stdlib_struct_fast.go
untracked	engine-guard-fixture	reviewed	311	11018	398296d4e342d80484b63fdf88f8b492a9de02afee7365e235e79067342810bc	v12/interpreters/go/pkg/interpreter/bytecode_vm_stdlib_struct_fast_test.go
untracked	bytecode-vm	reviewed	349	13887	a17788cf1216ef296106019778fdea662deae303314ebbb39aef077e701c0a0f	v12/interpreters/go/pkg/interpreter/bytecode_vm_stdlib_uint128_fast.go
modified	bytecode-vm	reviewed	75	2798	741511a904ec97f0661e7dbb40a7d303070f9b3dccedc353a047aded2bbc1256	v12/interpreters/go/pkg/interpreter/bytecode_vm_store_cast_slot_float_div.go
untracked	engine-guard-fixture	reviewed	285	8394	50385a398ad22b64bc327f5bb7f6bee9a0d873d2ce91af83626901c7fea8b7ed	v12/interpreters/go/pkg/interpreter/bytecode_vm_string_builder_fast_test.go
untracked	bytecode-vm	reviewed	531	17104	22ec159bcfe568b01c4ec947cb68c5830ffe9c636c5793a35c8a1473bd576a86	v12/interpreters/go/pkg/interpreter/bytecode_vm_string_fast.go
untracked	engine-guard-fixture	reviewed	198	5166	27f37f457a2a7aeabb2cc3976888986f9e5e1a6c9cb084978a0170b6ac1ab589	v12/interpreters/go/pkg/interpreter/bytecode_vm_string_fast_test.go
modified	bytecode-vm	reviewed	64	2152	7b19055469c5d49e8267f7810a278f69ac7eb38e2e72af0cdb8e68f9768a41a0	v12/interpreters/go/pkg/interpreter/bytecode_vm_string_iter_call_member_fast.go
modified	engine-guard-fixture	reviewed	169	5051	0a35d0762fe022da6474fa3ef7f25c5ab365a4fa138f437a69f1b33ce5a1d769	v12/interpreters/go/pkg/interpreter/bytecode_vm_string_iter_call_member_fast_test.go
modified	bytecode-vm	reviewed	165	6033	2860f81cc787b9ab69cdc6e1c2e70e9fbf1c0d7930e67e45c8650f92ab7566fa	v12/interpreters/go/pkg/interpreter/bytecode_vm_struct_literal_fast.go
modified	engine-guard-fixture	reviewed	560	16939	84c9844b133220e002e8392070009e34edcf21145a578a9bbe0e8f6491f5fc61	v12/interpreters/go/pkg/interpreter/bytecode_vm_struct_literal_fast_test.go
untracked	engine-guard-fixture	reviewed	67	1777	e4c739b55ccd88dc4a3b6746925182cfba76d5bcba67c1e99fad3da130c1a779	v12/interpreters/go/pkg/interpreter/bytecode_vm_struct_literal_singleton_test.go
modified	engine-guard-fixture	reviewed	919	24354	3d8938cf12711629f66295ec59332e35189265d67965ec7267ab8f68a50dcc4d	v12/interpreters/go/pkg/interpreter/bytecode_vm_test.go
untracked	engine-guard-fixture	reviewed	186	5390	2a02828f785ac95d4736786bc10385f26bc4ae9bd33df1e1cfb7624c770a4332	v12/interpreters/go/pkg/interpreter/bytecode_vm_top_level_return_coercion_test.go
untracked	engine-guard-fixture	reviewed	106	3165	2c8f96a3aedec481601b9144c6491fcf5d154366df6f27c2dfd0fbcb743c633d	v12/interpreters/go/pkg/interpreter/bytecode_vm_transient_scope_test.go
untracked	bytecode-vm	reviewed	10	346	12aea6a7a10aed6a42f7ae62d419c508d44e96f2048887096b105a4ee52e9b4e	v12/interpreters/go/pkg/interpreter/bytecode_vm_type_expression.go
modified	engine-guard-fixture	reviewed	355	11991	dc3ea53b0cf4924eed15a74c273ffe9b2122df37e34196dbe218ecab3270b376	v12/interpreters/go/pkg/interpreter/bytecode_vm_typed_pattern_slot_test.go
modified	bytecode-vm	reviewed	420	19376	f6dbf296c8f28673546b03250f12eab1471227309e90e6c08e0db5c10147855f	v12/interpreters/go/pkg/interpreter/bytecode_vm_types.go
untracked	bytecode-vm	reviewed	49	1463	c697fc3c6a264812cab2f49865804a90e902069761bafa596146d28082c2893a	v12/interpreters/go/pkg/interpreter/bytecode_vm_unsigned_array_fast.go
untracked	bytecode-vm	reviewed	205	6319	b314a3f646347adb4db135e3e6f5045cc4855d44937247c62c9fb5c74a5246c7	v12/interpreters/go/pkg/interpreter/bytecode_vm_value_slot_float.go
untracked	bytecode-vm	reviewed	183	5054	d1ca6ec6424f6fede87dd140fedaa74e76b5fdea275b21600b18998d85c45bb0	v12/interpreters/go/pkg/interpreter/bytecode_vm_value_slot_i32.go
untracked	engine-guard-fixture	reviewed	125	4035	817352c92c36237e5253799b12c7f8c742f8d695e09626f57abfa47c5334dfe7	v12/interpreters/go/pkg/interpreter/bytecode_vm_value_slot_i32_test.go
untracked	bytecode-vm	reviewed	25	771	1bcd5cfa7f676f4b36656a87ebb1a6792ab61496e5be5bdf8462b3a5d512e2ba	v12/interpreters/go/pkg/interpreter/bytecode_vm_value_slot_restore.go
untracked	engine-guard-fixture	reviewed	73	2494	b50cd884973dffaab3a9d4ba78a36d8cc5927984909f6059817fb0dfe13f3ecb	v12/interpreters/go/pkg/interpreter/bytecode_vm_value_slot_restore_test.go
modified	engine-guard-fixture	reviewed	258	7497	a35d433e6c788ee24e4bf878258ab748cb77ff8dd22506d50326799965163725	v12/interpreters/go/pkg/interpreter/call_args_mutation_test.go
untracked	shared-engine	reviewed	108	2881	75a7746bc4790b7bfeda48bd700527976b2e9196119f0941b13c67ef18b101e4	v12/interpreters/go/pkg/interpreter/call_binding_set_capacity.go
untracked	shared-engine	reviewed	220	8164	cb90bc83b2f756379dcd09f8d1a5696dc64a1543213030c09ae83ee67d1661d2	v12/interpreters/go/pkg/interpreter/call_bytecode_env_cache.go
untracked	engine-guard-fixture	reviewed	650	23328	75786d9df03a225daa6f6df7b2a6d6413d73dbfb25dc8ea8db97f35b072a0b5c	v12/interpreters/go/pkg/interpreter/call_bytecode_env_cache_test.go
modified	engine-guard-fixture	reviewed	124	3436	335a90109a139748328da6d1420e3dd3b434cc49f2eae27548a4d8df819244bc	v12/interpreters/go/pkg/interpreter/call_callable_native_bound_partial_test.go
modified	engine-guard-fixture	reviewed	373	9285	ebcc4cf264a2e8e219da384d9d8d3a33d6b9a721ec6db3bb831287422d6ef80d	v12/interpreters/go/pkg/interpreter/call_dispatch_fastpath_test.go
untracked	shared-engine	reviewed	119	3412	eef34f04cf7e16f3a57ff83ed7defe90511b21e9889b004c535c1892aa6292ae	v12/interpreters/go/pkg/interpreter/call_explicit_type_bindings.go
untracked	shared-engine	reviewed	67	1780	0df29f76e03bccba473359c9f757d3cb575bca23c18e15db3c222c946b150ad8	v12/interpreters/go/pkg/interpreter/call_fixed_args.go
untracked	shared-engine	reviewed	47	1510	98aba845e481c58f9cc48396bb771767d4c75487c51e5419239ab783d440c32e	v12/interpreters/go/pkg/interpreter/call_generic_constraint_cache.go
untracked	shared-engine	reviewed	194	5508	7e1450874fa60d075cd9cd746b0cfd5a0fe3337be070a3d828b8e321e464cb42	v12/interpreters/go/pkg/interpreter/call_generic_plans.go
untracked	engine-guard-fixture	reviewed	710	24396	aa953a690689c3fdbe097be7aff88a471aa29ae891bf185b6ecaa37e8a88e962	v12/interpreters/go/pkg/interpreter/call_generic_plans_test.go
modified	shared-engine	reviewed	329	7846	e95fd0414d84b1cd2983e6fda9b4885be61da480db847be7284e49aaeac382db	v12/interpreters/go/pkg/interpreter/call_helpers.go
untracked	shared-engine	reviewed	53	1511	8c78af67a0b2b3fa1664b687881bf8a6245bd74c616ed8db83b1e2fad731aa86	v12/interpreters/go/pkg/interpreter/call_invoke_slot_fast.go
untracked	shared-engine	reviewed	695	24042	a1d8f0ae8e564b93e1fe928f9d1378040edf84a0948ddca8dad287514e8f5eeb	v12/interpreters/go/pkg/interpreter/call_runtime_binding_usage.go
untracked	engine-guard-fixture	reviewed	170	4779	fb00af6149e9a52186f1a2d783c7d5786064f173724a9ea73397506f3d1cfafd	v12/interpreters/go/pkg/interpreter/call_runtime_binding_usage_test.go
untracked	shared-engine	reviewed	66	2076	ab3517cd2396995e49f18e54ae664563d16fe557b7770ed4f76d7884f732ac1e	v12/interpreters/go/pkg/interpreter/call_transient_env_reuse.go
untracked	engine-guard-fixture	reviewed	183	6475	3fa77c144e876b933e65f71d903c7f4d4fe56c55e0ec35a0ac012abb5f2ed5eb	v12/interpreters/go/pkg/interpreter/call_transient_env_reuse_test.go
untracked	shared-engine	reviewed	607	19719	8a8255e40a65a5b4d987dd6d7a1a1c533f7d406d4939e0bee6878bcce517e53f	v12/interpreters/go/pkg/interpreter/call_type_argument_inference_cache.go
untracked	shared-engine	reviewed	81	2423	8181fed61683f681ff8d267aeae9f8e7a0f3bf7ab705aae6fd87ed9bcb253d19	v12/interpreters/go/pkg/interpreter/call_type_argument_populate.go
untracked	shared-engine	reviewed	89	2318	b0d1b86b57d7c0a34f4dab98c49d31bb9504ed97c0fff90118738addf30ef014	v12/interpreters/go/pkg/interpreter/call_type_argument_state.go
untracked	engine-guard-fixture	reviewed	44	1489	8d67a8569c23b9210bba96f8fe79dcf878a07d5dddb31b54ebdc43992b22535e	v12/interpreters/go/pkg/interpreter/call_type_argument_state_test.go
untracked	shared-engine	reviewed	370	11759	ecbf1c91a503d5c1aa45686a6b5ed0bfc03fc2e86572119aa7ba1d124215da9c	v12/interpreters/go/pkg/interpreter/call_type_bindings.go
modified	engine-guard-fixture	reviewed	169	5633	28a03926234c0336638a9e68b8ad1e734c3e714b658b768256ced2751a93e3a9	v12/interpreters/go/pkg/interpreter/cast_semantics_test.go
modified	shared-engine	reviewed	602	17973	4adff99434a6272aa1e9eada046a87a740a8f08dd230aedb763b40a0a8b5d05e	v12/interpreters/go/pkg/interpreter/compiled_thunk.go
untracked	engine-guard-fixture	reviewed	141	4054	2d305af15987850106f531565f1acd4aadc6c9b9210e07c8b0c45b767b5ccb0c	v12/interpreters/go/pkg/interpreter/compiled_thunk_test.go
modified	shared-engine	reviewed	975	31373	3036f536303e8254368ab7ae7f3a10e6a55db5d0b56f4197ab0e832ae8f6e4be	v12/interpreters/go/pkg/interpreter/definitions.go
modified	shared-engine	reviewed	155	6235	243af015942d0ef5962af3c4015e85945e65ea675a3d61a5edc0969041a16cfe	v12/interpreters/go/pkg/interpreter/definitions_bytecode_lowering.go
untracked	engine-guard-fixture	reviewed	37	1112	9523e27b40c5f3592df03b909a27a6e5ebfa204aff12057f60274fe8e8126f2e	v12/interpreters/go/pkg/interpreter/definitions_primitive_type_name_test.go
modified	tree-walker	reviewed	344	10608	5683f27105459d17a6c17fa47227891ac349b3938f3ebb545b402ab1ab04526d	v12/interpreters/go/pkg/interpreter/eval_expressions_assignment.go
modified	tree-walker	reviewed	962	31808	38be980b24d49e4e1960d14a5b31480c2d2f2f433bf714344935930f29f0797f	v12/interpreters/go/pkg/interpreter/eval_expressions_calls.go
modified	engine-guard-fixture	reviewed	124	4361	c899b3c3f1046db767e142a9a2db7d7b25b03379b09bb8be8728c6b99bdfe075	v12/interpreters/go/pkg/interpreter/eval_expressions_calls_env_reuse_test.go
untracked	engine-guard-fixture	reviewed	77	2082	09de04cbd4390044328b05fa48611cebd637947a5d792de1357a97b9566603b0	v12/interpreters/go/pkg/interpreter/eval_expressions_calls_member_direct_test.go
modified	tree-walker	reviewed	376	10717	7f9c62f278814080da634876efcae5b6b529ace1f989916dd76953e69eecb428	v12/interpreters/go/pkg/interpreter/eval_expressions_calls_overloads.go
untracked	engine-guard-fixture	reviewed	186	5126	eed14fbfdcb8fb5cc38c7f8ba094459764090f98901ceb50301bd0169e5dec04	v12/interpreters/go/pkg/interpreter/eval_expressions_calls_state_test.go
modified	tree-walker	reviewed	225	6163	be0820a0a36c2e91da13eb13aff0039239f294ef1ec84635804167d6acf5234b	v12/interpreters/go/pkg/interpreter/eval_expressions_control.go
modified	tree-walker	reviewed	950	26696	e13c71b3be11426b4cb6b636b5d0500b15034a4b537b39d8f068cf49d3d4035c	v12/interpreters/go/pkg/interpreter/eval_expressions_dispatch.go
untracked	engine-guard-fixture	reviewed	89	2725	24e4a8e350b7773e8b57c4e1b257bae9c671a04f137e8cf9104f59945438c5af	v12/interpreters/go/pkg/interpreter/eval_expressions_dispatch_state_test.go
modified	tree-walker	reviewed	349	8833	4521532a87a06eb1b5e86797cd946861cbad72715f2cfa07e12eb0df8f75fc52	v12/interpreters/go/pkg/interpreter/eval_expressions_placeholders.go
modified	tree-walker	reviewed	530	15779	4d72bb9a841c581ba1dfd9176770da16362bf0cb4b47aaaf591c2816c5eb0d8c	v12/interpreters/go/pkg/interpreter/eval_statements.go
modified	engine-guard-fixture	reviewed	168	4839	378f182bc79e71e609d4876117afd2e5187c1afaf4ea1469f87125fa7797a74b	v12/interpreters/go/pkg/interpreter/exec_fixtures_parity_test.go
untracked	engine-guard-fixture	reviewed	99	3323	be641d6e74f4e4dff9c55743b61b5a36d3b7d71b9c93232d20be450040d53c0a	v12/interpreters/go/pkg/interpreter/exec_fixtures_stdlib_roots_test.go
modified	engine-guard-fixture	reviewed	544	14699	c3b3c3ddbb1ae0fe155bba3eb659ef73be87420e1f2d92e7f05ab86ff239f9a4	v12/interpreters/go/pkg/interpreter/exec_fixtures_test.go
modified	shared-engine	reviewed	683	15504	8305b83ecc9504360d9fe53a66c45771f0be1bbc91f968440d5b7b6defc68ef1	v12/interpreters/go/pkg/interpreter/executor.go
untracked	shared-engine	reviewed	53	1562	ea0cfc5e45fb2f1db09e3ab6559f6571aafb1e937c9f1d0f57e13339f3d930b5	v12/interpreters/go/pkg/interpreter/exports.go
modified	shared-engine	reviewed	235	6444	00ac85aa275e416d482e78bc75f87c833695418fdb94dbddb3e36a805875cbe3	v12/interpreters/go/pkg/interpreter/extern_host.go
modified	shared-engine	reviewed	376	10610	5f4df30aedb25aa08451279f3c20f1882bcd591ddbb6dc6aae660cbdce1f87bd	v12/interpreters/go/pkg/interpreter/extern_host_builder.go
modified	engine-guard-fixture	reviewed	226	6276	d8de0ec9560273064f1aed7bafd768057a96289762b8c8d4bf3022f22242913b	v12/interpreters/go/pkg/interpreter/extern_host_byte_array_fast_test.go
modified	shared-engine	reviewed	163	4223	8371a420c6e4ccf6144d1f3bcd779b881c3da08ba1767b5b675bc9e3aaae8a5c	v12/interpreters/go/pkg/interpreter/extern_host_cache.go
modified	shared-engine	reviewed	971	28232	64ba627354d901a1aabdc519d8dddb02baf836c2cead7d5b4bc45ca452e70ca6	v12/interpreters/go/pkg/interpreter/extern_host_coercion.go
modified	shared-engine	reviewed	334	10457	b970c2589ca0c7f66d70cedaecc1451208e57828ed984fda1c63b532b78ed8fc	v12/interpreters/go/pkg/interpreter/extern_host_fast.go
untracked	shared-engine	reviewed	312	9738	96f3fbeda141aa4bf2d281f14c9fbd5c542440601ed474a59789ac0a1a100d31	v12/interpreters/go/pkg/interpreter/extern_host_image.go
modified	shared-engine	reviewed	63	1643	c2414b27671963b4f2ee73b59df5ef0fcf06af00e88a99df80d4374befb87c74	v12/interpreters/go/pkg/interpreter/extern_host_module.go
modified	engine-guard-fixture	reviewed	109	2885	a71a606a24576488f77bce9d1219e1bafeb698c11026c06889a6782666ca7977	v12/interpreters/go/pkg/interpreter/extern_host_primitive_fast_test.go
modified	shared-engine	reviewed	196	5121	f33c6e0dc28ebd08abac40a34cf384f6fa90d9ab04cf10e12bfc3cea5eb8eb50	v12/interpreters/go/pkg/interpreter/extern_host_result_fast.go
modified	engine-guard-fixture	reviewed	411	11429	ae900705cd96b58c0072a7a53b29b300bca4307a3eaba9b8b56fe92f172cc148	v12/interpreters/go/pkg/interpreter/extern_host_result_fast_test.go
modified	engine-guard-fixture	reviewed	110	2963	23bcfd6c6e554977435bb6050554aa81aa2f2c28d7108339afc64e892075cd5c	v12/interpreters/go/pkg/interpreter/extern_host_string_array_fast_test.go
untracked	deferred-wasm-shim	hold-deferred-wasm	81	2272	a3f31b6772d711468976db190fbef554d2130ed8788e1f043eef2e4e5cea2214	v12/interpreters/go/pkg/interpreter/extern_host_wasm.go
modified	shared-engine	reviewed	799	23159	85f6944582697d59b3941c5015641504c3535cb1ec2ab7ce1977a5498c447cf4	v12/interpreters/go/pkg/interpreter/fixtures_decode.go
modified	shared-engine	reviewed	102	2806	7d456ba13ee4b9ab26d36d05c512759a2b63ab802bfbacc9ccaddcb77fc3b1f6	v12/interpreters/go/pkg/interpreter/fixtures_decode_node_module.go
modified	shared-engine	reviewed	160	4156	c6591242b2df3037b2651076af174f67d42d1866adeda4828cd94bda060f1059	v12/interpreters/go/pkg/interpreter/fixtures_shared.go
untracked	shared-engine	reviewed	167	4842	52c1244facbf50fd9d3a0d57cf1e2a7e264a7dc3652c952fc4907e661f4fe22a	v12/interpreters/go/pkg/interpreter/generic_type_bindings_indexed.go
untracked	shared-engine	reviewed	142	4900	cc3573563acba96838e17365820f538519c71b816ba101d4813791787a9e0728	v12/interpreters/go/pkg/interpreter/generic_union_method_types.go
untracked	engine-guard-fixture	reviewed	73	2225	6ae12c54d7b31db46df8e6d6448bb37775ec9d40f8e31e1bb09d6340ddc16523	v12/interpreters/go/pkg/interpreter/generic_union_method_types_test.go
modified	engine-guard-fixture	reviewed	749	21086	a4dc52ea02de17f2c8cd07fd24d30fec62cb13333935ddd2b72cf9e51538a561	v12/interpreters/go/pkg/interpreter/hash_map_builtins_test.go
modified	shared-engine	reviewed	577	15321	cd7979975339d10e1e05b8cb5aa7e1e949fd4d9cace05bfc65de5418b7b6dfef	v12/interpreters/go/pkg/interpreter/impl_resolution.go
modified	shared-engine	reviewed	957	27289	51e517f3ee395f84aec28e0b2f6c6d19dc87ad5def0f28df9f4f1b863e98c771	v12/interpreters/go/pkg/interpreter/impl_resolution_types.go
modified	engine-guard-fixture	reviewed	47	1458	5e964fb28c09f22356d74de1ff41c5d2cbd44cbf48fac3a136834fd6182174a6	v12/interpreters/go/pkg/interpreter/impl_resolution_types_string_test.go
modified	shared-engine	reviewed	488	15447	a166fda9bc3361aedeb95b685f6a10c079c42d1b2a78efbdc9fa153c8e17c72e	v12/interpreters/go/pkg/interpreter/imports.go
untracked	shared-engine	reviewed	78	2101	ea74751193ebaf8f1f7c6933f91d85577f019980890418915237dc6d49e38039	v12/interpreters/go/pkg/interpreter/interface_value_methods.go
modified	tree-walker	reviewed	974	39204	76f2d717e5c50a521e0b99a89133fdadc701a1ff2289f7d44f62ecc83be90519	v12/interpreters/go/pkg/interpreter/interpreter.go
modified	tree-walker	reviewed	376	11415	0fb299af6d01d94f771129ada772d2a2eb9602600a8a42a98bc6d6d9bcbacb84	v12/interpreters/go/pkg/interpreter/interpreter_array_i32_cache.go
modified	tree-walker	reviewed	24	617	e1a7a7941786cb2ebd81377b22183d1c8b77ceb2631b7782f6d2aa20d6745be8	v12/interpreters/go/pkg/interpreter/interpreter_array_index_impls.go
untracked	tree-walker	reviewed	168	4487	116bbdc477691eba703c93c11f80f56127db027c9442338ce8a1f0ff8285bb5f	v12/interpreters/go/pkg/interpreter/interpreter_array_members.go
untracked	engine-guard-fixture	reviewed	105	4039	509825783a19f906875f2da76b646efe8b503df4cece42695743644064488686	v12/interpreters/go/pkg/interpreter/interpreter_array_raw_token_test.go
untracked	engine-guard-fixture	reviewed	176	6875	e787b7557f8d950ae11326342e297ca89ea48e540a0d86ea2d1175ea120e953c	v12/interpreters/go/pkg/interpreter/interpreter_array_struct_lease_test.go
untracked	tree-walker	reviewed	96	2876	83b4aad9fbb6777a850f0bf0b82f4c28168578a666c0c69fcc7bd4fca3a36c90	v12/interpreters/go/pkg/interpreter/interpreter_array_struct_values.go
modified	engine-guard-fixture	reviewed	855	32107	ec12467287896b10663878ba8d6f45a2c5cdefa954a43f4acb07ce1dd52d44d7	v12/interpreters/go/pkg/interpreter/interpreter_array_tracking_test.go
modified	tree-walker	reviewed	923	24965	c20119df9d39ccca3f91fd6e55a24679636b34c269fe86e10b19343065ee7426	v12/interpreters/go/pkg/interpreter/interpreter_arrays.go
untracked	tree-walker	reviewed	20	775	da1a6932ccf43f5b1845f9dd38542ce2ffd3c45384ef55c6df348529de569bb3	v12/interpreters/go/pkg/interpreter/interpreter_async_call_env.go
modified	tree-walker	reviewed	472	12492	fc483f3c3e4e95aca89bec9c07813c031b10c4ca1ee604244a1e7b729af20830	v12/interpreters/go/pkg/interpreter/interpreter_await.go
modified	engine-guard-fixture	reviewed	760	21757	a466e6b58123ae6625824c1a86af855d47d285b3ae85f6b5d1cf49f023fe2c32	v12/interpreters/go/pkg/interpreter/interpreter_await_test.go
untracked	tree-walker	reviewed	49	1636	6290a6fa4483f557d5be660c61198af092e272031ddae7a273e3528d55963992	v12/interpreters/go/pkg/interpreter/interpreter_bytecode_array_stats.go
untracked	tree-walker	reviewed	134	4720	bb6811ef5807a44c5c30b16c81b089094a1bd4f04e2c3acce5d7ec3ae2bc3560	v12/interpreters/go/pkg/interpreter/interpreter_bytecode_call_operand_stats.go
untracked	tree-walker	reviewed	114	3665	8a6ef28a9918c9237af213d0d2253294e13d23f8a11b0f6580b19e8cb0e65747	v12/interpreters/go/pkg/interpreter/interpreter_bytecode_loop_backedge_stats.go
modified	tree-walker	reviewed	985	37517	5d78491746590e848a06ec8406d51023fce7993558bfca15077d35899c9c68d4	v12/interpreters/go/pkg/interpreter/interpreter_bytecode_stats.go
untracked	engine-guard-fixture	reviewed	71	2997	a8a26cce38da532322c30b9854f21134d062be0b7eb370972422b1b6fc53691a	v12/interpreters/go/pkg/interpreter/interpreter_bytecode_stats_test.go
untracked	tree-walker	reviewed	140	4313	328a2e732fcd7e2f56feb33de4caf7ac00d7ee8b75133dd3a7fba2cd9a3be87f	v12/interpreters/go/pkg/interpreter/interpreter_bytecode_string_stats.go
untracked	engine-guard-fixture	reviewed	53	2010	e83501551e91693de58413fcc7b63eb0a42c4fef35414130143545bc5cbd879e	v12/interpreters/go/pkg/interpreter/interpreter_bytecode_string_stats_test.go
modified	engine-guard-fixture	reviewed	190	4970	582c49dcfdc1b73637942b0fcf2d8aa1512fdd7dd40f2b193d0bfabfaf8153fa	v12/interpreters/go/pkg/interpreter/interpreter_bytecode_trace_test.go
modified	tree-walker	reviewed	579	15512	9c1d2e67ba935c12bb8fd535f18cb57051e262ca1a5982bf5289fa9ba75b3b83	v12/interpreters/go/pkg/interpreter/interpreter_channels_mutex.go
modified	tree-walker	reviewed	678	17451	fd08f758ef0b4bc77de20583f2626b6c4ac31a59dcc18e1f106cfac9a92fe87b	v12/interpreters/go/pkg/interpreter/interpreter_channels_mutex_async.go
modified	engine-guard-fixture	reviewed	427	13384	5d67216c8e046cdada7a1d94ac417ca27512e969d12d4027b9fde8ca4ee27696	v12/interpreters/go/pkg/interpreter/interpreter_channels_mutex_test.go
modified	engine-guard-fixture	reviewed	572	14887	3b91cd6d1677f02c7e042bef74b18cb6cd580bd3f816ba188e3c26eb97c03d60	v12/interpreters/go/pkg/interpreter/interpreter_concurrency_executor_test.go
modified	engine-guard-fixture	reviewed	487	14357	e10afaa7f410e045d02aa3209627f627d3886ca79ec844aab14948d5f1d9cfc4	v12/interpreters/go/pkg/interpreter/interpreter_concurrency_test.go
untracked	tree-walker	reviewed	91	2636	698315c85fdaee33d497db84514bf64d4ce53d93f443f86c5be23f283bfcf02c	v12/interpreters/go/pkg/interpreter/interpreter_equality_dispatch_cache.go
untracked	engine-guard-fixture	reviewed	282	8515	8024ecf93e3e9e55d490fd26013efc815a8ad27b8e0b053e45b002a841221d2e	v12/interpreters/go/pkg/interpreter/interpreter_equality_dispatch_cache_test.go
untracked	engine-guard-fixture	reviewed	96	3664	8a8d957fe6013716efe1e2c27f020237ead451873cbcc40140b40bd12024670e	v12/interpreters/go/pkg/interpreter/interpreter_equality_primitive_native_test.go
modified	tree-walker	reviewed	155	4578	f58d6b6a665ea643f3c2ea51657afeac03e13e74ba01489ea0cfa7ef87d678db	v12/interpreters/go/pkg/interpreter/interpreter_error.go
modified	engine-guard-fixture	reviewed	676	20177	ff88700661792d5f8ecd1fcd61f7e41efe8fc272c287fc94ce635d6730910747	v12/interpreters/go/pkg/interpreter/interpreter_extern_test.go
modified	engine-guard-fixture	reviewed	672	15675	6f711d2d34886a757e00e51341eb21e38a460038744b243564f43740fde1a233	v12/interpreters/go/pkg/interpreter/interpreter_generics_test.go
modified	tree-walker	reviewed	183	5549	f8bdc58f516737bdea926f286cea9eaeabedf02b7c776faedb643bbddf46942a	v12/interpreters/go/pkg/interpreter/interpreter_hasher.go
modified	tree-walker	reviewed	689	18572	4e5fdb6c5de72a68461ddb7af7bba313081491c31e3b87865b10a0919bd265c2	v12/interpreters/go/pkg/interpreter/interpreter_hashmap.go
untracked	tree-walker	reviewed	22	447	7c5b30fd9c3a426c9cc187733b8d3e0252d58b24af8a8ee550e6b5616576b86e	v12/interpreters/go/pkg/interpreter/interpreter_host_integer.go
untracked	tree-walker	reviewed	305	8493	61dfa202e03b0ce9e89b3fcfd53c6ecdb0353c007dcd85acf15c722a5c4b7761	v12/interpreters/go/pkg/interpreter/interpreter_impl_target_match_cache.go
modified	tree-walker	reviewed	650	18957	77e63591f48c8e8ebcbb86d37b86f9392fe230017f3efc131b2d1263e9a61506	v12/interpreters/go/pkg/interpreter/interpreter_interface_lookup.go
untracked	engine-guard-fixture	reviewed	18	437	f5a9489cd4d594d5205f479bcf86c3bc94294badcae6e052d356fcd0336cf214	v12/interpreters/go/pkg/interpreter/interpreter_iterator_end_singleton_test.go
modified	tree-walker	reviewed	369	9742	fc1d9398710f371da2b4d539686c68033de5e8848cd528c8d8f5ebeb994f59be	v12/interpreters/go/pkg/interpreter/interpreter_iterators.go
modified	engine-guard-fixture	reviewed	506	13858	a4cda5d15fd96c2eb93f25105c61f70f66c05183797a5994b5fe6348d842a353	v12/interpreters/go/pkg/interpreter/interpreter_iterators_test.go
modified	tree-walker	reviewed	720	23523	a2da407ea99062a6c85934d1cbfbd7c2cece2e7938b3b0800a7de42675bda5b5	v12/interpreters/go/pkg/interpreter/interpreter_members.go
modified	tree-walker	reviewed	263	8652	d5407aa016c88e7caef764ee63a882ad51855c13c148f6c5140d56e3037f57e5	v12/interpreters/go/pkg/interpreter/interpreter_members_dynamic.go
untracked	tree-walker	reviewed	176	5387	72a171af0112f9193ca4e58500e2a22e48d97f7d56e0ff0ad578e0736acf7f0b	v12/interpreters/go/pkg/interpreter/interpreter_members_static_name.go
modified	tree-walker	reviewed	968	26670	0775335d748be80ac0497aab459c1a5d80bfb140d8ab3b6b71425e76b4dea262	v12/interpreters/go/pkg/interpreter/interpreter_method_resolution.go
modified	engine-guard-fixture	reviewed	963	32906	b54a7971c98a0843d9724d84815e9b597cfbe334625b75832b250c34dce4bc6d	v12/interpreters/go/pkg/interpreter/interpreter_method_resolution_cache_test.go
untracked	tree-walker	reviewed	216	6890	b3605a188ce9e0b7a6657b3d9538caf6c568f3d9e11463abe15c53ec48988d67	v12/interpreters/go/pkg/interpreter/interpreter_method_scope_cache.go
untracked	engine-guard-fixture	reviewed	104	3658	c9bb87f99933c805d2b59c69e1d67a8bf692d4f4f997b709db8b90f8b91a0bbf	v12/interpreters/go/pkg/interpreter/interpreter_method_scope_cache_test.go
modified	tree-walker	reviewed	193	5110	50e7eae91ed02d4e4ce0bf9178b0f0c9ea6a865b2c7f982ea1f57d4940b15ba7	v12/interpreters/go/pkg/interpreter/interpreter_mutex_async.go
untracked	engine-guard-fixture	reviewed	86	3529	62969d9193411067aca196fa567c239fe5b56244c6b7a101eeb5cbfa4344a8d9	v12/interpreters/go/pkg/interpreter/interpreter_named_impl_import_test.go
modified	tree-walker	reviewed	181	6185	be99e0d945290b6fbc839fafa32c40f54a95018da30ab9db2ac2623fc1a7ab46	v12/interpreters/go/pkg/interpreter/interpreter_named_struct_type_fast.go
untracked	engine-guard-fixture	reviewed	24	606	de19706d72924e3d3bdaa3da7bf5e3e8b2154449ab4b2b86fbefc417bf3526cf	v12/interpreters/go/pkg/interpreter/interpreter_node_origins_test.go
modified	engine-guard-fixture	reviewed	751	23113	73f15846698017a2aad14ce1d5c3083e11ccf3b48308be519c8e115789857a15	v12/interpreters/go/pkg/interpreter/interpreter_numeric_test.go
modified	tree-walker	reviewed	720	22400	017b47146c36861446221aa6fbc6755f3ff5632914fea0ae6b7b9a723c8398ab	v12/interpreters/go/pkg/interpreter/interpreter_operations_arithmetic.go
modified	tree-walker	reviewed	333	8948	294e91c6cc18c90f8f1d0f8fcb45c668cdd662ea376c571ed6f2c969f94d5833	v12/interpreters/go/pkg/interpreter/interpreter_operations_compare.go
modified	tree-walker	reviewed	322	9300	bb872882292c17d7449ebc4304e6dab96c0e0679399b02040f424c0c5ec9e3c0	v12/interpreters/go/pkg/interpreter/interpreter_operations_dispatch.go
modified	tree-walker	reviewed	451	13170	b6c5a29040091993bab6618a9c56fe68b4593d90c5c1494fabdbcbf15461a48c	v12/interpreters/go/pkg/interpreter/interpreter_operations_fast.go
modified	tree-walker	reviewed	195	5242	d08c4fbb0723e148cd9133ca8a47231bf09f9f5b76e4aae0e8340887b180b709	v12/interpreters/go/pkg/interpreter/interpreter_operations_ratio.go
modified	tree-walker	reviewed	57	1443	e5d7e6d095e731f6dd84386dcc4a1cbacfcbba6ae34fab9bd1f0e846e7419017	v12/interpreters/go/pkg/interpreter/interpreter_os.go
modified	tree-walker	reviewed	994	33478	b07ceb6b64dba5569dd4e6fc7028b10a4a30cf00809b7e4d39d208b138274faf	v12/interpreters/go/pkg/interpreter/interpreter_patterns.go
modified	engine-guard-fixture	reviewed	842	24009	bbcb3c5d7e0163e030f091a9a37c62e5dab50f312898fb91169e2f083a3b1bd6	v12/interpreters/go/pkg/interpreter/interpreter_patterns_test.go
modified	tree-walker	reviewed	164	5120	398716aed4a4666edc1678c7a8bb47618cbfc4f0b1978e2b2bf1e7c823188e1b	v12/interpreters/go/pkg/interpreter/interpreter_ratio_host.go
untracked	engine-guard-fixture	reviewed	56	1755	2a84b50bc06b38322be4dcca2383200c785341331c8b0c2f7327569400253857	v12/interpreters/go/pkg/interpreter/interpreter_ratio_host_borrow_test.go
modified	tree-walker	reviewed	105	2541	def633a667c17c60d0aba8685db1461cf252b259d81c8ba829d070c5e4cb0788	v12/interpreters/go/pkg/interpreter/interpreter_signals.go
modified	tree-walker	reviewed	307	8663	3510f55ae90cce93ec4e1829ab42d11dfa4d6c2db3c0f01b55a9489c848aa15e	v12/interpreters/go/pkg/interpreter/interpreter_string_host.go
modified	engine-guard-fixture	reviewed	254	7200	7d677729dcde98b5dbcf42d38bb46678f61bc5461b68143ee433764b11909404	v12/interpreters/go/pkg/interpreter/interpreter_string_host_test.go
modified	tree-walker	reviewed	352	10066	a24a48d0ef57edcf6694220015b974cde001e6ffc8b908b6a5fd276a50311b7a	v12/interpreters/go/pkg/interpreter/interpreter_stringify.go
modified	engine-guard-fixture	reviewed	277	9311	858d1e42ba9aa05d2d0f387b8a750dd8aff4ad072f95363a1bfc8b62364c4648	v12/interpreters/go/pkg/interpreter/interpreter_strings_arrays_test.go
untracked	engine-guard-fixture	reviewed	77	2211	35ae9ba5ffe7b5ff3496980efab49513fe139f85d61b1b0a28ac8b54e4e229ba	v12/interpreters/go/pkg/interpreter/interpreter_struct_literal_singleton_test.go
modified	engine-guard-fixture	reviewed	584	14321	851044b69f835f97ad13a7fed997366245a2b04a8d08e62ebeb044257dce984d	v12/interpreters/go/pkg/interpreter/interpreter_structs_literals_test.go
modified	engine-guard-fixture	reviewed	626	13155	46a7d6c3ee132575cfa6cb9a0795d8baba6047623595c3d04b5ad0c939287059	v12/interpreters/go/pkg/interpreter/interpreter_structs_methods_test.go
modified	tree-walker	reviewed	785	25426	ab315c8a81241869352f492b42c6499a81e818d117e36b528a0eb0a5850c1d65	v12/interpreters/go/pkg/interpreter/interpreter_type_coercion.go
untracked	engine-guard-fixture	reviewed	56	1611	d229ac36222bb34f4cafd02503b2d98208881105a72395db136db5d10734c7fa	v12/interpreters/go/pkg/interpreter/interpreter_type_coercion_array_test.go
modified	tree-walker	reviewed	310	9632	f9a95de898711e46b19cf7c4b8f8a83046eab578a5c410f5914a2a5fa0ed3099	v12/interpreters/go/pkg/interpreter/interpreter_type_coercion_fast.go
modified	engine-guard-fixture	reviewed	530	16644	baa918f809c6bf1b2aa52bdf3cff01698d1052d69a8c4c9d02e49f61a362ac41	v12/interpreters/go/pkg/interpreter/interpreter_type_coercion_fast_test.go
modified	tree-walker	reviewed	603	18729	a56a767c850ac8c3d93e7957ab07be6298c9a5a836f541050f6a4c26d1131240	v12/interpreters/go/pkg/interpreter/interpreter_type_info.go
modified	engine-guard-fixture	reviewed	875	29218	69acf5cc6048827ac36b593c8c07102042ec577a64551beb19ac6f006fe4900e	v12/interpreters/go/pkg/interpreter/interpreter_type_info_cache_test.go
modified	tree-walker	reviewed	809	22270	1fc15d0784e1cc1fdc8578b2741d9478b58e5829420fda502d39260dd5619233	v12/interpreters/go/pkg/interpreter/interpreter_type_matching.go
untracked	tree-walker	reviewed	43	1179	cd8d68398a0f362d6b31fb6e33f4d3ad10d6e74214b45efad5e1d7bda6c24ac4	v12/interpreters/go/pkg/interpreter/interpreter_typecheck_native.go
untracked	deferred-wasm-shim	hold-deferred-wasm	49	1393	39545e11b8fc2be6352be5c58cf0a3bfec95c976e33f81c7e43d7d93a7652468	v12/interpreters/go/pkg/interpreter/interpreter_typecheck_wasm.go
untracked	tree-walker	reviewed	12	468	6d556e873e0587c959a3863c103f7d259d07efbd7f251d6e57ebd63152057f81	v12/interpreters/go/pkg/interpreter/interpreter_typechecker_state.go
untracked	deferred-wasm-shim	hold-deferred-wasm	17	489	95ca28d5c570991d509b3c9b7820e1624d46ae1536f0df7ad575ce15c4cfb2fd	v12/interpreters/go/pkg/interpreter/interpreter_typechecker_state_wasm.go
untracked	engine-guard-fixture	reviewed	90	2453	cc6ad4a1785361918435694215079c58fcd6c2c1365a42b4462b7843935f4e9f	v12/interpreters/go/pkg/interpreter/interpreter_unary_fast_test.go
untracked	shared-engine	reviewed	105	3821	635b7fc33c197a30a4eefdbe59604e3504c070a08d4afda7fc08e942e8c75803	v12/interpreters/go/pkg/interpreter/iterator_interface_method_cache.go
untracked	engine-guard-fixture	reviewed	253	8183	ce9b91d6bd337deaa1f67d4c46c00f9d97fa30ae234545403f5116b733d94c32	v12/interpreters/go/pkg/interpreter/iterator_interface_method_cache_test.go
untracked	shared-engine	reviewed	228	6956	08937fc7d36e527f67e589ab1121b90361826161dc0ba0a9babd5d937b0d7537	v12/interpreters/go/pkg/interpreter/lambda_bytecode_lowering.go
untracked	engine-guard-fixture	reviewed	182	6252	b022513b461c0e3e4c5a51231ac99a6da9b18077d5728867c519547ae367d81b	v12/interpreters/go/pkg/interpreter/lambda_bytecode_lowering_test.go
untracked	shared-engine	reviewed	210	7553	ee2e047559a41ab0f10760a8958bec1e5029d27f9c6105865c380aff030d58f4	v12/interpreters/go/pkg/interpreter/match_clause_env_reuse.go
untracked	engine-guard-fixture	reviewed	175	6977	c263ac413af9b2cd197506f91129879442016dfa0ad42dd84388be01f863685f	v12/interpreters/go/pkg/interpreter/match_clause_env_reuse_test.go
untracked	shared-engine	reviewed	124	3641	389d1fb8be1020fd876f995fa78d1aca33264d735ced8f4d2d5d4e9088fbc300	v12/interpreters/go/pkg/interpreter/match_clause_scope_cache.go
untracked	shared-engine	reviewed	213	8121	c43af3da0d193194b90f97d57ee94b46841d6b2e478ceb55cc778606d1c51a3d	v12/interpreters/go/pkg/interpreter/member_call_resolution.go
modified	shared-engine	reviewed	137	4059	ead85be01c6d4d3081d5a85eb4a78709817ac6c9f7f08da8b8d43987b7858631	v12/interpreters/go/pkg/interpreter/method_set_constraints.go
untracked	shared-engine	reviewed	38	735	282c1b9f2abdca6f0f8d82315ebdddd50196077db44f304cf8e4f9152f6deb6b	v12/interpreters/go/pkg/interpreter/native_call_arg_scratch.go
modified	shared-engine	reviewed	315	8506	927d85f27f35bd18e44bba6e2700a565185289820f78d3b4b922a4af55a6a571	v12/interpreters/go/pkg/interpreter/numeric_helpers.go
untracked	engine-guard-fixture	reviewed	31	681	a5426c62a7c02c0f83b4dfec426b2540f79f579a42ed30be1507dc82e347aa85	v12/interpreters/go/pkg/interpreter/numeric_helpers_bench_test.go
untracked	shared-engine	reviewed	585	16595	ec050b4916da34e7ed6302cbe01437a2b4668fbddba7414ab18d2ea30f36658c	v12/interpreters/go/pkg/interpreter/primitive_interface_native_methods.go
untracked	engine-guard-fixture	reviewed	227	6441	cb23ff404ada4881815327fdf313213023fa3c5e6d3daae09613648d6cf46825	v12/interpreters/go/pkg/interpreter/primitive_interface_native_methods_test.go
untracked	shared-engine	reviewed	72	2227	7de1b8130afa147cdb05b0cee00a466ce2f375e5eeb3281eae9830b9af8ac2c8	v12/interpreters/go/pkg/interpreter/primitive_method_cache_key.go
modified	shared-engine	reviewed	118	3775	b8026482cac82cd3ef4a6c359b7574069093402d1862cc19e44b1682c0080bb1	v12/interpreters/go/pkg/interpreter/program_evaluation.go
untracked	shared-engine	reviewed	76	2150	29e0ef1dc7f947de5dbd6970853e06d0717ed80491073f20759c34882e496967	v12/interpreters/go/pkg/interpreter/program_evaluation_cache.go
untracked	engine-guard-fixture	reviewed	128	4512	1168dc78812c27182727694a16e6169fdf620c03680c2b5a5aeb98a8de2d30e6	v12/interpreters/go/pkg/interpreter/program_evaluation_cache_test.go
untracked	shared-engine	reviewed	25	616	2cb8035bf15b34806ceca55c70472e0002d7eb48df4d3387a780fe0720fe4b11	v12/interpreters/go/pkg/interpreter/program_module_evaluation.go
untracked	engine-guard-fixture	reviewed	61	2098	1ae82965a1f61759ad173ab46aa81dee6b2cda115e2bdb560c3aaf550168dd78	v12/interpreters/go/pkg/interpreter/program_reexports_test.go
modified	shared-engine	reviewed	16	548	02a28225f36143d2ce5af6e95be008d7ca28f3a782980f6b9e9309b997e01a3a	v12/interpreters/go/pkg/interpreter/raise.go
modified	shared-engine	reviewed	127	3589	1788d27cf63ff07068f75874ab2e5f6bd0b1284d8e8ef0606460506d4fae6de0	v12/interpreters/go/pkg/interpreter/range_runtime.go
untracked	shared-engine	reviewed	96	2859	ce85fbc45e9436ae67f451cbf275f9c9c4846c8b3c4ba66b444bf79d84ccc6f7	v12/interpreters/go/pkg/interpreter/runtime_data_cache.go
untracked	engine-guard-fixture	reviewed	197	6649	66caebc7fb0fa468aa59cb3de05044a0c442cca86d0cdea6bc5334f649bc4784	v12/interpreters/go/pkg/interpreter/runtime_data_cache_test.go
modified	engine-guard-fixture	reviewed	307	9003	76c1955d4d868bbde277ca2dfdff7075bb0c19ff790de7b0fb800c36fccc1d38	v12/interpreters/go/pkg/interpreter/runtime_diagnostics_test.go
modified	deferred-wasm-shim	hold-deferred-wasm	179	4018	b16863701f4704bf2d7dd0023564e1af60a26ba19389cfcdb1112877f42cdc56	v12/interpreters/go/pkg/interpreter/runtime_diagnostics_wasm.go
untracked	shared-engine	reviewed	21	775	60b0552c10fb0a777024c9325a937ab7128d599a30f4f33d45fc6ed257184e92	v12/interpreters/go/pkg/interpreter/runtime_value_boundary.go
modified	shared-engine	reviewed	364	10445	2f1a9ba16fe7089cf72518be8bd168ceaa5d7a78b7f7ef34931056f7eb98ab4d	v12/interpreters/go/pkg/interpreter/scope_capacity.go
modified	engine-guard-fixture	reviewed	255	9371	e12d93e7e07f81af681241783858a57e92d614685eb7a68aec02105dc5cfd8d8	v12/interpreters/go/pkg/interpreter/scope_capacity_test.go
untracked	shared-engine	reviewed	217	6964	4d14cdbf435a056b17b7f300c0706c590148940ec6f4e8b1e3f4a530edb12bdf	v12/interpreters/go/pkg/interpreter/static_receiver_type_hints.go
untracked	deferred-wasm-shim	hold-deferred-wasm	12	250	f091ad15b8bb5b0785a07ed092b38976b89d151a2a6284318e5cf258384bdf5b	v12/interpreters/go/pkg/interpreter/static_receiver_type_hints_wasm.go
modified	engine-guard-fixture	reviewed	473	10848	29ed6171f1c7150ce403bd9a140059a9934fb8b304ee362598576f6e44a3dec3	v12/interpreters/go/pkg/interpreter/stdlib_concurrency_test.go
untracked	engine-guard-fixture	reviewed	343	8022	67276283db1fd55157141ace2b972162b461c9d758b450ec68a6417f387290d9	v12/interpreters/go/pkg/interpreter/stdlib_interface_exec_regression_test.go
untracked	engine-guard-fixture	reviewed	165	4672	60747d5d254f9ffb737b1958bf8b0a56c611fe6f53d8663fac3945cb562d9a88	v12/interpreters/go/pkg/interpreter/stdlib_iterator_bench_regression_test.go
untracked	engine-guard-fixture	reviewed	109	2495	d9bb8392a4ad55f14490b0b1da535554670d0800216a440b9c9280f07b7561a0	v12/interpreters/go/pkg/interpreter/stdlib_result_error_regression_test.go
untracked	shared-engine	reviewed	168	4813	fb117332614253ef952d690f22add6d0582552660b7e688432e775e3ee59a5ea	v12/interpreters/go/pkg/interpreter/struct_generic_inference.go
untracked	shared-engine	reviewed	146	4782	f4e33feeb0fb84fa27296d90eeec82f0b424f615988922fded09d6d03bc12a2c	v12/interpreters/go/pkg/interpreter/struct_literal_named.go
untracked	shared-engine	reviewed	87	2822	9e2c775aee9ccbdc0570087add3d80545b6056c5363fe83127cd8b32f072da31	v12/interpreters/go/pkg/interpreter/struct_literal_named_plan.go
untracked	engine-guard-fixture	reviewed	125	2628	811491e5540937d6a5953faae40b12742c94abf8df5070e4b7a68b8202b6559a	v12/interpreters/go/pkg/interpreter/struct_literal_named_plan_test.go
modified	shared-engine	reviewed	244	6537	2c657af6f00f9021e93b20a3f72b1396409a915dad9c31bd073ab40657ac2797	v12/interpreters/go/pkg/interpreter/struct_named_fields.go
untracked	engine-guard-fixture	reviewed	123	3356	b2d62b0d8a5dc19ebe0137250c89f81415acc198f0f05e5415692f6513a1f97f	v12/interpreters/go/pkg/interpreter/struct_named_fields_test.go
untracked	shared-engine	reviewed	79	2311	6710f67b9ea191a5c84968636e0abbb13d4217a9e9682aaea619371a1614b0f9	v12/interpreters/go/pkg/interpreter/struct_pattern_named_plan.go
untracked	engine-guard-fixture	reviewed	83	2334	8d38bf84ad1ede2ae67006b3f735020beef8e82a31e1c8b001fef53baa3c52e2	v12/interpreters/go/pkg/interpreter/struct_pattern_named_plan_test.go
untracked	shared-engine	reviewed	17	487	172ba14b417c09d419a35b921ad756434f2052307c9b9b92f54da707baa1395e	v12/interpreters/go/pkg/interpreter/struct_type_arguments.go
untracked	engine-guard-fixture	reviewed	241	6247	1e80446008d4e941cbd3112f17cdf27afb8b1b4c4cd3fef07b16aba0d9184586	v12/interpreters/go/pkg/interpreter/struct_type_arguments_lazy_test.go
untracked	engine-guard-fixture	reviewed	87	1665	e55c4f975df6870affd5c24f47cabdc7e1fe78130f7693ca26a79480b7e4a0a4	v12/interpreters/go/pkg/interpreter/testdata/bytecode_runtime/zigzag_char_reduced.able
untracked	engine-guard-fixture	reviewed	61	1071	613d650e3ffc879ff290d4702e2be939d9e9361f4a7b0977fb313ff9e6f64e31	v12/interpreters/go/pkg/interpreter/testdata/quicksort_hotloop/main.able
untracked	engine-guard-fixture	reviewed	107	3082	ebee9ff451661fae3b88d5fd6b63bafdada1b00ae7b23c9fc054e2835bd88f47	v12/interpreters/go/pkg/interpreter/treewalker_transient_scope_test.go
modified	shared-engine	reviewed	309	8872	0ccc8d27089a355ba04d8f13175e587b99c3d9df1c1f7711cf19605b0d8f904f	v12/interpreters/go/pkg/interpreter/type_aliases.go
untracked	shared-engine	reviewed	122	3637	e826ff7379fa5d237aed1214b03d993947f4f8cc8b4a44f3849a1c691c2b8aaf	v12/interpreters/go/pkg/interpreter/type_expression_tuple_cache.go
modified	shared-engine	reviewed	42	1180	ad78f208c1c86c7311169e3ac6cc1e68fce0894312de287ec41bc1d859d22de3	v12/interpreters/go/pkg/interpreter/typechecker_integration.go
modified	runtime-support	reviewed	514	15237	05cc706b5717f15283687dc166651fd9ab4829c3877d689551983cca2fbf9b4d	v12/interpreters/go/pkg/profilehook/profilehook.go
untracked	runtime-support	reviewed	18	375	14646134a69563a9788c7c966a398e1de93c2bbadadd59477188d4edb97dcef0	v12/interpreters/go/pkg/profilehook/profilehook_stop_hook_test.go
modified	runtime-support	reviewed	421	12688	2ba44bd599237f5e805fd42701744cf788e1249573e7eeb466dae367ed0003d7	v12/interpreters/go/pkg/profilehook/profilehook_test.go
untracked	runtime-carrier	reviewed	47	1135	4511b2627dd0df02f28546b6ebb3ffc0d97dfb57fe89e1730101bec166f4adda	v12/interpreters/go/pkg/runtime/array_state.go
modified	runtime-carrier	reviewed	980	27546	1e23adac88b83df6e6f8d1dfd7e491a43e6c76b9ca830f1cc037800b0ac756f3	v12/interpreters/go/pkg/runtime/array_store.go
untracked	runtime-carrier	reviewed	195	5347	32d18ee6992e1d53ddccf699657c3f054c1d092e66ed2c0f564707a236e15f1b	v12/interpreters/go/pkg/runtime/array_store_char.go
untracked	runtime-carrier	reviewed	83	3800	446edd672fca91386f03e188fa8c1698f0072dce570689f80e73e960cf7e1058	v12/interpreters/go/pkg/runtime/array_store_char_test.go
untracked	runtime-carrier	reviewed	29	969	f2190cbf1d7c9e8d2fa7507de546b2bde9f611b7a1986e809a616ba398b71606	v12/interpreters/go/pkg/runtime/array_store_cleanup_test.go
untracked	runtime-carrier	reviewed	246	7552	ffb5c694d6574a5bdff1cd1521757785f024898f94d3820a1e45b1b921e8a242	v12/interpreters/go/pkg/runtime/array_store_concurrency_test.go
modified	runtime-carrier	reviewed	249	7083	74ab5d6dfdcf47af9a14175d416217211218deb554dc48cd4f8f1a391558727b	v12/interpreters/go/pkg/runtime/array_store_f64.go
untracked	runtime-carrier	reviewed	173	5285	f609bce6b5c9c7b4cf51b064ea7b7b8cbe25a7ce1df5c864fc7efca413355f3b	v12/interpreters/go/pkg/runtime/array_store_handles.go
modified	runtime-carrier	reviewed	153	4663	ef0b4ac19592d29b4319d4d84653224a2428653df4afca26188b85f2880293c3	v12/interpreters/go/pkg/runtime/array_store_i32_cache.go
untracked	runtime-carrier	reviewed	82	2488	67ec9469b35c36ab2277821c0f4a0962b90fb65bd1198205432c5375a53eb2bb	v12/interpreters/go/pkg/runtime/array_store_kind_cache.go
untracked	runtime-carrier	reviewed	332	10189	43138c598036ffa5c6490e84b32e6691293b859e971bc1c5ca016f32e81c6a47	v12/interpreters/go/pkg/runtime/array_store_leases.go
untracked	runtime-carrier	reviewed	241	8205	26d7bd85f12e164b738f0d29983269fc91eb3423eb47bd6284713c01e1d772a0	v12/interpreters/go/pkg/runtime/array_store_leases_test.go
modified	runtime-carrier	reviewed	169	4120	609438a927f474178e3ce144156f8394c92a1d3a62de4425db6d55f05aa32d00	v12/interpreters/go/pkg/runtime/array_store_mono_new.go
modified	runtime-carrier	reviewed	133	4340	10213ccbd01615f086b35309db37cae5dd17eb1ac6bf1fba8c4feae2f413dfe2	v12/interpreters/go/pkg/runtime/array_store_mono_ops.go
modified	runtime-carrier	reviewed	557	18675	317c900bae889b6f0a8b0ea8190b7beea2a96291b0004581a39ed1e0890c01f5	v12/interpreters/go/pkg/runtime/array_store_mono_test.go
untracked	runtime-carrier	reviewed	213	7021	799250ed821bc53afb42668b89283e1fc76f78eaf63a4163102c3ce12434dbcf	v12/interpreters/go/pkg/runtime/array_store_ops.go
untracked	runtime-carrier	reviewed	479	16032	bf474961604557910abde8e5e9060222222fc07a10bfb7afaa9ee8a69446e30d	v12/interpreters/go/pkg/runtime/array_store_primitive_read.go
untracked	runtime-carrier	reviewed	86	2725	976904d7a28606081d6cdb678095dbdeec9144cf1619b0aa01203bce22e3cc93	v12/interpreters/go/pkg/runtime/array_store_primitive_read_bench_test.go
untracked	runtime-carrier	reviewed	262	11556	f209d23ca1bb3405ed3c2a5dec882535927e850d4b74414b3a660b7dbb8575cd	v12/interpreters/go/pkg/runtime/array_store_primitive_read_test.go
untracked	runtime-carrier	reviewed	195	5579	6d4e62a50ff034649364389039eed8b4e6e3397f62596266483da5e0e1221823	v12/interpreters/go/pkg/runtime/array_store_promote_type.go
untracked	runtime-carrier	reviewed	21	689	02010b4d11e22ce5d0462ae312e0a50fe776be11bb0d9337ffa7221fc804d400	v12/interpreters/go/pkg/runtime/array_store_release.go
untracked	runtime-carrier	reviewed	163	6008	0d13cf0d66805aafecd204752bfdd1b39d1b628f1082553c0793176cac06998b	v12/interpreters/go/pkg/runtime/array_store_release_test.go
untracked	runtime-carrier	reviewed	66	2323	569fd720b69f9d86d1eaebcf62d4a99fe9e679176951ece3895e898b22ee439f	v12/interpreters/go/pkg/runtime/array_store_revision.go
untracked	runtime-carrier	reviewed	105	2944	05a02997ef88a3bb58c1168b31fa48136e014824e8805bc3d31c0684a1b047c0	v12/interpreters/go/pkg/runtime/array_store_revision_ptr.go
untracked	runtime-carrier	reviewed	244	9447	db881b800ced51e31d3a1c58bc5af98e0b7ddab19619fbccf4adcf512fca50c3	v12/interpreters/go/pkg/runtime/array_store_revision_test.go
untracked	runtime-carrier	reviewed	102	3374	0447a0f9f04330a8df88fb53faece52b9972636c91652ff7fdfbfe56fa57b4f9	v12/interpreters/go/pkg/runtime/array_store_stats.go
untracked	runtime-carrier	reviewed	111	3812	6fba804d851b5304b45894c05ab7477e39443861676a2f04bb7e085315cc6dcc	v12/interpreters/go/pkg/runtime/array_store_stats_test.go
untracked	runtime-carrier	reviewed	71	2418	44e55d211eb1beeef54dcb16031c59c8fc62be9f251b0b39a0263a59dc16a73b	v12/interpreters/go/pkg/runtime/array_store_struct_leases.go
untracked	runtime-carrier	reviewed	97	3934	764475be325a425a9a31ddbb9725c6bb0c0fa484bb930161dfbce68b21669d8e	v12/interpreters/go/pkg/runtime/array_store_struct_leases_test.go
modified	runtime-carrier	reviewed	179	7014	71b1e9bb483a1851424e801cc70c072fb44152d54079be790d196f89f44baa27	v12/interpreters/go/pkg/runtime/array_store_test.go
untracked	runtime-carrier	reviewed	109	3964	1489a9b0e5d96845377f885ff590dc5852eacd4cf2ba475ec105cb8ec6637624	v12/interpreters/go/pkg/runtime/array_store_test_scope_test.go
untracked	runtime-carrier	reviewed	64	1700	2cbee79b7ddf86e0388744573148bc0d3350570b3afbe464e6dfd1ae59553bf1	v12/interpreters/go/pkg/runtime/array_store_type_info.go
modified	runtime-carrier	reviewed	288	7822	d0ea8274a441bfd017e5f70cb3d2e9a74e0918d108e0ed6906e72ea9ffb2e13b	v12/interpreters/go/pkg/runtime/array_store_u8.go
untracked	runtime-carrier	reviewed	48	1553	80d78f11a0c04427058da7a00b1701412bd135a24910deb9c8429bb4d5dacfb0	v12/interpreters/go/pkg/runtime/array_store_u8_append_test.go
untracked	runtime-carrier	reviewed	286	7578	96602b67f65478e06598ccadeaea5a616a5b2cf78fbd67a6713b67e752a882ee	v12/interpreters/go/pkg/runtime/array_store_unsigned.go
untracked	runtime-carrier	reviewed	6	304	d5af4d41376732bb71e4b3cf5a1fcb012b09451df5628a4e7bf25e5db2de193b	v12/interpreters/go/pkg/runtime/compiled_thunk.go
modified	runtime-carrier	reviewed	960	25464	2419913e1a26bf7c3efa4fa1b3e23795290d70f2c910a0f0feb78cf2c8bdcaad	v12/interpreters/go/pkg/runtime/environment.go
untracked	runtime-carrier	reviewed	77	2996	705162d47ac6e291e037dfdfe9877dcacd64e0d2e91b18470628b101872eb8ae	v12/interpreters/go/pkg/runtime/environment_binding_shape_test.go
untracked	runtime-carrier	reviewed	230	7382	48d06b26033d445984fbef0b7685abf66599f5d8c04b29860c65a9a5a7ad997f	v12/interpreters/go/pkg/runtime/environment_lookup_bench_test.go
untracked	runtime-carrier	reviewed	104	2898	dfac790a45994371e3bdc3433086361cb4481c28aadf2205db59507b2bfd0bec	v12/interpreters/go/pkg/runtime/environment_reuse.go
untracked	runtime-carrier	reviewed	68	2261	2fb965bd80b033bae140b78130fe5a2dfe4b52657cffab302f23e87d5c5b537c	v12/interpreters/go/pkg/runtime/environment_reuse_test.go
untracked	runtime-carrier	reviewed	62	1375	0f4270c7599a8b146690c1d24c8a743dc7ff1ec894393e9e11ea40e288800ad7	v12/interpreters/go/pkg/runtime/environment_runtime_data.go
untracked	runtime-carrier	reviewed	98	2641	13c29f12de54faa5af615d6a86f378fe5a699036ff2ee63cd94eb24b1b9125d1	v12/interpreters/go/pkg/runtime/environment_shared_state.go
untracked	runtime-carrier	reviewed	49	884	619ac8af92ea886aa4ad81e6977eeb48d3e84cac1845bfac0234cd9201e8f84c	v12/interpreters/go/pkg/runtime/environment_state.go
untracked	runtime-carrier	reviewed	31	681	004dbc14b67276db4e895cb714cb842e316798dbc36c1a5c2ac5a46224c17d01	v12/interpreters/go/pkg/runtime/environment_structs.go
modified	runtime-carrier	reviewed	840	30250	dcf116481877dc99bf13714ec926558afee8753f80b7f9b7d02b127fe7c34ea8	v12/interpreters/go/pkg/runtime/environment_test.go
untracked	runtime-carrier	reviewed	61	1683	02ea019f8a381f5b6735a0c963654e19efef97f537c06a68fa8571f8fbdae36f	v12/interpreters/go/pkg/runtime/hash_map_value.go
untracked	runtime-carrier	reviewed	54	1860	58583570b1024355ba60350b7dc8f271c96522bba14252d9e546a6e673e4f04d	v12/interpreters/go/pkg/runtime/hash_map_value_test.go
untracked	runtime-carrier	reviewed	14	403	f999991906128372448a89614c7aaa374ce435d742695201721d2ff1d36a24e5	v12/interpreters/go/pkg/runtime/hasher_state_test.go
untracked	runtime-carrier	reviewed	116	3210	1f1e2d3ff70b81d9c37e8746d4ecf63192184737418a555ef9f84d2a077ffb81	v12/interpreters/go/pkg/runtime/iterator_value.go
untracked	runtime-carrier	reviewed	82	2265	e09ca89c2cb7e4a33e0e2a5307de39346af2b89217573690fd6696e50946fb3d	v12/interpreters/go/pkg/runtime/iterator_value_test.go
untracked	runtime-carrier	reviewed	74	1553	279c69be032ff3877a839fe8bf5e654e148b20e89a1585276bd99a1ee8ed4fd9	v12/interpreters/go/pkg/runtime/raw_value.go
untracked	runtime-carrier	reviewed	21	610	167fb6976ab362775d86fcacc0bde8dd1238bfb63c4acf13f8dfc7bace3af0e9	v12/interpreters/go/pkg/runtime/raw_value_test.go
modified	runtime-carrier	reviewed	78	3010	4dbeb3f22d0da3980bca75386e1a11e681f2e936288cd276759396f4d12f6e92	v12/interpreters/go/pkg/runtime/struct_instance_test.go
modified	runtime-carrier	reviewed	867	20044	871f0a4735ce0660c902e356c2a47c5fd0886c0e42f3641338677110e8301280	v12/interpreters/go/pkg/runtime/values.go
untracked	runtime-carrier	reviewed	540	15289	07a4d753b5ed659714b09c00e4e17b76f827f24b14279420d8b823204d691fb7	v12/interpreters/go/pkg/runtime/wide_integer.go
untracked	runtime-carrier	reviewed	175	5963	800109257165fb2790d9b7d455e656470fa11e993b34818b27320836f5903636	v12/interpreters/go/pkg/runtime/wide_integer_test.go
modified	runtime-support	reviewed	150	3629	b4a491c51dc696bd25b40e3d51c9a11678fcae8e749e86a486a61b34b7c5cc14	v12/interpreters/go/pkg/stdlibpath/stdlibpath.go
modified	runtime-support	reviewed	74	2436	8aeb0e23c0c116fd8c4186ed929bc798fdb231e48d572e8ba9d852a894fccd10	v12/interpreters/go/pkg/stdlibpath/stdlibpath_test.go
