state	family	disposition	lines	bytes	sha256	path
tracked-modified	release-handoff	reviewed-documentation	49089	3452061	76112559d88904949ee1535d237d777b35362d4a4d48e43f4057efa30af84b5f	LOG.md
tracked-modified	release-handoff	reviewed-documentation	226	12400	a386bcbcca6e5f1a6908028e0d8bbc5724fe5997adc3dfa03f5d380ea975c14e	PLAN.md
tracked-modified	manual-documentation	reviewed-documentation	69	4488	184bc8c22d0396dc18d10bbe06c3c2442aa266a328b2004ca421b4644cd119dc	README.md
untracked	design-documentation	reviewed-documentation	173	9548	fb48be2b214685bf4eaedc159b988003017282643a6d46eb85b49954378ab5a0	design/compiled-fixed-context-abi-audit.md
untracked	design-documentation	reviewed-documentation	120	5291	532b5c27efa1d970ca96759a92fde7888d390b9a1b09d658cede248a84dabfdf	design/compiled-goroutine-context-propagation.md
untracked	design-documentation	reviewed-documentation	108	5103	af2039d0d20a1d05889ba1dc2fc41cb2c0755ae14175dd3ce2e5304780512760	design/compiled-goroutine-context-prototype-feasibility.md
tracked-modified	release-tooling	reviewed-source	259	14424	bbe59a421b3c52557ec760b906aa913fc8f237695d010ba10d58cc615f46037e	justfile
untracked	release-tooling	reviewed-source	26	878	e4f71d0fa5ccdfa866267a0c12c6279e1637ba5531ac9ed07fdf16aceb2cde5b	scripts/check-embedded-kernel.sh
untracked	release-tooling	reviewed-source	150	5192	77ac44818424db992d2f2c4e55de7abdd54f02656497c0650631904082e1d4fe	scripts/cleanup.sh
untracked	release-tooling	reviewed-source	62	2145	39505ca8469404fe5a64cc7dd986b3ff747c36dae136ec07c316a0169a643fb7	scripts/cleanup_test.sh
tracked-modified	shared-contract	reviewed-source	607	44395	f2ff4fcfdf2136aa0debd19f4fa7abc0c4c26af65e56976782355db6e727e4b6	spec/TODO_v12.md
tracked-modified	shared-contract	reviewed-source	5415	332374	4f0405b86c122993723e8617abd6f825d9a8ff858d4c72acaf4e33469452f080	spec/full_spec_v12.md
untracked	profile-archive	archive-profile	57	1519	0ddd0e2f28c5b611f9d3c4d660450bfc7c137a6d12e6aa71d9e0aaf68f76345c	v12/.profiles/20260722_bytecode_generic_union_candidate/binary_event_log_runtime.json
untracked	profile-archive	archive-profile	776	17382	674416f3536c1c831103fb16ad7e93d95bc379b7b91bc2053aa1babf452ad13a	v12/.profiles/20260722_bytecode_generic_union_candidate/binary_event_log_stats.json
untracked	profile-archive	archive-profile	57	1536	f72bccd7565cbe4c9d01de5bef1ea8016423d143dde42ea08c648b2f23a8408f	v12/.profiles/20260722_bytecode_generic_union_candidate/manifest_normalization_assoc_runtime.json
untracked	profile-archive	archive-profile	826	19260	98c71b2dc26c2568b83ab1be1ed8b71a21c851643c0f3b41f433f645a7634d84	v12/.profiles/20260722_bytecode_generic_union_candidate/manifest_normalization_assoc_stats.json
untracked	profile-archive	archive-profile	57	1538	f496f11040a3f780f5649d2ae9fb4f9dbbdd7277203805a9c0131928c0532777	v12/.profiles/20260722_bytecode_generic_union_candidate/manifest_normalization_runtime.json
untracked	profile-archive	archive-profile	826	19360	cc45fe47edb6925871c44117b97ca8c76cea4f52eafe1a57baf66348f005eea4	v12/.profiles/20260722_bytecode_generic_union_candidate/manifest_normalization_stats.json
untracked	profile-archive	archive-profile	55	1500	41cb6971c04f250206046dcaa84cee4d6130108cb89201d62e9da3aa34b1ef69	v12/.profiles/20260722_bytecode_generic_union_candidate/option_result_config_runtime.json
untracked	profile-archive	archive-profile	823	19172	17b3a0dc8d316724a07277b9f1782e399d7c44f523f5717e550b49766ca5c870	v12/.profiles/20260722_bytecode_generic_union_candidate/option_result_config_stats.json
untracked	profile-archive	archive-profile	55	1438	f957b6acbfb54e448652197daf5cd360483376839f8975c9acfbccb51b376be3	v12/.profiles/20260722_bytecode_generic_union_census/array_map_runtime.json
untracked	profile-archive	archive-profile	671	13704	7ae8991f35bc7b125abce550ea80e033b9537a5925844aac020d8b0873954375	v12/.profiles/20260722_bytecode_generic_union_census/array_map_stats.json
untracked	profile-archive	archive-profile	57	1519	3e81be646f8b7f1b9945ab77b30d809427c0318462b4b9ce4524a853b58b1852	v12/.profiles/20260722_bytecode_generic_union_census/binary_event_log_repeat_runtime.json
untracked	profile-archive	archive-profile	776	17449	bf535433540b7a492c65f94a437b311aa31c7250a275d182ac2dc1a90600da91	v12/.profiles/20260722_bytecode_generic_union_census/binary_event_log_repeat_stats.json
untracked	profile-archive	archive-profile	57	1519	e5be9b842cef92905df4a737e4b1ef17289ca4039afea8fc9718b8aa85c4f8a4	v12/.profiles/20260722_bytecode_generic_union_census/binary_event_log_runtime.json
untracked	profile-archive	archive-profile	766	17063	6dd47c6be91d60b862e87d92a77e33950f6bf748f5ee94fb96388fe81bde05b9	v12/.profiles/20260722_bytecode_generic_union_census/binary_event_log_stats.json
untracked	profile-archive	archive-profile	55	1467	c956e4f8d7830251432e357d092f5ef06ed38b28984314a229cf5fa449eac171	v12/.profiles/20260722_bytecode_generic_union_census/iterator_collect_runtime.json
untracked	profile-archive	archive-profile	671	13723	9411e9d31110377309ccd92cfbd3a21990a1290bd08fb58882a043548e20f237	v12/.profiles/20260722_bytecode_generic_union_census/iterator_collect_stats.json
untracked	profile-archive	archive-profile	57	1532	e8a55d8df9b07869fabe541f7da5c0c7b9721919b3a7d418d72f933894ea8eda	v12/.profiles/20260722_bytecode_generic_union_census/manifest_normalization_runtime.json
untracked	profile-archive	archive-profile	826	19340	16f8e312b1cf860303f7c53efad57b951fa3fe97d07173c4a34a69c7570f1fab	v12/.profiles/20260722_bytecode_generic_union_census/manifest_normalization_stats.json
untracked	profile-archive	archive-profile	55	1501	cc1ff5e19bd3a936d164a9792026816d5aca76f3569cd984a422892a6eb287b3	v12/.profiles/20260722_bytecode_generic_union_census/option_result_config_runtime.json
untracked	profile-archive	archive-profile	823	19287	3b34a63b892c48d316f252eb972f9346d9cc67e2026b10f4137a74491b6d3b1f	v12/.profiles/20260722_bytecode_generic_union_census/option_result_config_stats.json
untracked	profile-archive	archive-profile	57	1538	2a154c86c9886a9aed09411314d90d101e0f6f1b8b5aa9e114347237c8ec4035	v12/.profiles/20260722_bytecode_generic_union_census/policy_record_dispatch_runtime.json
untracked	profile-archive	archive-profile	751	16606	c53ee7f5cd716d9555e28504db101b9a9b6796be540b713dcf961294a47c30c6	v12/.profiles/20260722_bytecode_generic_union_census/policy_record_dispatch_stats.json
untracked	profile-archive	archive-profile	55	1458	1ba1ef8bb737c9baf5c8d7a2799651b9952bfad6bb30c93234bae0301c112e8f	v12/.profiles/20260722_bytecode_generic_union_census/string_split_join_runtime.json
untracked	profile-archive	archive-profile	671	13708	6ef117a18f11b383790ceee8105fe926727ae294a3e4aa6bffe4264c1069198d	v12/.profiles/20260722_bytecode_generic_union_census/string_split_join_stats.json
untracked	profile-archive	archive-profile	103	2749	26d9cea70121ed83e3c425e40cf1f2160f1c7bd4fd6af73c52c3e08b81c967f6	v12/.profiles/20260722_bytecode_generic_union_final/array_map_candidate.json
untracked	profile-archive	archive-profile	103	2751	51c17cb3e9eacc7f83cbe92206a4e0f01ec2694c04df3b196e6cd965bd419a1e	v12/.profiles/20260722_bytecode_generic_union_final/array_map_disabled.json
untracked	profile-archive	archive-profile	103	2750	973f058e5787ac07d9015f1ffda4aee7e9933fb54bcdbe7b8a258a97eb1e5cc5	v12/.profiles/20260722_bytecode_generic_union_final/array_map_lazy.json
untracked	profile-archive	archive-profile	103	2752	0d5179071867f25697ff8bdd1a0977fa495925fb6981e6d42f8b192fca6cc835	v12/.profiles/20260722_bytecode_generic_union_final/array_map_marked.json
untracked	profile-archive	archive-profile	81	2198	39faf19a127e45bd62ba8bc04de9c87543895817fc60ee1537ac3c57cb18b213	v12/.profiles/20260722_bytecode_generic_union_final/binary_event_log_candidate.json
untracked	profile-archive	archive-profile	69	1857	cfedc5d291070da1f300cad74f4242bd853e3c6ba3607ef6f5e42cee38630ea5	v12/.profiles/20260722_bytecode_generic_union_final/binary_event_log_lazy.json
untracked	profile-archive	archive-profile	107	3179	3cffc4a77187323f1878d67e3e678f8232fefe380047deb89d2072493fa85981	v12/.profiles/20260722_bytecode_generic_union_final/binary_event_log_verified.json
untracked	profile-archive	archive-profile	103	2811	153d4690176a2af2d92ef5797215b7fee7e0c438cb06c6acc76dd58fac71e7da	v12/.profiles/20260722_bytecode_generic_union_final/iterator_collect_behind_member_miss.json
untracked	profile-archive	archive-profile	103	2805	0417415a4da488c80afb874d2d1f8e6566dd5148294e9cc56cbb90eb8580a680	v12/.profiles/20260722_bytecode_generic_union_final/iterator_collect_candidate.json
untracked	profile-archive	archive-profile	103	2806	bce8575d4fc3178ea1e00410fed2a360521acd3d9eeffa8ebf8ef3a7ca1aee6e	v12/.profiles/20260722_bytecode_generic_union_final/iterator_collect_disabled.json
untracked	profile-archive	archive-profile	103	2808	3fb5d488933a3306938d54e217f472981e7b6507cf692164c64650ef40ac65ab	v12/.profiles/20260722_bytecode_generic_union_final/iterator_collect_lazy.json
untracked	profile-archive	archive-profile	103	2813	6e731a3a6d10c50c2c3b28313d97c4ec049487aa5e25b6c4d07f7943e2728c7a	v12/.profiles/20260722_bytecode_generic_union_final/iterator_collect_lazy_repeat.json
untracked	profile-archive	archive-profile	103	2812	d70a4e252bec7cc8fa69f8594f6c2ab1e39611817ee550311c4e660e8a92d9ed	v12/.profiles/20260722_bytecode_generic_union_final/iterator_collect_member_miss_disabled.json
untracked	profile-archive	archive-profile	103	2806	45e2489df9f5d30306200d4dda8e2a7852aa5d130a92d46f24683e3ae8431fcb	v12/.profiles/20260722_bytecode_generic_union_final/iterator_collect_member_miss_final.json
untracked	profile-archive	archive-profile	103	2810	b0dbd03f4a70aadb503f316f02332d08e46bb86b1afb339c92680f60d37b98aa	v12/.profiles/20260722_bytecode_generic_union_final/iterator_collect_opcode.json
untracked	profile-archive	archive-profile	1976	44239	6d6fc3bcbf56f28cf7438a345fca65161edf04c885c6c8e8597b09b009ee97b0	v12/.profiles/20260722_bytecode_generic_union_final/iterator_collect_opcode_stats.json
untracked	profile-archive	archive-profile	55	1465	b98ebccfe36db4bcdb30646f9901e916e9ea9d0bd10fdb451c8e6a15a08ddad9	v12/.profiles/20260722_bytecode_generic_union_final/iterator_collect_opcode_stats_runtime.json
untracked	profile-archive	archive-profile	103	2809	4254f6cf0383c6d0ef98f5446051350de9e3933c9e0ec14c35b195f02e49cded	v12/.profiles/20260722_bytecode_generic_union_final/iterator_collect_restored_final.json
untracked	profile-archive	archive-profile	103	2811	0886baa7566b5e6b7579a6f21d4d2904beb81a56bdef3f6f36ae00a3858784b2	v12/.profiles/20260722_bytecode_generic_union_final/iterator_collect_vm_local.json
untracked	profile-archive	archive-profile	81	2213	3a369ba8e97e2afbeaa62ccbd4489adb9198410d975e7d98c9e2c355f1305eb5	v12/.profiles/20260722_bytecode_generic_union_final/manifest_normalization_candidate.json
untracked	profile-archive	archive-profile	69	1874	4c1f9e9429785d3ea81f16450980bce4468352cc510d2e4331b40b9fc6270906	v12/.profiles/20260722_bytecode_generic_union_final/manifest_normalization_lazy.json
untracked	profile-archive	archive-profile	69	1873	f83168839195a25fe06dee1bb8f2913f9016b02f71c57276eaa677f50af695db	v12/.profiles/20260722_bytecode_generic_union_final/manifest_normalization_marked.json
untracked	profile-archive	archive-profile	107	3205	0d6ba67bee40c66a2e217618f0ff742e8bc0bd6aeb3178a75163b37a8557f7bc	v12/.profiles/20260722_bytecode_generic_union_final/manifest_normalization_verified.json
untracked	profile-archive	archive-profile	67	1845	12e55b9b2f235d50a9d0d2631cc0c5600f55f13916527b7f04d42e9560fff787	v12/.profiles/20260722_bytecode_generic_union_final/option_result_config_behind_member_miss.json
untracked	profile-archive	archive-profile	79	2180	e287bec8a5b65b80e37b80f276be43bab3cdae383fa11f2f8db6e3a83dc34a67	v12/.profiles/20260722_bytecode_generic_union_final/option_result_config_candidate.json
untracked	profile-archive	archive-profile	67	1843	67cb05feeb8e8b6e06c9e569615cca5363e97121fb29419bdbc86dab69ad9d0e	v12/.profiles/20260722_bytecode_generic_union_final/option_result_config_lazy.json
untracked	profile-archive	archive-profile	67	1841	58324314fc065f574e292d6c92e6de47a498970dea8b770b7befaaa20706c685	v12/.profiles/20260722_bytecode_generic_union_final/option_result_config_marked.json
untracked	profile-archive	archive-profile	67	1842	231c289c1d73cd512ae4227d1b0527adad41217bc77f30cdfeff76044a78db87	v12/.profiles/20260722_bytecode_generic_union_final/option_result_config_member_miss_final.json
untracked	profile-archive	archive-profile	67	1844	696650d5e23aa3e12bc06894d5aedb7be8d68723a11f53986f37ee1c2690b2c1	v12/.profiles/20260722_bytecode_generic_union_final/option_result_config_opcode.json
untracked	profile-archive	archive-profile	105	3169	eeb8431aee695e29daebd592f6d9f942cb7e001f5bc461f5ed6652efc6193c74	v12/.profiles/20260722_bytecode_generic_union_final/option_result_config_verified.json
untracked	profile-archive	archive-profile	67	1843	8351e7d0ced7107012b87ff07af7db220cb493ffcd139fb990312da9932bd91f	v12/.profiles/20260722_bytecode_generic_union_final/option_result_config_vm_local.json
untracked	profile-archive	archive-profile	81	2221	d6ad03a85e837179d283c0b63ee10060be06d8c659888596bdda9c6efcbda7ae	v12/.profiles/20260722_bytecode_generic_union_final/policy_record_dispatch_candidate.json
untracked	profile-archive	archive-profile	81	2216	856b936f5699f44300520737f814fd77c0d49cd21465f7b90a17e9b23c68d069	v12/.profiles/20260722_bytecode_generic_union_final/policy_record_dispatch_disabled.json
untracked	profile-archive	archive-profile	81	2216	6c7d5ad53db2764ac3b880af4eddc64df72b0bc49c0931e1497be5ef88e0d6cb	v12/.profiles/20260722_bytecode_generic_union_final/policy_record_dispatch_lazy_repeat.json
untracked	profile-archive	archive-profile	107	3204	f6edbabfafce1c42424eb0574c4e82f6f9af82f7f427b2073ed35e901fe670d8	v12/.profiles/20260722_bytecode_generic_union_final/policy_record_dispatch_verified.json
untracked	profile-archive	archive-profile	103	2792	c40d01442f840fae922af74d28759804215f987db8a811bc01ff1444591c6a77	v12/.profiles/20260722_bytecode_generic_union_final/string_split_join_candidate.json
untracked	profile-archive	archive-profile	103	2793	69868acac4ceab5506526dade983d1f2b65f18e8dcd77104c69e281a1c64ffae	v12/.profiles/20260722_bytecode_generic_union_final/string_split_join_disabled.json
untracked	profile-archive	archive-profile	103	2795	0c1724a94db527376219338c439821e98e89e252e0cb75082546215c606fb0a3	v12/.profiles/20260722_bytecode_generic_union_final/string_split_join_lazy.json
untracked	profile-archive	archive-profile	103	2749	fbb09634253f2120c24ce36d487bf32779eb8df9de31b0bc5e3df5a7fa9245e9	v12/.profiles/20260722_bytecode_union_cohort/array_map_i32_cow_guard.json
untracked	profile-archive	archive-profile	69	1858	80372934ed564266726c70306904cb815a730e647fa7608db74bea2ccaca359c	v12/.profiles/20260722_bytecode_union_cohort/binary_event_log_cow_reuse_runtime.json
untracked	profile-archive	archive-profile	107	3175	46fdfcb17d1cd8dfa9d2fd9bc01f3abc4906aeed49b34a2d58f4d582879944ee	v12/.profiles/20260722_bytecode_union_cohort/binary_event_log_cow_reuse_verified.json
untracked	profile-archive	archive-profile	57	1480	d11cd84063aff29e7340ff68c187bd2ca4e519ab4dbbd9c47eb645665bf6a0fd	v12/.profiles/20260722_bytecode_union_cohort/binary_event_log_runtime.json
untracked	profile-archive	archive-profile	57	1519	13f3104b6b380cf8fee2f547c4bd31acf708cd24e553933655cdf7bcfbf96ff9	v12/.profiles/20260722_bytecode_union_cohort/binary_event_log_runtime_2x.json
untracked	profile-archive	archive-profile	57	1517	29a115d05c83eb9d6e8cb6b9c9e6584512d7c67a30348bbba4f31870d1f8b42d	v12/.profiles/20260722_bytecode_union_cohort/binary_event_log_structural_reuse_runtime.json
untracked	profile-archive	archive-profile	107	3180	34cb9cca864bc098f9249577bb1a1eb85c8e9c1979ba2c17d4a1622f63f2d2e5	v12/.profiles/20260722_bytecode_union_cohort/binary_event_log_verified.json
untracked	profile-archive	archive-profile	103	2811	5e38c0864b716632669802093bf2df7cdc08f25108feb8fc1430984c3167f94b	v12/.profiles/20260722_bytecode_union_cohort/iterator_collect_cow_guard.json
untracked	profile-archive	archive-profile	103	2809	d412f3df5614bae60a3c1095934ed858580781264fce10ede17ce942dac466b4	v12/.profiles/20260722_bytecode_union_cohort/iterator_collect_restored_guard.json
untracked	profile-archive	archive-profile	107	3204	0300e923686deb2779d30790c977cad6147076ddc1b9f5918c13b0a022faa768	v12/.profiles/20260722_bytecode_union_cohort/manifest_normalization_candidate_verified.json
untracked	profile-archive	archive-profile	69	1875	2731966aae6bc36323a8d32fdfb94d23e8c1ac2ddf83d3ce1f8851ab9f379a5a	v12/.profiles/20260722_bytecode_union_cohort/manifest_normalization_cow_reuse_runtime.json
untracked	profile-archive	archive-profile	69	1876	5453e3095c68f3bb11bcc380bdd4b3dc9e6bf330c5df5c2cdfc29eb4dcd2cfdb	v12/.profiles/20260722_bytecode_union_cohort/manifest_normalization_cow_reuse_runtime_repeat.json
untracked	profile-archive	archive-profile	107	3206	d56432bf68114e45b8492523afcb321c2a9bfb5c94cd1adaff8a84bcb20c0894	v12/.profiles/20260722_bytecode_union_cohort/manifest_normalization_cow_reuse_verified.json
untracked	profile-archive	archive-profile	69	1875	7d8279063b20b3273cbb0d3132b44061657366afbd43659a60c52afba6a3231b	v12/.profiles/20260722_bytecode_union_cohort/manifest_normalization_restored_runtime.json
untracked	profile-archive	archive-profile	57	1538	208e5004358d409e73e1e28250a0e6276f3193530f201ed72a7af308f498577b	v12/.profiles/20260722_bytecode_union_cohort/manifest_normalization_runtime.json
untracked	profile-archive	archive-profile	57	1536	e420429ad65f3d47ba4d5510cfeb4d686b2c8db4df6293c303bf4166a4d368f7	v12/.profiles/20260722_bytecode_union_cohort/manifest_normalization_structural_reuse_runtime.json
untracked	profile-archive	archive-profile	107	3206	a4ad3c57cc6a15674997321de6fc03a0e41c04eea130f4f774c3789262e3c351	v12/.profiles/20260722_bytecode_union_cohort/manifest_normalization_verified.json
untracked	profile-archive	archive-profile	55	1510	fce65ee15a427a350cde61e163da50940d5ae343c5275bdfbbae2ac43c553226	v12/.profiles/20260722_bytecode_union_cohort/option_result_config_candidate_runtime.json
untracked	profile-archive	archive-profile	105	3170	6b7d0067710c2e761b252d6304cb486eb8c1b018c6a9829ae82a3337091a38e5	v12/.profiles/20260722_bytecode_union_cohort/option_result_config_candidate_verified.json
untracked	profile-archive	archive-profile	105	3174	4c8f10d2c1a7c7a444fcb41c0e127388bdff1ca52a99ddf46f6f42a67fb0a2cd	v12/.profiles/20260722_bytecode_union_cohort/option_result_config_candidate_verified_repeat.json
untracked	profile-archive	archive-profile	67	1845	80b80cea112ef157dacaf2acb03e14f998a1fda3897a6cf199db2675c2add478	v12/.profiles/20260722_bytecode_union_cohort/option_result_config_cow_reuse_runtime.json
untracked	profile-archive	archive-profile	105	3169	24c10c5e74786366bc79852c2ae8911b5d26eddf53bfa677983840d814ad08c3	v12/.profiles/20260722_bytecode_union_cohort/option_result_config_cow_reuse_verified.json
untracked	profile-archive	archive-profile	55	1508	9ffe669e3157aa8c0c067c1ae9614c25cae2b9942704edaabe29628a8638b680	v12/.profiles/20260722_bytecode_union_cohort/option_result_config_restored_runtime.json
untracked	profile-archive	archive-profile	105	3171	cb8aeda64b869d2c3120692d456529cd1e075bf21034c8c872a1a71048f28626	v12/.profiles/20260722_bytecode_union_cohort/option_result_config_restored_verified.json
untracked	profile-archive	archive-profile	55	1508	92f1e2726512c29c300da2b6d4f6e623622f6c8de32560e080589145782462c7	v12/.profiles/20260722_bytecode_union_cohort/option_result_config_runtime.json
untracked	profile-archive	archive-profile	55	1508	828fcd92828f03f4ef44b4d2ecc8bf62cae24111a593c7b081bb1967d2208f80	v12/.profiles/20260722_bytecode_union_cohort/option_result_config_structural_reuse_runtime.json
untracked	profile-archive	archive-profile	105	3170	1b7082fc6c2c2a51c8c50983e733012c5beb4bd4e546ef6d4f4d5732b152c3a2	v12/.profiles/20260722_bytecode_union_cohort/option_result_config_structural_reuse_verified.json
untracked	profile-archive	archive-profile	105	3171	e6cf829a4b40726d04dd82a14680f8eda6ee827cbdaaffba4c0903f7bf966709	v12/.profiles/20260722_bytecode_union_cohort/option_result_config_structural_reuse_verified_repeat.json
untracked	profile-archive	archive-profile	105	3171	c5f4ec686661576f6984d5e2ef05b3b16a7427b6d6dd6630cf92374c3aada1e8	v12/.profiles/20260722_bytecode_union_cohort/option_result_config_verified.json
untracked	profile-archive	archive-profile	107	3203	1506871c8da5905b5517702797caadf88268fedb2e8f7223aed16899dfab6a7c	v12/.profiles/20260722_bytecode_union_cohort/policy_record_dispatch_cow_reuse_verified.json
untracked	profile-archive	archive-profile	57	1536	a64cc6b3b444ec0791f5c8d6592762355442a256b8066a1cf8546eca5ad2c184	v12/.profiles/20260722_bytecode_union_cohort/policy_record_dispatch_runtime.json
untracked	profile-archive	archive-profile	107	3204	45454d887d8c29f503de362c26e1a172739743cd46dabf93003415c2ce77ac82	v12/.profiles/20260722_bytecode_union_cohort/policy_record_dispatch_verified.json
untracked	profile-archive	archive-profile	103	2793	63ae94204f937713beadf6d4ea187b5415ff39c3c6bef734db8065a6970614f0	v12/.profiles/20260722_bytecode_union_cohort/string_split_join_cow_guard.json
untracked	profile-archive	archive-profile	103	2796	ee35b7aa504c057ea033597d6be885ec211bbc134bdae16fd5bf27b76f9f7786	v12/.profiles/20260722_bytecode_union_cohort/string_split_join_restored_guard.json
untracked	profile-archive	archive-profile	55	1446	79867ccc76b9e7a31e86c5ef6eb9c77963d0210f7adf1fa0759062bf4466a469	v12/.profiles/20260722_three_shape_refresh/array_map_i32_profile.json
untracked	profile-archive	archive-profile	103	2754	a743f79d3fcaa365845f4a538de31a5a687d4026dfdc73f11c65fc1c60298933	v12/.profiles/20260722_three_shape_refresh/array_map_i32_repeats.json
untracked	profile-archive	archive-profile	55	1478	e508343e3dd0eefbae2edc5d3f60d52f85ed2ee4da80a5440ed0ef46b3ada6be	v12/.profiles/20260722_three_shape_refresh/iterator_collect_profile.json
untracked	profile-archive	archive-profile	103	2813	622e418d6aa231c704640f8a40996055077735cfc384f7b3e8a9c61541bd4d63	v12/.profiles/20260722_three_shape_refresh/iterator_collect_repeats.json
untracked	profile-archive	archive-profile	55	1464	8a3de1f38fcbdc4704dcc9ca18dadd2e207885964b3a4b9c2b71ff1369ff9cf5	v12/.profiles/20260722_three_shape_refresh/string_split_join_profile.json
untracked	profile-archive	archive-profile	103	2797	a3fd6e6359ae0d83dfdcdfd6831271d60ceadfc66d730c6a6b26dcee5e1495fb	v12/.profiles/20260722_three_shape_refresh/string_split_join_repeats.json
tracked-modified	release-handoff	reviewed-documentation	4526	310371	bd0415ce063f63824b1aa4eed9b30d8386dff9dc1dd802652b4c7fe8594bec50	v12/LOG.md
tracked-modified	manual-documentation	reviewed-documentation	92	7332	29a204286811e793530917781b591380a978ddebcd34c9feffe28c6d0b9f27cb	v12/README.md
untracked	benchmark-contract	reviewed-source	82	4106	392fc8300b39dfcacc9895c9e4d132bdeceeed54ee043649e73bb55d8582f922	v12/bench-array-semantic-boundary.json
untracked	benchmark-contract	reviewed-source	227	10659	92e479a824f9d976c6b300ee936ac59c430b5b31d2bda3dec1b645d0e89b0b0c	v12/bench-bytecode-architecture-budget.json
untracked	benchmark-contract	reviewed-source	437	21776	cd985076948db162d0181166c8d63b01f685449882bddd5a50fc680b2e89d2f5	v12/bench-bytecode-native-hot-tier-design.json
untracked	benchmark-contract	reviewed-source	118	4820	dce366a24f60a18f9b276f2a9a0a7dfd47a1023471404a691eaf1b52f20ed6f1	v12/bench-bytecode-semantic-region-feasibility.json
untracked	benchmark-contract	reviewed-source	121	5960	fb155df522e41382bb6ee97fae17b75f2fc7d19ac31db65fb1869f875b611b27	v12/bench-compiled-allocation-shape.json
untracked	benchmark-contract	reviewed-source	166	7087	6c2bfd2744bcdd30a5b9919ccf95fc1993a6e2f5ee6621083a2530ce690d32fe	v12/bench-compiled-architecture-budget.json
untracked	benchmark-contract	reviewed-source	25	1691	8a45e3fbce59d0eeeb14c0a87c2506ee5fc7c307808cd191a9b5582a2861d07c	v12/bench-cross-engine-architecture-budget.json
untracked	benchmark-contract	reviewed-source	130	6241	d300c4a1510b5af743de97bf937ca392ddbd0585f226f5729baff15be2445b36	v12/bench-cross-engine-structural-strategy.json
untracked	benchmark-contract	reviewed-source	566	20811	f3f2bc40501ce2a7040258e1c007ee9e07f3f32397af5dac6aabfba82d50f772	v12/bench-feature-coverage.json
untracked	benchmark-contract	reviewed-source	61	1825	e1677e6b3662c907c49aabfcc7e74cac362d4ab11120dfcfe69dff1551cca22a	v12/bench-feature-interaction-priorities.json
untracked	benchmark-contract	reviewed-source	367	33540	251532c5e2b68a1121a29a9f1c2034e3bd5313d8f1517f751ea32f1319b00d28	v12/bench-operation-depth.json
untracked	benchmark-contract	reviewed-source	96	6689	2c9b1114da43d2abf2ba6bcaa9ed4cdd85cce30c849289994f24699fd835325d	v12/bench-performance-closure-extras.json
untracked	benchmark-contract	reviewed-source	1	69295	d041f6851eb00bc02ccea694369b7d664033c66f663aa98050ede7c77e63da6d	v12/bench-performance-closure-ledger.json
untracked	benchmark-contract	reviewed-source	540	37535	c25bf3eec1aca2446fbdd2e764481f2f3ea079206faff2af04e3b353b2ab8c16	v12/bench-performance-frontier-evidence.json
untracked	benchmark-contract	reviewed-source	198	8755	9e1119a1436062a697621031217b441a201d79f5d49177a3e0a4901a318bd73f	v12/bench-performance-stability.json
untracked	benchmark-contract	reviewed-source	195	10346	9d4bf955df2a93f5c5726104781416cd0da6ef6937acaf48ad8037c7c8611be2	v12/bench-portable-vm-backend-adr.json
untracked	benchmark-contract	reviewed-source	280	11216	edec4aa67583a1a8b4e7026418817e8e9fc56c88f169dff5e68e198deb7051fe	v12/bench-residual-cost-evidence.json
untracked	benchmark-contract	reviewed-source	125	3355	3a87679490bce2eec00aa9804980052a8892486ae5faece80ab5e7650b3a9a61	v12/bench-selection-manifest.json
untracked	benchmark-contract	reviewed-source	266	13595	20460cad88a070556afcff765781a9243d06237f43043eb14bc6b17fbcc9943b	v12/bench-semantic-work-amplification.json
untracked	benchmark-contract	reviewed-source	233	10367	8581d4478878739d399e6ae915861501f430c8569ad1cb932f7c42b4e8f17da2	v12/bench-shared-runtime-closed-region-cutover.json
untracked	benchmark-contract	reviewed-source	208	11048	9cf3bd15bc07f67c79c54e28205430ee316aef2a4cd9d5e1e0da3f71ad8e308b	v12/bench-shared-runtime-semantic-abi.json
untracked	benchmark-tool	reviewed-source	285	13417	935af26904ec39ea4f550a99ede3769c814383b1b7fe00b20f73ee5117dbe749	v12/bench_array_semantic_boundary
untracked	benchmark-tool	reviewed-source	65	2688	7ab95bfb97a5e3087104a8193aacce68514e1392fe83a82c61dbf2a2d5cbb91c	v12/bench_array_semantic_boundary_test.py
untracked	benchmark-tool	reviewed-source	504	21793	bab436e6a27283ce93c0448b367b077063a9de884475577c81c320e9b52b8030	v12/bench_bytecode_architecture_budget
untracked	benchmark-tool	reviewed-source	73	3151	08ed1b8f934cd378eb98c324932aecf7419c9bbfd30c88ee60419810c7354c69	v12/bench_bytecode_architecture_budget_test.py
untracked	benchmark-tool	reviewed-source	182	5605	86e7a3c51c12cd5b7f2131efadca082df76ef561303cbe5b3dabfd393158cbff	v12/bench_bytecode_audit
untracked	benchmark-tool	reviewed-source	772	37097	ddbe2c3f5a6e6234e2d9aca5e6f45810f77d05da1a11b4ba7cafc35b6ae97f41	v12/bench_bytecode_native_hot_tier_budget
untracked	benchmark-tool	reviewed-source	114	4967	85e9a00f2633799644225ad46ceda1465465b97c56301f59e7a075731859f878	v12/bench_bytecode_native_hot_tier_budget_test.py
untracked	benchmark-tool	reviewed-source	381	16762	d9110f5a9b2aaba6fea17773eb2e1dd3a4d49d5b27ff7d8b56c36e773723e412	v12/bench_bytecode_semantic_region_feasibility
untracked	benchmark-tool	reviewed-source	80	3415	360adecf462c5f0e64cc58c793e2387949dfec7bbb3c8d161aefe92d67e19522	v12/bench_bytecode_semantic_region_feasibility_test.py
untracked	benchmark-tool	reviewed-source	211	8584	669a358aa9c77dcd9373ce91d8dbb90eda11df22fe6b0a2653b9c3f690ba8e19	v12/bench_catalog_check
untracked	benchmark-tool	reviewed-source	36	1168	25a85de656519180c2400bf8f4e1e3a5556d018f006afdaf89cc0e946f72880f	v12/bench_compare_compiled_contract_test.py
tracked-modified	benchmark-tool	reviewed-source	935	36485	f1bfc6e79823b53a4726b5e17cbaf8306a49293d15af92d0cd8db242e2e49b4a	v12/bench_compare_external
untracked	benchmark-tool	reviewed-source	290	14475	f205d7739fd7d25d0ff7bc457760bf93b546b8a506a55e314573a0bdb36614a1	v12/bench_compare_preserved_compiled
untracked	benchmark-tool	reviewed-source	204	10559	e175c89326862b4034289dec5bec9357ac159af6983cef4059c94ef14e1fbb42	v12/bench_compiled_allocation_shape
untracked	benchmark-tool	reviewed-source	59	2263	55076ed06c9b1c9d63a4be9dfe9744aac6b1b40ca788b9ec2604c9e56347e555	v12/bench_compiled_allocation_shape_test.py
untracked	benchmark-tool	reviewed-source	440	21855	d45bbc9a971b304983e01a67e682d601f84d26e0753c58e720c3c7b8e2f32ba3	v12/bench_compiled_architecture_budget
untracked	benchmark-tool	reviewed-source	102	4408	0842c2a974d9b6d7ae5ca31973c3f79b4a86856cc9d25e15634b962b556ac04d	v12/bench_compiled_architecture_budget_test.py
untracked	benchmark-tool	reviewed-source	402	14071	2631c3f2d05ea820695591415bb24f0cf77fca630dde6cff098afc02e94f985f	v12/bench_compiled_boundary_audit
untracked	benchmark-tool	reviewed-source	361	15737	e955691b0794ac82091da08b7b44bdaff3cc1cd95b895d93f9c28080ff730041	v12/bench_cross_engine_architecture_budget
untracked	benchmark-tool	reviewed-source	77	3194	fe2ab70ff4d25381ac70b5559429ccf7f4125a904c3efd2560b9af0d1f0f0d98	v12/bench_cross_engine_architecture_budget_test.py
untracked	benchmark-tool	reviewed-source	574	26919	e63fb1ecf879e0bb996460914905468403322039759404e7e13c43e8fcc6f286	v12/bench_cross_engine_structural_strategy
untracked	benchmark-tool	reviewed-source	109	4823	aa07ea2442443c45b690f6dc30b2f63a9500e9d951ed19f0833cecb0b37497ae	v12/bench_cross_engine_structural_strategy_test.py
untracked	benchmark-tool	reviewed-source	79	3284	71edbbf3fb1aa8a5813e1af23ebac83d90eb9e2bec57c89def105c030efe93bc	v12/bench_execution_contract.py
untracked	benchmark-tool	reviewed-source	132	4602	4acdde0d7510986674ffc7949d6f935bd6860f232e33a69c7ef30c0db2d0397d	v12/bench_execution_contract_test.py
untracked	benchmark-tool	reviewed-source	916	30675	edaba878420c80c90b6f36140b1f522f4f6f1fe30848d4cad54609c851ba954d	v12/bench_external_catalog.sh
untracked	benchmark-tool	reviewed-source	999	42537	79a669641c2fea046abd616394253ced98dcf9c262cbc80897df04a019d19104	v12/bench_external_scoreboard
untracked	benchmark-tool	reviewed-source	386	14255	ebdafd04cc3d91916f49412cc0fde4234ad63fa1516f8fb1ba4973dbbf285e8a	v12/bench_external_threshold_controls
untracked	benchmark-tool	reviewed-source	175	7500	519d2cd16d3290d6500c49c9af279f00fec65591a06552acaf95186004d5065a	v12/bench_feature_coverage_check
untracked	benchmark-tool	reviewed-source	88	3318	65047fc5e1417813730cfcd2f533946b42ade5fef5d1a158110f2b23cf0df952	v12/bench_feature_coverage_check_test.py
untracked	benchmark-tool	reviewed-source	214	8513	ae91d6deca7f71ecbd2be8000fd6aa4b4520df91fe064c6799ffd38d273a1e3a	v12/bench_feature_interaction_matrix
untracked	benchmark-tool	reviewed-source	233	10242	69c4bc161c9560b574d29320857cae024bb2f3fc639e9e9c98ff8eb92d28fa60	v12/bench_feature_interaction_matrix_test.py
untracked	benchmark-tool	reviewed-source	353	14511	76161094688216034f2371dff5e7fd2535313941c785e7be4903d74cf02d5c0d	v12/bench_feature_interaction_triples
untracked	benchmark-tool	reviewed-source	460	20193	5528891fc31b0e6f7bb8e04efc078d2355ef3e8110d10068ae88706295db47a5	v12/bench_feature_interaction_triples_test.py
untracked	benchmark-tool	reviewed-source	97	4556	7d98f9da65fbc182bedc190cf8e044a0b6b7c265b2ffd5d2b31624ed8c3b59ab	v12/bench_fixture_catalog.sh
untracked	benchmark-tool	reviewed-source	612	19243	a40e5cd4cd028a734ff47dcfb1e478372f9d2d0e7c6528b6d3f09d598f70c11f	v12/bench_fixture_validate
untracked	benchmark-tool	reviewed-source	287	9477	ecfab5a1080044816ba90342a966b3261b57f451e18f64214257d1c2633c29c7	v12/bench_host_cpu_check
untracked	benchmark-tool	reviewed-source	259	11301	3269e8fb996055aed39593c749b1950c1b557ab303e858c3e27d54a8c20ce8c3	v12/bench_operation_depth_check
untracked	benchmark-tool	reviewed-source	118	4925	24eecf66bf409ade9d89d8981ab30dcae1d9edc14d2163270ec600153ea93cf8	v12/bench_operation_depth_check_test.py
tracked-modified	benchmark-tool	reviewed-source	924	32481	38faea118ddcca75e4b819aeabba14764e58246b18ee6e56e47331b4846fbdd9	v12/bench_perf
untracked	benchmark-tool	reviewed-source	38	1278	ca6cef664da6e7d568e1bd7fdd626a75534de6d9044b2e9879e26da11ef4817f	v12/bench_perf_compiled_phase_test.py
untracked	benchmark-tool	reviewed-source	160	5746	a2e9d3cb0ce1e9af647d507aecd88cbea0f5dee8a9188ec75117d10f4c8a1ef3	v12/bench_perf_json_report.py
untracked	benchmark-tool	reviewed-source	43	1139	bdb32e82f448129374fed0c4d3b2eedb68644b2ede9e3d84828cef0afea428bd	v12/bench_perf_timing_stream_test.py
untracked	benchmark-tool	reviewed-source	755	32262	69afd2dbe52d6fe44f75ebbeb7a38bbae21a5e62ee4bb33d493344d557b07011	v12/bench_performance_evidence_ledger
untracked	benchmark-tool	reviewed-source	196	8302	6669fba6f0c052c76ec352603e336f6beefd7a76830920c94d0e7a94835ac62b	v12/bench_performance_evidence_ledger_test.py
untracked	benchmark-tool	reviewed-source	798	33433	80c75aed9d4744c41a97ac393a192d7c002786cd53ff878e242968f52af9362e	v12/bench_performance_frontier.py
untracked	benchmark-tool	reviewed-source	202	9325	db5c3df98240ede744884eb50b6a12494eb2befa0eb8424283d9781ffbb81a4e	v12/bench_performance_frontier_test.py
untracked	benchmark-tool	reviewed-source	399	17693	fbee5efdb7b604b23f49485f80425f2573beea87bd459b4d6ddd05c5e8d1b9f6	v12/bench_portable_vm_backend_adr
untracked	benchmark-tool	reviewed-source	94	3773	7da058f3d9b724b3588e87184acc4bd7ff0f7f007ae5f7ed9fa2ec6bf20e7601	v12/bench_portable_vm_backend_adr_test.py
untracked	benchmark-tool	reviewed-source	221	9511	44eaa516d98c8e90297fb6007a5430a5c5a09212a5bdf068bd787e5f0f962de2	v12/bench_preserved_compiled_report.py
untracked	benchmark-tool	reviewed-source	99	3800	b464a00781b47063d9aa3b13944da3818bb2b9060841ee164256ab539d3523dc	v12/bench_preserved_compiled_report_test.py
untracked	benchmark-tool	reviewed-source	483	19830	d3f42252e5c17313a9e4df044eaa1baf75becf0c4c8081b5e6c381635f44fff2	v12/bench_refresh_external_scorecard
untracked	benchmark-tool	reviewed-source	103	4038	e9be42a202a7dbbbca94c5ba0ac04dd30c8a0f53f865a834e914375e88bc710e	v12/bench_refresh_external_scorecard_test.py
untracked	benchmark-tool	reviewed-source	393	13955	89998487aacd21dead8c09406695d84696f448c96f6c015aa847e9e136f31971	v12/bench_refresh_go_refs
untracked	benchmark-tool	reviewed-source	483	17221	1ebabf4327aa2f308c19627335ac203f57990fbd67164f63494bcdf69ff9e4cc	v12/bench_refresh_interpreter_refs
untracked	benchmark-tool	reviewed-source	466	20644	88b9b8b2e58c464189b6d3964b2abc0c271bc59085ee195887cefee6cca4173f	v12/bench_residual_cost_model
untracked	benchmark-tool	reviewed-source	81	3216	cd0ca8211dd1b32286fe04162fa3c261e3e11a1759ea4cdab80aed97dbf53127	v12/bench_residual_cost_model_test.py
untracked	benchmark-tool	reviewed-source	466	20931	a4fd49e23bfdd2bd4b83d3d1fac29bee103eddc50511eaf6a89b7df96ea4a1cd	v12/bench_runtime_contract_reconciliation
untracked	benchmark-tool	reviewed-source	61	2312	0da7a0fde9cd296a74b3123f1fa0a9aed685c1b81e203b5b69f9c60d7746fdcb	v12/bench_runtime_contract_reconciliation_test.py
untracked	benchmark-tool	reviewed-source	35	1181	7e30f8d079e950c42be6bf1c8b944fa4a5967354df774ab7c243c458cb6e745a	v12/bench_scoreboard_render.py
untracked	benchmark-tool	reviewed-source	100	4291	7c26f1074f1ea42e8fc41bb0985e572f07ec5f586297600b019aa7b4652c25de	v12/bench_scorecard_cohort.py
untracked	benchmark-tool	reviewed-source	77	3072	7767ce9becb182620a0edbd5b5568f7b7b76866bf761a8994e280f3bc855c5ef	v12/bench_scorecard_drift.py
untracked	benchmark-tool	reviewed-source	62	2029	ca57ff4922bbb301b08b531927c079f592f85f426792c15d15cb917cbca97051	v12/bench_scorecard_evidence_check.py
untracked	benchmark-tool	reviewed-source	124	4594	4ecdf77074c590d3542f147a176aac2f36a39b3233e9d29c165e554e04c952cf	v12/bench_scorecard_selection.py
untracked	benchmark-tool	reviewed-source	339	13187	cb003bb0dd016b4a31ad3745aa38dfa53f9fc057f2dbe81af4e58f7f34af40d0	v12/bench_scorecard_selection_test.py
untracked	benchmark-tool	reviewed-source	150	5856	a648138ee5526057aca7faec0c3f151a3401af791dd39d2d38855547e270e817	v12/bench_selection_manifest_check
untracked	benchmark-tool	reviewed-source	449	20651	935d0195136d2019793dafe50259d939e514b1f919a0d2dafd16c9ce1ef1f876	v12/bench_semantic_work_amplification
untracked	benchmark-tool	reviewed-source	85	3557	df03bf1101b85e3a4ca533ae5bcfca46f51c73c5af1240546ed69e0f992fa8fa	v12/bench_semantic_work_amplification_test.py
untracked	benchmark-tool	reviewed-source	541	23791	21c2a7e61a582c006ed5a7379add248d73eadbd6033be047f91cf5784004218a	v12/bench_shared_runtime_closed_region_cutover
untracked	benchmark-tool	reviewed-source	119	4447	e7bed050d77b06783bc3d0db198cc0fd03cfc1a2e6915b3b8f7751174ca77f43	v12/bench_shared_runtime_closed_region_cutover_test.py
untracked	benchmark-tool	reviewed-source	455	19148	0b2a1e57e1f86914ea8e66646ba72f89ccc9211ed76804b35fdd74f89bd907d5	v12/bench_shared_runtime_semantic_abi
untracked	benchmark-tool	reviewed-source	105	4271	2e06aa025889a6b79dad8c43664d7ed9cfe040ae9aee64d9355dc7d9eabf8c47	v12/bench_shared_runtime_semantic_abi_test.py
untracked	benchmark-tool	reviewed-source	189	7155	12c0f3332ce54e680febbfd1277f31e6680c646c9c999f5623d5f91e8d476f1c	v12/bench_shared_value_heap_production_pilot
untracked	benchmark-tool	reviewed-source	44	1337	bcf5bb2e371a42944bd0bc9ff4a4a6e3a64e6fa870c903fbf1b905b2eb474e7c	v12/bench_shared_value_heap_production_pilot_test.py
untracked	benchmark-tool	reviewed-source	86	2999	387dfaeb7c50d54ba5e755c190caf35662ca6573ba6004cbae523eab1de10970	v12/bench_stdlib_source_state
tracked-modified	benchmark-tool	reviewed-source	768	23849	e0ef4292cce320fe4507c19559994211b0335dcd1548e68ffd44c96ec91a218f	v12/bench_suite
untracked	benchmark-tool	reviewed-source	649	28250	71bc99907627fea5cb7fbda5361481e5db9468e11473878b798bfc67fb054767	v12/bench_variance_report
tracked-modified	design-documentation	reviewed-documentation	98	6235	8580ba9e3d880ada06e825bc3b95d5f6aee1472cda417b293dd9fa8638e4956c	v12/design/README.md
untracked	design-documentation	reviewed-documentation	75	3882	72d3a224d0f516879500b30a9ae4b0a20d8d62825bd1475036e724facfcc5bfa	v12/design/array-handle-lifetime-historical.md
untracked	design-documentation	reviewed-documentation	93	4809	9a49aa36219a0311f2b07c2160124dadb8aaff188e73f2d21d2b96afa7af3af2	v12/design/array-handle-lifetime.md
untracked	design-documentation	reviewed-documentation	78	4409	053f58232ed45774b90d5f91c568778d45caafd6ab279e6f49462a5db2b79fde	v12/design/array-slice-semantics-audit.md
untracked	design-documentation	reviewed-documentation	96	4564	9c972e895eed2899b0361b9142c91ad088dcda76efb80d02c784d0b66abee41e	v12/design/bytecode-frame-array-ownership-historical.md
untracked	design-documentation	reviewed-documentation	80	4117	a4b041886a3fb72ed02ff29558d1d952227f4b0f8257c00458f78ac85ac1bb6a	v12/design/bytecode-frame-array-ownership.md
untracked	design-documentation	reviewed-documentation	89	4648	d3fc05ed311755a7406dfef5ebdabe34309838f108e01075ceead1f85f39637c	v12/design/bytecode-i32-frame-abi-gate.md
untracked	design-documentation	reviewed-documentation	50	2454	b62058835f384ea2612c23197f500095231e6ae89cede4323f81e6669007405f	v12/design/bytecode-vm-v2-historical-architecture.md
untracked	design-documentation	reviewed-documentation	33	2492	9c7a10bc36638c8e7c8a850909848c32587c8ed0d4a458055e802060bbd239e5	v12/design/bytecode-vm-v2-historical-performance.md
tracked-modified	design-documentation	reviewed-documentation	185	10109	3ce2d276bab7af9f0e34c2be1fe09df846a3ba4173dfef6034fa0664655aee8c	v12/design/bytecode-vm-v2.md
untracked	design-documentation	reviewed-documentation	180	10882	d1bae11ad4d9caea7a5cb8618b0a02ee038d7e92d27f07f34f64e82327e61250	v12/design/canonical-runtime-value-architecture.md
tracked-modified	design-documentation	reviewed-documentation	91	7047	95927e3e9fe4e513dea13f490805e21c374e8cfe081cccee05495ae682fe32bc	v12/design/channels-mutexes.md
untracked	design-documentation	reviewed-documentation	79	3982	056d1d9344bafbdc48a197c685917d22b9c66bfbf3e3c26e8896582604f8ddfd	v12/design/compiled-split-receiver-method-abi.md
tracked-modified	design-documentation	reviewed-documentation	330	13835	eef492fca3a19cbed62d8f320bf464e34a60ef24ea9de4273b4a174e2401522b	v12/design/compiler-aot.md
tracked-modified	design-documentation	reviewed-documentation	757	35865	2b36d900a5ca85a1c844216ce8da34ebbd1310696f603b82fbb8faa65cc15ee1	v12/design/compiler-go-lowering-plan.md
tracked-modified	design-documentation	reviewed-documentation	965	30410	bc06053f6c0efe628461a0ee05d4166b3c4890fc9d006e6b08a3e4ab8e7cefbd	v12/design/compiler-go-lowering-spec.md
tracked-modified	design-documentation	reviewed-documentation	432	19297	2d009b44d38388f8008e46b49081b92e04a62168380f6b8df0acd60e872bc663	v12/design/compiler-interpreter-vision.md
tracked-modified	design-documentation	reviewed-documentation	563	32361	aae2ec033e6f4a5583d942d398f96068f2a6cd0c7475a74a1e73d0757075151d	v12/design/compiler-monomorphization.md
untracked	design-documentation	reviewed-documentation	87	4563	6a36aeb7e3da455c6c28874ddf064ead26f03671fa9ec8a6cca97b3dda5f4f1e	v12/design/compiler-native-lowering-guardrails.md
tracked-modified	design-documentation	reviewed-documentation	999	61218	8987e305328a325db8c422ebcfe78e21e180466eefa224424eb22ce88544262b	v12/design/compiler-native-lowering.md
tracked-modified	design-documentation	reviewed-documentation	153	5992	6ce98e7aedab4e79c8132c718c97c649d7adeac5e848f50be609b626211a4dcc	v12/design/compiler-no-panic-flow-control.md
untracked	design-documentation	reviewed-documentation	91	4468	96e815b440e6ffc465ce5000f92838838dbf4d8b738147ed6440c1b2c36d0d76	v12/design/compiler-noncapture-effect-audit.md
tracked-modified	design-documentation	reviewed-documentation	97	5100	a6c6b445da5b8a89bde11755f823948825bc29d86a4cde6ae953196d37c2ceb5	v12/design/compiler-union-abi.md
tracked-modified	design-documentation	reviewed-documentation	163	8850	8b0cb1ad8c9c396bd3e06a8c8760a278e3cd3ff6320f872f058e6b2d8f95ce24	v12/design/concurrency-executor-contract.md
untracked	design-documentation	reviewed-documentation	75	3658	9d41d8bca0d4997fcb2457914a0637c9421f93a67f3358c383e3c1f1280242f5	v12/design/concurrent-document-pipeline-performance-gate.md
tracked-modified	design-documentation	reviewed-documentation	132	4953	39bc87e14448d4142c20bfbefe8aed4d702590300a388bfd0876d3f56e3a9979	v12/design/future-unification.md
tracked-modified	design-documentation	reviewed-documentation	114	5219	6d52c0b6978a2d7576091381cb588b1312681daad99051667ae8440cfff6ff07	v12/design/go-concurrency-scheduler.md
tracked-modified	design-documentation	reviewed-documentation	62	3222	68a10d1f1c021ed844292e29328c125f10753f875aa1bd273c45be59cd33cbfa	v12/design/go-concurrency.md
tracked-modified	design-documentation	reviewed-documentation	88	4538	8c173d1d0cc838ac2afee321e7c265d3349237856e5743772efa2f587abe2a6b	v12/design/interface-dispatch-dictionaries.md
untracked	design-documentation	reviewed-documentation	99	4641	fdc26d51f760552dd5a7ac16689126822dac495c3e0ea5423568c681fc90e14c	v12/design/iterator-close-contract-audit.md
untracked	design-documentation	reviewed-documentation	95	4757	280f5a5d6b23ea4d5335f23da03204484c3dc86e011f14a5831948707321bf4e	v12/design/iterator-stable-call-plan-audit.md
untracked	design-documentation	reviewed-documentation	45	2050	87f4bfb3837b7ba367e8918bb73870815cf95ae2a244045e0369b15db783d1fd	v12/design/manifest-normalization-performance-gate.md
tracked-modified	design-documentation	reviewed-documentation	571	29966	6aeed7e1f82b44f87a7f07e9811cdc293f4281da6258618374250cd85b1ffba3	v12/design/monomorphized-container-abi.md
tracked-modified	design-documentation	reviewed-documentation	161	23258	f96ea97ccf9ca4c54bdf64613921e0fdf7827a6d1fa8aa5d51c4ca9d8f628c9f	v12/design/parser-ast-coverage.md
tracked-modified	design-documentation	reviewed-documentation	145	11713	8154a4dcd2f62c001c67a0c04fd055fce1673c6679d2cfd8010bf936ff67a0de	v12/design/parser-node-kind-inventory.md
tracked-modified	design-documentation	reviewed-documentation	106	5192	291b81be32449c1129783e99d630824fcb534010d7ce5f58778d27481811f8b6	v12/design/parser-roadmap.md
untracked	design-documentation	reviewed-documentation	29	1509	839edc253bc855cf5e58ca059448c609a8033cc263e78735b82644c6a5a0bfe5	v12/design/performance-competitiveness-historical.md
tracked-modified	design-documentation	reviewed-documentation	301	17963	77dce07b0a75285a745a60904f711898447f8d8d51400719bf33320e9ce388cb	v12/design/performance-competitiveness-vision.md
untracked	design-documentation	reviewed-documentation	129	7815	feafbc9c1c0a0f689965202448d148aa354e2064a9110e55cefdcc80d5b88e24	v12/design/portable-vm-backend-abi.md
untracked	design-documentation	reviewed-documentation	132	9109	f440c531029f1934fa234dc76514dc97c3a027aacc7bd59131ce814bb381845e	v12/design/primitive-value-representation-feasibility.md
untracked	design-documentation	reviewed-documentation	107	5266	af2be10eaa257b4ee68ac4b9d239ef0bf2e7ce54ee757cb27029e44b1cdcca18	v12/design/raw-value-boundary-audit.md
untracked	design-documentation	reviewed-documentation	83	5013	afb4b1736bfe4ff82c66cf8824f23504e5ccb0ad8ec5c1feae93e281d1fc2202	v12/design/reexport-named-implementation-import-audit.md
tracked-modified	design-documentation	reviewed-documentation	578	35819	fcfcf30919e8743d28484af7633b48e1b6a0c427125ed3a2fa0602e5ebe150d0	v12/design/regex-plan.md
untracked	design-documentation	reviewed-documentation	143	6270	a7ebc3ce907f80f1c0097d970ae3d80aed79dfc69b7a7678bd7e31bb9a27823c	v12/design/semantic-abi-codec-layout-spike.md
untracked	design-documentation	reviewed-documentation	156	7232	b5610bd89bf008fb9b050cc2f76bc1c29d323e99b68228388104362a924707b8	v12/design/semantic-abi-shadow-image-lowering.md
untracked	design-documentation	reviewed-documentation	120	6613	a55c6440f581ea21949ed2d18e49b31845fc99d94803bb4175adb422828c8c92	v12/design/shared-runtime-closed-region-cutover.md
untracked	design-documentation	reviewed-documentation	179	10829	47e7a90ec71a09428ef1ed369433f99a3b86db9cbe788d9d04f733deac9ac2c3	v12/design/shared-runtime-semantic-abi-feasibility.md
untracked	design-documentation	reviewed-documentation	179	10829	47e7a90ec71a09428ef1ed369433f99a3b86db9cbe788d9d04f733deac9ac2c3	v12/design/shared-runtime-semantic-abi.md
untracked	design-documentation	reviewed-documentation	130	6167	f6635da7d6d6946b8a7d8ff3a723c2775877477ef4d3dd635245b6347efdf82c	v12/design/shared-value-heap-conformance-contract.md
untracked	design-documentation	reviewed-documentation	113	5372	53f1b0ef543bed1d31bba4af111866229230d426aeb508267bc5733536ce29e9	v12/design/shared-value-heap-contract-reconciliation.md
untracked	design-documentation	reviewed-documentation	123	5588	c6cb030b75e9746de700156d3d2813290d74ffa8386ed251d31843d38eb7d281	v12/design/shared-value-heap-go-binding-conformance.md
untracked	design-documentation	reviewed-documentation	178	9583	b6db4ddeaa12192aa1bed312c524c6e717d6f6b619df390940bf1dbbc5074696	v12/design/static-compiled-metadata-retention-audit.md
untracked	design-documentation	reviewed-documentation	50	2180	474da670fa0c59c7d974ab0b9d13c0e11d6bd0e1eccf1085d4e28d184adae1e5	v12/design/stdlib-protocol-contract-audit.md
tracked-modified	design-documentation	reviewed-documentation	576	47465	2b5da42dc5cd75baec3113c6b941a20dbc153a7efe22d1be4077b5e3a89c392e	v12/design/stdlib-v12.md
tracked-modified	design-documentation	reviewed-documentation	163	11551	34717e99823a7de69062f8521d0763b7d2afb9c1eafaa4c18d6f246eb54a8d22	v12/design/string-plan.md
untracked	design-documentation	reviewed-documentation	49	2265	401605d174f89b695e2dc8a98e40ea65f73bf014b621e7177017cc085d4b0145	v12/design/struct-instance-allocation.md
tracked-modified	design-documentation	reviewed-documentation	39	1928	56aca885fbd82205e6c16492d20012be326f84dcb3b663b856d80c66b17e940d	v12/design/testing-cli-design.md
untracked	design-documentation	reviewed-documentation	45	2081	ead12d7a9fb4c08780a816a4e0eccc1d78beb90a2d846b47479de3c50267fcb1	v12/design/testing-cli-protocol-historical.md
tracked-modified	design-documentation	reviewed-documentation	97	4822	2cd4429c68f885483c73a6c704913b67f4703fa17d15dc3cedc583c63fb0a965	v12/design/testing-cli-protocol.md
untracked	design-documentation	reviewed-documentation	33	1464	b648210d4f3f4d9061eebabac0f14f90d949004141cd190a6f65a01243a6a1e1	v12/design/testing-plan-historical.md
tracked-modified	design-documentation	reviewed-documentation	88	4289	330ca8129e443ddeef94ad4d9007166c6e57572f8e9cfe4d17768df433a07ee4	v12/design/testing-plan.md
untracked	design-documentation	reviewed-documentation	156	9021	331f97bfcbebc2c19fcfea5d7f661d7d75c7ab11dbfaf48dd1526d93e5480615	v12/design/truthiness-cast-runtime-alignment.md
tracked-modified	design-documentation	reviewed-documentation	106	8757	621154b67407f7a0365d418ca589a62d0908d4435830e3d69af61cfac54387ee	v12/design/ts-generator-continuations.md
untracked	design-documentation	reviewed-documentation	48	2468	05d7392473da63a4417dc0a79e95bfd8f090262768a8d643d1b906c3ddda1c63	v12/design/typechecker-plan-historical.md
tracked-modified	design-documentation	reviewed-documentation	127	6457	1dc0d0f58da11eb644777189f00fea935c43eb270b100846734af5b8bb28ad67	v12/design/typechecker-plan.md
tracked-modified	design-documentation	reviewed-documentation	166	8179	e57f415c46671e617296843e7e3c5e0803a839b9f8c83c90923bc5df405068c1	v12/design/typechecker.md
untracked	manual-documentation	reviewed-documentation	1734	98796	406fadd85163b9244734e4d9ee78dd2a9e9ea77b32982fc4a2dda4b0b8983db3	v12/docs/bytecode-benchmark-audit.md
tracked-modified	manual-documentation	reviewed-documentation	98	4673	7507bfc28e9c6cd29d126c7cfc0f66768da36c0586524b7d1bea25a051d4603d	v12/docs/manual/concurrency.html
tracked-modified	manual-documentation	reviewed-documentation	527	21265	297613c37843f5d76f5cd910d3f58fd0f84ced4dacb971ec41eb5e94372bcfb2	v12/docs/manual/manual.md
tracked-modified	manual-documentation	reviewed-documentation	85	5744	ef33715de54a2c136c46af6b2200eb32da130249f8aa2468a161028aa437e542	v12/docs/manual/tooling.html
untracked	supporting-performance-report	archive-supporting	1018	59623	e80cfa3f470a8d42e48eabf5adda48878c51862915c8be360ecd62dae6b60dfa	v12/docs/perf-baselines/2026-07-09-scorecard-tranche.md
untracked	raw-performance-evidence	archive-raw	36	1378	53a18fd4602d1f767ba6766f503d98aaa2717c122ab430833e78be8c849763eb	v12/docs/perf-baselines/2026-07-10-array-store-synchronization-guard.json
untracked	supporting-performance-report	archive-supporting	87	5009	05ac3d05bc1f8df9f6ed4f09ad477a11431beafa80f5e87d0421ab244dad00bc	v12/docs/perf-baselines/2026-07-10-array-store-synchronization-guard.md
untracked	supporting-performance-report	archive-supporting	67	3475	54426f0ce530bd4485cdf8a803aa28f94f1793827c4d4c54944498584fda13d6	v12/docs/perf-baselines/2026-07-10-bytecode-cold-process-profiles.md
untracked	supporting-performance-report	archive-supporting	68	3779	43642f03879ecec15a89c7157bf20e77c6e960370a6403bdee3763b543a08c4d	v12/docs/perf-baselines/2026-07-10-bytecode-concurrency-pair-profiles.md
untracked	supporting-performance-report	archive-supporting	65	3583	3561eee85bcffaa47cb90ae9465e4c1f6b6fd05c546b826cb55600ecebad5568	v12/docs/perf-baselines/2026-07-10-bytecode-text-pair-profiles.md
untracked	supporting-performance-report	archive-supporting	80	4401	ac66ec71d52c82d7a2e414b565c27b86d1b2fee61abe1e2192b98a38294722c7	v12/docs/perf-baselines/2026-07-10-bytecode-vm-profile-refresh.md
untracked	supporting-performance-report	archive-supporting	89	4939	6d3ed6f18a9738435695352d17ef26158024cfcb27ec05ad74ea76736a40d9de	v12/docs/perf-baselines/2026-07-10-cache-qualified-external-scorecard.md
untracked	raw-performance-evidence	archive-raw	62	2117	b5b1c6c832135074fad7de818cacb60fb9936219920c39e9b5a84f6ea3a14466	v12/docs/perf-baselines/2026-07-10-channel-rollup-docker-publication.json
untracked	supporting-performance-report	archive-supporting	57	3215	4b3284bf0d9fa995752b68688d5d45a538d74a4ead4e52bbc7b5b30607a630a0	v12/docs/perf-baselines/2026-07-10-channel-rollup-docker-publication.md
untracked	supporting-performance-report	archive-supporting	57	3183	70600c6c325ff2580fa8f5b39fca234cbdf10e52f6ca1dccb7660d3586b4299b	v12/docs/perf-baselines/2026-07-10-compiled-current-gid-third-profile.md
untracked	supporting-performance-report	archive-supporting	122	6907	23bfd93cda67f9c5cfb7b2949627e8e42c13168da2a1a576fd241a6e3c2728ac	v12/docs/perf-baselines/2026-07-10-compiled-execution-context-prototype.md
untracked	supporting-performance-report	archive-supporting	78	3531	aaa5093775013d11a9d4643514921d732fa70c2c211d5b1c1120a789669ca856	v12/docs/perf-baselines/2026-07-10-compiled-fixed-context-expanded-fixture-gate.md
untracked	supporting-performance-report	archive-supporting	71	3814	89250bd8e99ddd552f46f4b53ddd8c55f4a613c35779ba5976c76509c6570acc	v12/docs/perf-baselines/2026-07-10-compiled-fixed-context-residual-profiles.md
untracked	supporting-performance-report	archive-supporting	77	3956	ad4b2a326c9f7d8fa7058c3333a2c47672d2998763f9ecfb1716c1eeeb2665a3	v12/docs/perf-baselines/2026-07-10-compiled-fixed-context-scorecard.md
untracked	supporting-performance-report	archive-supporting	74	3152	f097d3a0664c9a8c1c3d0c3c71b0195b1f7d07f2e26e091659b473a4f83e35a2	v12/docs/perf-baselines/2026-07-10-compiled-fixed-context-semantic-gate.md
untracked	supporting-performance-report	archive-supporting	82	4633	c39d77dab1c9cb450beb214cb27b6749f4bcec794abed3326fe015c0cdc38451	v12/docs/perf-baselines/2026-07-10-compiled-goroutine-executor-pair-profiles.md
untracked	supporting-performance-report	archive-supporting	76	4001	6f89bc05c8658533b58c76dbaeec10b6291a1614f5bf107679dc67f77d01ae19	v12/docs/perf-baselines/2026-07-10-compiled-goroutine-flush-notifier.md
untracked	supporting-performance-report	archive-supporting	60	4031	4e3f8681dde77bf2068bc6f2300f797dec62ec37d078b71babcb0141880bdc93	v12/docs/perf-baselines/2026-07-10-compiled-main-collector-free-profiles.md
untracked	supporting-performance-report	archive-supporting	196	10229	9ab5ce7c2fa2c879ffb85f0dcd9467053fd1fba6303523bd37819030a0f7aba3	v12/docs/perf-baselines/2026-07-10-compiled-phase-profiles.md
untracked	supporting-performance-report	archive-supporting	79	4059	32cfc8f986c6ea99a094cd9ef556dd25aab30bf1c8405c3865546e52b54ae212	v12/docs/perf-baselines/2026-07-10-compiled-phase-rebaseline.md
untracked	supporting-performance-report	archive-supporting	81	4455	e4b9014d5ffcbae28becab28a747702457cc8020954040b078f57108be18aeef	v12/docs/perf-baselines/2026-07-10-compiled-pipeline-pair.md
untracked	supporting-performance-report	archive-supporting	62	3062	bf975550e4b4d433866b346ca259ba5752930213d1f1c92dc4fe7bb33b588d14	v12/docs/perf-baselines/2026-07-10-compiled-primitive-conversion-audit.md
untracked	supporting-performance-report	archive-supporting	15	874	a72cde5fe252753bc6568eef9ae6e3e47f5ad7868bc94b9c28bd286aa72c03af	v12/docs/perf-baselines/2026-07-10-document-audit-array-compare.md
untracked	supporting-performance-report	archive-supporting	19	1072	c0730fa4d8bc6da8acdcffa984776835179cc4d83437a7f38bcb415d2c7df88c	v12/docs/perf-baselines/2026-07-10-document-audit-compare.md
untracked	supporting-performance-report	archive-supporting	77	3928	4c08cd9e452725937b59d50b2d70b13a68271319b28b3a1976b950af09cd293f	v12/docs/perf-baselines/2026-07-10-extern-host-cache-prewarm.md
untracked	raw-performance-evidence	archive-raw	48	2353	e93c2ea99a7b2d37c661dec7470b74160f34b343bc555fd42782e941b7a785f5	v12/docs/perf-baselines/2026-07-10-external-scorecard-multisource.json
untracked	supporting-performance-report	archive-supporting	63	4594	f3944b21a6e00fc78deb41492cf8cc97e7d5ecdb063bbf111f30690795b7e643	v12/docs/perf-baselines/2026-07-10-external-scorecard-multisource.md
untracked	supporting-performance-report	archive-supporting	59	3530	c513007fdfd328773d387a0f420b923535c6056ebafdb3b5b60b627843be0c86	v12/docs/perf-baselines/2026-07-10-external-scorecard-recheck-selection.md
untracked	raw-performance-evidence	archive-raw	880	22647	e633948c558076a3c140701aeeaff0a0a8b5b963b960d2c3563466e4ff8ec01c	v12/docs/perf-baselines/2026-07-10-external-scorecard-recheck.json
untracked	supporting-performance-report	archive-supporting	42	3529	d9e1947ed5b808f01f498c9b0748c1599af23f58483d949992985643d8df3707	v12/docs/perf-baselines/2026-07-10-external-scorecard-recheck.md
untracked	raw-performance-evidence	archive-raw	880	22618	aaf5c78d8ba79df8a0e91c01906977e9279fa6e3a0b0a54d25df9d5499b602e1	v12/docs/perf-baselines/2026-07-10-external-scorecard-refresh.json
untracked	supporting-performance-report	archive-supporting	42	3529	2c0206c0c8e78bb91c07cc772ef4c06ea8eb89a73c63c51ff1a80d7da53d3f06	v12/docs/perf-baselines/2026-07-10-external-scorecard-refresh.md
untracked	supporting-performance-report	archive-supporting	82	6017	b39b4afba5d5759fe6f47b4402873273cb3b1391d6458a6ba211824f0f30f1c4	v12/docs/perf-baselines/2026-07-10-external-scorecard-selection.md
untracked	supporting-performance-report	archive-supporting	84	5269	5752c2668047e3b67655cabf78ff65c3449fd4babf80340771f9a410f17eca0c	v12/docs/perf-baselines/2026-07-10-feature-benchmark-coverage.md
untracked	supporting-performance-report	archive-supporting	57	2892	0ef26fa0756586f565b91af2861e395bca7a1aa93a76d761db51cb272c8bb6fc	v12/docs/perf-baselines/2026-07-10-lexical-rollup-compare.md
untracked	supporting-performance-report	archive-supporting	72	4599	8edc8c33bed23343862be04dc61cb9bdaa159271ce5d29a0002c6ee1374888af	v12/docs/perf-baselines/2026-07-10-prewarmed-bytecode-residual-profiles.md
untracked	raw-performance-evidence	archive-raw	18	1391	cfc1e2a71f74e861fbfb881f6eb9eb794b437741b207e347798e91336e9947bf	v12/docs/perf-baselines/2026-07-10-target-miss-ledger-refresh.json
untracked	supporting-performance-report	archive-supporting	56	2882	21c05fbc6ae6b56bcc81ede9b4b7e06d839186cb7ffbeea6c19c811830340359	v12/docs/perf-baselines/2026-07-10-target-miss-ledger-refresh.md
untracked	supporting-performance-report	archive-supporting	81	3904	8c8731723ff0c91dacb2fd3a7ec9a7878a176da1daef78c88f0f6d4bec1f9bc2	v12/docs/perf-baselines/2026-07-11-array-store-reclamation.md
untracked	supporting-performance-report	archive-supporting	73	3769	eba604a04ad15b74ec55f834ce77cefecfe2045b624a3355d41098084280ab92	v12/docs/perf-baselines/2026-07-11-bytecode-array-cleanup-root-attribution.md
untracked	supporting-performance-report	archive-supporting	66	3523	e7d07228ee8993ae9003ed124e06e720ec2599e0a7c80db4c28bec947b0b984e	v12/docs/perf-baselines/2026-07-11-bytecode-array-escape-attribution.md
untracked	supporting-performance-report	archive-supporting	104	5677	71fc80c1774a0bd93bfeb23c0b0a6d0866d7bb7a97cee8e0461042109802193c	v12/docs/perf-baselines/2026-07-11-bytecode-array-ownership-observer-profile.md
untracked	supporting-performance-report	archive-supporting	75	3825	dafbfcc5ed3ed766a7dd815cda03b9a732b0ef8b3a473d15a03dcc1f2a4b91cc	v12/docs/perf-baselines/2026-07-11-bytecode-complete-reference-scorecard.md
untracked	supporting-performance-report	archive-supporting	73	3982	28f3dfc446281349fa1d993da5b178c4f596fe5268750cde7ca4690ef8d1c4d8	v12/docs/perf-baselines/2026-07-11-bytecode-concurrency-await-attribution.md
untracked	supporting-performance-report	archive-supporting	74	3955	c4d0b8cdbc5f2ea7768940691786db236963962f5cc8fbb4f978805f668e2a0d	v12/docs/perf-baselines/2026-07-11-bytecode-cross-workload-profile-refresh.md
untracked	supporting-performance-report	archive-supporting	76	3830	fea2e726c75f64fa944489869fa79cc281ec02d08c84a108d0b2599d430ffdbe	v12/docs/perf-baselines/2026-07-11-bytecode-file-byte-reference-gate.md
untracked	supporting-performance-report	archive-supporting	88	5064	20777edb2f62c1d0a6d068e5f9bacf03b3605a7eaa79e41d0edb9da8ddc1dccd	v12/docs/perf-baselines/2026-07-11-bytecode-fresh-interpreter-refresh.md
untracked	supporting-performance-report	archive-supporting	78	3536	b050df1d3452d556d32ee28c519e31ad4553e1ffbff8aaca6bc1ff0d65b64b53	v12/docs/perf-baselines/2026-07-11-bytecode-k-nucleotide-reference-gate.md
untracked	supporting-performance-report	archive-supporting	71	4160	84ef80f728c3614813f9d669752155019933742c4a07ddfd0ebc58d8209835af	v12/docs/perf-baselines/2026-07-11-bytecode-live-array-ownership-attribution.md
untracked	supporting-performance-report	archive-supporting	71	4111	2dbc479dd84cac9de59162da807859cf26a8111ff5fcc94ce4e3ac97754a500c	v12/docs/perf-baselines/2026-07-11-bytecode-numeric-reference-gate.md
untracked	supporting-performance-report	archive-supporting	297	15817	42fb5e5d659d09cd11632182db29dae47b9b7b276c4bbc45cb8b012a38fa08ca	v12/docs/perf-baselines/2026-07-11-bytecode-stack-diagnostics-loop-discard.md
untracked	supporting-performance-report	archive-supporting	67	3861	1bca8b2509524cd899e9943998e2761ec2a0352ab387661b98a2afa467aa8fbd	v12/docs/perf-baselines/2026-07-11-bytecode-timeout-profile-sweep.md
untracked	supporting-performance-report	archive-supporting	79	4020	421507a3db652ab085c5ac568cb94a9872959f04c30b0a0dc56a56b3fbec7b99	v12/docs/perf-baselines/2026-07-11-bytecode-verified-external-refresh.md
untracked	supporting-performance-report	archive-supporting	91	4647	aac8cd382e423c15750197c51ee0f79913527261549b54d2e4922e4aa9690ed7	v12/docs/perf-baselines/2026-07-11-compiled-bootstrap-cache-gate.md
untracked	raw-performance-evidence	archive-raw	529	12961	4922e552240d39e1edfbdb17e58e41a44f935f00c3f7b478e10aaea8aa8a37e4	v12/docs/perf-baselines/2026-07-11-compiled-execution-context-fixture-generality-candidate.json
untracked	supporting-performance-report	archive-supporting	31	1772	c2d09a840986152f1855cb53bff4b726d213a013b8bd4a607079e3a7c8d8b1be	v12/docs/perf-baselines/2026-07-11-compiled-execution-context-fixture-generality-candidate.md
untracked	raw-performance-evidence	archive-raw	529	12965	3fe69291411da5881a6b7122ce5c1433d56ec8023f3b9a6a03e99ca665eea6ca	v12/docs/perf-baselines/2026-07-11-compiled-execution-context-fixture-generality-default.json
untracked	supporting-performance-report	archive-supporting	31	1774	f679c2c33d1c893734896a85e0ee0b84a1848398a95a9e088b06105ef761d6a8	v12/docs/perf-baselines/2026-07-11-compiled-execution-context-fixture-generality-default.md
untracked	supporting-performance-report	archive-supporting	74	4170	2781b71cdc132055856f4200a5cece598bc4ad4f31cca1d53e8f28b384929fb1	v12/docs/perf-baselines/2026-07-11-compiled-fib-monte-cross-pair-attribution.md
untracked	supporting-performance-report	archive-supporting	65	3700	ad6aa4b3706ba145d73bb1212f9cd2b25940e5dd22b7dbca71bc3a6d4a4be377	v12/docs/perf-baselines/2026-07-11-compiled-fixed-context-direct-helper-gate.md
untracked	supporting-performance-report	archive-supporting	82	3746	8829841891776e012710ee5eaff8dd6bcd07a85a69aec9791046da9005ebef23	v12/docs/perf-baselines/2026-07-11-compiled-fixed-context-full-package-gate.md
untracked	supporting-performance-report	archive-supporting	56	3113	fc87940bfa5406d2ddcc93e71fb89e3fdce95158d3fd8ece0abe976ba4c07b52	v12/docs/perf-baselines/2026-07-11-compiled-numeric-kernel-profiles.md
untracked	raw-performance-evidence	archive-raw	23	1586	bd0964eb7544bde405ec0eb5833ca4cb2e0bf9d48a931105a58128aae7ad591c	v12/docs/perf-baselines/2026-07-11-compiled-pinned-go-refresh.json
untracked	supporting-performance-report	archive-supporting	70	3589	a62a169784592ec046ed4456aba42b74ba8d4ad5c1b22376d8dac0909ca63396	v12/docs/perf-baselines/2026-07-11-compiled-pinned-go-refresh.md
untracked	supporting-performance-report	archive-supporting	83	4944	421440d02dc2c4942bfd75fd639859cd0e665c48fc641fab2922587d0ae47d6c	v12/docs/perf-baselines/2026-07-11-compiled-post-registration-refresh.md
untracked	supporting-performance-report	archive-supporting	94	4245	ca43e06330a19ee896d18972c26963e2d8d1f95a2bbd2e64e3f68d86afdd2f45	v12/docs/perf-baselines/2026-07-11-compiled-registration-allocation-audit.md
untracked	supporting-performance-report	archive-supporting	58	2704	56976123b8a702d4432804025c2d6d6feb58bff5533547e61f87bfed5fc1218d	v12/docs/perf-baselines/2026-07-11-compiled-short-process-refresh.md
untracked	supporting-performance-report	archive-supporting	65	3187	1efa5bb71f558c3b4269c5e213088a5fbb53249e31a066c75d11b114598698ff	v12/docs/perf-baselines/2026-07-11-compiled-static-extern-launcher.md
untracked	supporting-performance-report	archive-supporting	60	3709	762210ce29a0c1a68c0aa13260f98c7775ba94346e69f61a9ce11ef37f4c74c1	v12/docs/perf-baselines/2026-07-11-compiled-string-byte-overlap-profiles.md
untracked	supporting-performance-report	archive-supporting	83	4545	c467746c09b6c9a768f6495e014fcadc3f689bbb12580791c2f8ca807726309e	v12/docs/perf-baselines/2026-07-11-compiled-structural-control-profiles.md
untracked	supporting-performance-report	archive-supporting	84	4548	2c02ea7ce19b79e161fb096a1106aaf2df92ee209aa6292d336062b6bb989bc3	v12/docs/perf-baselines/2026-07-11-compiled-verified-external-refresh.md
untracked	supporting-performance-report	archive-supporting	107	5242	b60f9c75e0db084803b0d92b76238fc90170dbf52cebe1e038780b2ddff64240	v12/docs/perf-baselines/2026-07-11-corrected-sudoku-reduced-profiles.md
untracked	supporting-performance-report	archive-supporting	77	3505	78baee4a8ed731251e8efe3af9e19b67faa7c2928cb29e6baddb82082df4a3b6	v12/docs/perf-baselines/2026-07-11-execution-context-scorecard.md
untracked	supporting-performance-report	archive-supporting	127	5307	8767621ce1dc9d7bc91edc617f976a90bd9543990d92fdc3e6a359fc10e43c74	v12/docs/perf-baselines/2026-07-11-external-bytecode-miss-profiles.md
untracked	supporting-performance-report	archive-supporting	70	3598	1ce17f5fa3668ca2ab5f8edb2f4914d27eeb22cd22ca9cd32cb17080aa6d062e	v12/docs/perf-baselines/2026-07-11-external-bytecode-pair-refresh.md
untracked	supporting-performance-report	archive-supporting	107	5257	dc7fb4ae5fb176dffa793be37b81b45f22d6c6881a634b5687b308408d512a42	v12/docs/perf-baselines/2026-07-11-external-correctness-diagnostics-binarytrees-sudoku.md
untracked	supporting-performance-report	archive-supporting	98	4538	91a63ad54aa85591c6fe1eefe714923e037318c2ee6a2fda57f82999c06b38b5	v12/docs/perf-baselines/2026-07-11-external-correctness-repairs.md
untracked	raw-performance-evidence	archive-raw	881	22679	92f33b4de7219cef6ad78b2f01b98910ac09a4ac194a39b73a8c2e2cad1797fb	v12/docs/perf-baselines/2026-07-11-external-generality-default.json
untracked	supporting-performance-report	archive-supporting	42	3536	fb7a4ce37fe9a702690a4c4c56ad4777b8cf72486166cfca2af99e0996564afb	v12/docs/perf-baselines/2026-07-11-external-generality-default.md
untracked	raw-performance-evidence	archive-raw	457	11747	eda4d89cfe383f120b36aba5b2728cb7954b2f07b4d330fa6f8acd9aaf8304af	v12/docs/perf-baselines/2026-07-11-external-generality-execution-context-candidate.json
untracked	supporting-performance-report	archive-supporting	28	2155	db9a0f350b5d4b4487ca87b5d9f52292260376a4c4826cbf3e593ab99d74acb2	v12/docs/perf-baselines/2026-07-11-external-generality-execution-context-candidate.md
untracked	supporting-performance-report	archive-supporting	54	3017	98c996fb9921b0754cdf69ff4c6d5df8d4e4fa07d92209bc5da69d99bc271302	v12/docs/perf-baselines/2026-07-11-external-generality-validation-refresh-selection.md
untracked	raw-performance-evidence	archive-raw	1139	31583	2d25dfb57732a87b2a4f33e0da1475727f320c6aa9cbf4f070573ae453352cbd	v12/docs/perf-baselines/2026-07-11-external-generality-validation-refresh.json
untracked	supporting-performance-report	archive-supporting	42	5632	f822f5276069a9f7f88aa2a53991b247cfb741c279394a4dafa5adc9b546558a	v12/docs/perf-baselines/2026-07-11-external-generality-validation-refresh.md
untracked	supporting-performance-report	archive-supporting	58	2973	dcdbcb26811ca015c0035059ebced407e64da7b94a62c5f8ca9971e4b904e4e2	v12/docs/perf-baselines/2026-07-11-external-numeric-kernel-scorecard.md
untracked	supporting-performance-report	archive-supporting	75	3364	a3df017cedc8b1998e9e6b3f5d7af9c8a99f956e8aff489edd1fcde7b5f246c3	v12/docs/perf-baselines/2026-07-11-external-scorecard-validation.md
untracked	supporting-performance-report	archive-supporting	52	2591	a7d8fb87ef02f425988296689514d56c00d9e3212b14c360199fe793dd68fc5f	v12/docs/perf-baselines/2026-07-11-external-structural-control-scorecard.md
untracked	supporting-performance-report	archive-supporting	53	2629	4db8a5b3ac1ce0b783d582fce02d34b4b9e714b94651b99d390be695d03884d1	v12/docs/perf-baselines/2026-07-11-external-text-core-scorecard.md
untracked	supporting-performance-report	archive-supporting	66	3716	353a4e7bacbbfd4ff2e41d7d77ddccbbf1de3fb70321f90beab245b4339241cf	v12/docs/perf-baselines/2026-07-11-feature-benchmark-coverage-refresh.md
untracked	supporting-performance-report	archive-supporting	65	2944	4ae64fa36d90190eeb360a875fc21ce06f2b0ce5791abf9841a2375a9d64c4c6	v12/docs/perf-baselines/2026-07-11-json-external-verifier-refresh.md
untracked	supporting-performance-report	archive-supporting	59	3105	f51547914b85fab1a652199343a697f552a7b0eb8e08edb122ae960b53b44e30	v12/docs/perf-baselines/2026-07-11-map-lookup-attribution.md
untracked	supporting-performance-report	archive-supporting	66	3430	2a90e3bb77fed75051bfc5fd0a36828b1cd0c422654c8d5f50e609f9241ba027	v12/docs/perf-baselines/2026-07-11-raw-integer-extraction-diagnostics.md
untracked	supporting-performance-report	archive-supporting	73	3865	13205243a870a17bc44ac8a0901efca609260d43de1a71e1a69e28083cbc7f36	v12/docs/perf-baselines/2026-07-11-sudoku-size-ladder-attribution.md
untracked	supporting-performance-report	archive-supporting	39	2341	c9085f36efaf2fc42052298d2bf29f56575f28550a64eb45efa32b6ead7bfa0e	v12/docs/perf-baselines/2026-07-11-type-match-coercion-attribution.md
untracked	supporting-performance-report	archive-supporting	77	3603	75adfe519cbccea7168dbd34fa7f87b95c93b63d9862e10a404e9a1378a3636a	v12/docs/perf-baselines/2026-07-11-validated-external-generality-rebaseline.md
untracked	supporting-performance-report	archive-supporting	106	6281	0bfbd83efba721e3d119f673e1d8883a52f6ed631190b4f2e6329ed3360277e8	v12/docs/perf-baselines/2026-07-12-application-coverage-ledger.md
untracked	supporting-performance-report	archive-supporting	71	3692	d3c2cb2d5f77b998e9971008846b9a053bafbc5155d3ec6133c2cfdd57ddcae5	v12/docs/perf-baselines/2026-07-12-bytecode-array-retention-revalidation.md
untracked	raw-performance-evidence	archive-raw	146	3180	4b22c4d7f42bd9336403f5ebe0c28e0dd9790274a4dd1f1d8e7419dfa34576d6	v12/docs/perf-baselines/2026-07-12-bytecode-array-retention-revalidation/base64.json
untracked	raw-performance-evidence	archive-raw	149	3220	46c9d17d5db499b59799fcd5c8ac9f433e5aaf4e366851aed4b35ffc1a3bf602	v12/docs/perf-baselines/2026-07-12-bytecode-array-retention-revalidation/i_before_e.json
untracked	raw-performance-evidence	archive-raw	146	3231	3104c9724d3ee833c8c97f8795eedaada44a829417fdd061ec29b22a9f132f57	v12/docs/perf-baselines/2026-07-12-bytecode-array-retention-revalidation/reverse_complement.json
untracked	governing-decision-record	reviewed-governing	75	4092	fcdfca065cfdd4312927101e524ebdc381b4eff430e046b07c7e1f07780b79d0	v12/docs/perf-baselines/2026-07-12-bytecode-dynamic-box-reuse.md
untracked	raw-performance-evidence	archive-raw	160	3394	4f8aa961ca7db7ef798f57c7f48e1a5eb7d9d532f8a5b3000ef1bd7668ee6cc0	v12/docs/perf-baselines/2026-07-12-bytecode-dynamic-box-reuse/base64.json
untracked	raw-performance-evidence	archive-raw	163	3434	eb3cbf63921feddf78a353b0a7ab92f6f304b3d04fbdbeffb813e6334d960e5b	v12/docs/perf-baselines/2026-07-12-bytecode-dynamic-box-reuse/i_before_e.json
untracked	raw-performance-evidence	archive-raw	176	3730	004c0e1f3835410cf3cfe67085e8fa5680a2de90adab8993a70195bad0d3ad73	v12/docs/perf-baselines/2026-07-12-bytecode-dynamic-box-reuse/k_nucleotide.json
untracked	raw-performance-evidence	archive-raw	169	3645	bdee88d023ae95da56c7ecf6281311bc7b38ab8c8482a3393396479b17c78f8c	v12/docs/perf-baselines/2026-07-12-bytecode-dynamic-box-reuse/reverse_complement.json
untracked	supporting-performance-report	archive-supporting	81	4767	9b770c7c8902e615dcf6528535cecf3b00c297bfcfc27d740ebcdce520c565ff	v12/docs/perf-baselines/2026-07-12-bytecode-generalities-versioned.md
untracked	supporting-performance-report	archive-supporting	86	5932	07441b4998b3ac614b8674cfe274935b89e2808fbfefd798a46a8ea90b574949	v12/docs/perf-baselines/2026-07-12-bytecode-miss-profile-refresh.md
untracked	raw-performance-evidence	archive-raw	28	2681	02c6eaab2bcbb9e3a64534525868c315e5bd0d0c52a5b853ef613898ca22ad2d	v12/docs/perf-baselines/2026-07-12-bytecode-miss-profile-refresh/base64.alloc-top.txt
untracked	raw-performance-evidence	archive-raw	29	2632	508f660bb69e14442bf6c6b041cada317e03dbbe9419569602b94b19af1978c2	v12/docs/perf-baselines/2026-07-12-bytecode-miss-profile-refresh/base64.cpu-top.txt
untracked	raw-performance-evidence	archive-raw	28	2651	b2d7ca373c43f27d07bc0533b7abb64535c32a227ec588c66f6e7fab0cde49e7	v12/docs/perf-baselines/2026-07-12-bytecode-miss-profile-refresh/base64.heap-top.txt
untracked	raw-performance-evidence	archive-raw	28	2417	94752f340dbce31fafd522b9d56fff9fb12f15496cfcc5995411140d235b8aa0	v12/docs/perf-baselines/2026-07-12-bytecode-miss-profile-refresh/i_before_e.alloc-top.txt
untracked	raw-performance-evidence	archive-raw	29	2546	177dfd4ef1b506a96a688c12f658bdfe2021ba777d05eecc14c413a45883a742	v12/docs/perf-baselines/2026-07-12-bytecode-miss-profile-refresh/i_before_e.cpu-top.txt
untracked	raw-performance-evidence	archive-raw	27	2551	ea5e091872d6030927132f78bd5661b6b6188836035fac92b49fd3c6b4545ffa	v12/docs/perf-baselines/2026-07-12-bytecode-miss-profile-refresh/i_before_e.heap-top.txt
untracked	raw-performance-evidence	archive-raw	28	2361	110b3c5ee141a3244b72eeb46dee8c2af8124c6231415689c90a309044d038ad	v12/docs/perf-baselines/2026-07-12-bytecode-miss-profile-refresh/k_nucleotide.alloc-top.txt
untracked	raw-performance-evidence	archive-raw	29	2296	124838bfa723be4afeab00d16451d33b89d7b775844e4b29718da4e68767bedf	v12/docs/perf-baselines/2026-07-12-bytecode-miss-profile-refresh/k_nucleotide.cpu-top.txt
untracked	raw-performance-evidence	archive-raw	28	2323	b6a8638ed1bef7ec1ec3fade8922208a184ab9675642aa5b6476560378cb0fb0	v12/docs/perf-baselines/2026-07-12-bytecode-miss-profile-refresh/k_nucleotide.heap-top.txt
untracked	raw-performance-evidence	archive-raw	28	2617	1c7809cdbd16bef31cdd54621c7f5af500a3de5e36d341869a2eae1d86838155	v12/docs/perf-baselines/2026-07-12-bytecode-miss-profile-refresh/mandelbrot.alloc-top.txt
untracked	raw-performance-evidence	archive-raw	29	2491	b6537dc31082aacc349508de5434a0482a10a03e92b287d7dc773aaf744e9dee	v12/docs/perf-baselines/2026-07-12-bytecode-miss-profile-refresh/mandelbrot.cpu-top.txt
untracked	raw-performance-evidence	archive-raw	27	2473	f84a8546c2f3cbe08f85032640bd45ba6e8f769cab0580cb172b94bcceb91aa6	v12/docs/perf-baselines/2026-07-12-bytecode-miss-profile-refresh/mandelbrot.heap-top.txt
untracked	raw-performance-evidence	archive-raw	28	2485	d349ed8f96365efdd31b3e9bb22bf0c84d7f45dea84bb9d940072da00f0668ab	v12/docs/perf-baselines/2026-07-12-bytecode-miss-profile-refresh/pidigits.alloc-top.txt
untracked	raw-performance-evidence	archive-raw	29	2551	4eedb4c73df906d4aec6fbed7db1d8535fa00169855255c72dfd193183994670	v12/docs/perf-baselines/2026-07-12-bytecode-miss-profile-refresh/pidigits.cpu-top.txt
untracked	raw-performance-evidence	archive-raw	25	2080	86f499c7f2d41fa3a8261a54aaaa80271b2e519d03bbf3442da5e5103385e99b	v12/docs/perf-baselines/2026-07-12-bytecode-miss-profile-refresh/pidigits.heap-top.txt
untracked	raw-performance-evidence	archive-raw	28	2629	bdc22253eec5e50a40d54ad653c239ccd7edd633b6b967e823e7a37c9dbb8bee	v12/docs/perf-baselines/2026-07-12-bytecode-miss-profile-refresh/reverse_complement.alloc-top.txt
untracked	raw-performance-evidence	archive-raw	29	2462	36d27f412e05b2de77c2109deae873fcfd945ae3deed2bd29eda9c3579ee2d16	v12/docs/perf-baselines/2026-07-12-bytecode-miss-profile-refresh/reverse_complement.cpu-top.txt
untracked	raw-performance-evidence	archive-raw	27	2508	bdca56ca5dda33665a53ccf7a453e62fdf9cc38be1752576fff288be270832a3	v12/docs/perf-baselines/2026-07-12-bytecode-miss-profile-refresh/reverse_complement.heap-top.txt
untracked	raw-performance-evidence	archive-raw	7	421	6c98fadc8dffef15f541b7992f7ac62c9c67ccc89a7ae3520e4773aaf0ea61d6	v12/docs/perf-baselines/2026-07-12-bytecode-miss-profile-refresh/rows.tsv
untracked	governing-decision-record	reviewed-governing	75	4598	f3c3de4eb1111a7c61b36b6999fd3013ef6997d4486f42e0312fae54c2b1d696	v12/docs/perf-baselines/2026-07-12-bytecode-opcode-census.md
untracked	raw-performance-evidence	archive-raw	1064	22540	02ffa778dce2009120daea12336df69b44069b4a0c1e7d3eddb5aa63ef23f1bf	v12/docs/perf-baselines/2026-07-12-bytecode-opcode-census/base64.json
untracked	raw-performance-evidence	archive-raw	1120	23583	0c88f631764a310b9351f7a090fca4cbf180e868bcb51485a47fe4a29d97118d	v12/docs/perf-baselines/2026-07-12-bytecode-opcode-census/i_before_e.json
untracked	raw-performance-evidence	archive-raw	2275	53464	082caaba6aca0213727437541eb3a2c9be55f764065da4f713a9f490a6f2d16d	v12/docs/perf-baselines/2026-07-12-bytecode-opcode-census/pidigits.json
untracked	raw-performance-evidence	archive-raw	2625	64726	e30dfddef4e5b60e62bffa7e88f62cff8b5a118f9125565332d5cb770102ba2e	v12/docs/perf-baselines/2026-07-12-bytecode-opcode-census/reverse_complement.json
untracked	supporting-performance-report	archive-supporting	111	5646	a78dfa917c3cff2aa406f848219dff2e267596cd2d982c6c4ac8adec5ed361a5	v12/docs/perf-baselines/2026-07-12-bytecode-postscope-heap.md
untracked	raw-performance-evidence	archive-raw	37	3504	b59368415cfd9165257b62e986c0528d865b0ffaec4c6cf59f719849b850b53d	v12/docs/perf-baselines/2026-07-12-bytecode-postscope-heap/base64.heap-top.txt
untracked	raw-performance-evidence	archive-raw	160	3394	cb13b14ff286c1081c79b8e1a42d5b1c5d4ed5deb132452e640b1efad9e0ec4c	v12/docs/perf-baselines/2026-07-12-bytecode-postscope-heap/base64.json
untracked	raw-performance-evidence	archive-raw	37	3567	33e2fba5ca2324666eb63b20d96f429c6bc102d4637c5d35747660004fe77a9d	v12/docs/perf-baselines/2026-07-12-bytecode-postscope-heap/i_before_e.heap-top.txt
untracked	raw-performance-evidence	archive-raw	163	3435	3ca9864376071994e53fe374a85fc5e84280a94fff5e7821f38bad843e35f0bc	v12/docs/perf-baselines/2026-07-12-bytecode-postscope-heap/i_before_e.json
untracked	raw-performance-evidence	archive-raw	38	3430	f4c96e0aa441925959ace40ecc5ac3c3ea1a7aeee1558cbf2739e7dd51c6cbf9	v12/docs/perf-baselines/2026-07-12-bytecode-postscope-heap/k_nucleotide.heap-top.txt
untracked	raw-performance-evidence	archive-raw	160	3412	044730efd9ca437ea2ab3b6008b9b9accb793c7cb5e4832c07f358de216a3d24	v12/docs/perf-baselines/2026-07-12-bytecode-postscope-heap/k_nucleotide.json
untracked	raw-performance-evidence	archive-raw	37	3546	36cf1bb376626bb06fa55a7cf725563bfa10a5de2a8a66e357ceff3cdd97dc34	v12/docs/perf-baselines/2026-07-12-bytecode-postscope-heap/reverse_complement.heap-top.txt
untracked	raw-performance-evidence	archive-raw	160	3450	95e9caac61f265a60381f93acf44ca6c670e4352472d1ff7a9ea4e912e140aeb	v12/docs/perf-baselines/2026-07-12-bytecode-postscope-heap/reverse_complement.json
untracked	governing-decision-record	reviewed-governing	61	3222	a928e5dfde9cbd54cf35c659803c057a2e4b9cc93371d541c2436b53cd5fcfee	v12/docs/perf-baselines/2026-07-12-compiled-char-codepoint-generality-gate.md
untracked	governing-decision-record	reviewed-governing	58	3197	6bdc26b3ef056d31e71f1ef6a54077a304970296627f0bc6d88a6d3c961e5b0e	v12/docs/perf-baselines/2026-07-12-compiled-char-scalar-generality-gate.md
untracked	supporting-performance-report	archive-supporting	58	3082	467b9c474507fc34ca75de7fdae0f85467ffc701649582dc9e46956ff46895b9	v12/docs/perf-baselines/2026-07-12-compiled-cross-feature-rank.md
untracked	supporting-performance-report	archive-supporting	82	4357	bc6f3bf3da90bb469c82ae3757ced764f2d987d06309483a8998800ff5e0bd62	v12/docs/perf-baselines/2026-07-12-compiled-dynamic-boundary-reachability-decision.md
untracked	raw-performance-evidence	archive-raw	282	6697	e9d4848ffa929544f90f26845b0c7237c8fb902b44c7a2ba152a9bc28a20167a	v12/docs/perf-baselines/2026-07-12-compiled-dynamic-boundary-reachability.json
untracked	supporting-performance-report	archive-supporting	30	1616	4083fd5ff515ffa6e90a9a85e23b3bd3099e1af9832650f1d8ad9e29c7efd985	v12/docs/perf-baselines/2026-07-12-compiled-dynamic-boundary-reachability.md
untracked	supporting-performance-report	archive-supporting	103	6945	6ba6faf504792f1a18df78d07e8bae819a84b3bfb44553f41e8c5f1c46c83439	v12/docs/perf-baselines/2026-07-12-compiled-dynamic-carrier-boundary-audit.md
untracked	supporting-performance-report	archive-supporting	39	1902	abbebf537d7a3a2ad017e3841920191e2b3a2dd5b3b2b6ac8d1ede8d4b1e705f	v12/docs/perf-baselines/2026-07-12-compiled-fresh-go-gap-screen.md
untracked	supporting-performance-report	archive-supporting	71	3851	0e7ad9da1e8db4ba59f92a40ced412599e47084d48d39b08d88c25015ba28052	v12/docs/perf-baselines/2026-07-12-compiled-generalities-versioned.md
untracked	supporting-performance-report	archive-supporting	80	4835	b5b58360dfa46ec64cf1523a96cab929d8c15b08cac2a0d4d97637f428b856a6	v12/docs/perf-baselines/2026-07-12-compiled-generality-ledger.md
untracked	supporting-performance-report	archive-supporting	45	2115	db37cf0adade177bc9c316c2baa1f9050c6e81caa8e557594d1deff7197f7fc0	v12/docs/perf-baselines/2026-07-12-compiled-post-static-extern-scorecard.md
untracked	supporting-performance-report	archive-supporting	53	2429	e38fb5b8076d2c4ffb905f72c4f8905dab572c17f62dadb510dfc1e6c9432cf9	v12/docs/perf-baselines/2026-07-12-compiled-quicksort-sudoku-scorecard.md
untracked	governing-decision-record	reviewed-governing	57	3249	82cf9df3a06e99ed863c07f89634b0c01853afdfffdd479fbe44e917a1f03b50	v12/docs/perf-baselines/2026-07-12-compiled-regex-text-profile-gate.md
untracked	supporting-performance-report	archive-supporting	53	2668	18d854b4a4001c03b0d5e33aa25070a4e59f8fe5c4eeae9e1d44a58e7f36e5f3	v12/docs/perf-baselines/2026-07-12-compiled-static-builtin-print-gate.md
untracked	raw-performance-evidence	archive-raw	43	1197	11ae4ca022bc89845733375956c502d9aab0ae5ba57685e629cf22d6bde4d731	v12/docs/perf-baselines/2026-07-12-compiled-static-print-gate/channel_rollup_baseline.json
untracked	raw-performance-evidence	archive-raw	45	1241	53266ffcf007ce34766a45e0968c0089e00a6c9a719bf1e1e5821b351c266b87	v12/docs/perf-baselines/2026-07-12-compiled-static-print-gate/channel_rollup_candidate.json
untracked	raw-performance-evidence	archive-raw	41	1126	da644bcf4b7448e79402ef949213bfb518b17ba33a7d7e5bdb486ef73eacf213	v12/docs/perf-baselines/2026-07-12-compiled-static-print-gate/fib_baseline.json
untracked	raw-performance-evidence	archive-raw	43	1169	e5eae1da6e00d58d7b31cb3bab508643e0f9cf0aca83715edafd561c1384d6c6	v12/docs/perf-baselines/2026-07-12-compiled-static-print-gate/fib_candidate.json
untracked	raw-performance-evidence	archive-raw	43	1178	68cfb62e72b52983cd639ee71865dd997c2813044c63392983fb5d05e3959fa6	v12/docs/perf-baselines/2026-07-12-compiled-static-print-gate/i_before_e_baseline.json
untracked	raw-performance-evidence	archive-raw	45	1223	08c0d424bf186216914e1108ad0defc49676613f5cf17239783b30d071f1b26c	v12/docs/perf-baselines/2026-07-12-compiled-static-print-gate/i_before_e_candidate.json
untracked	raw-performance-evidence	archive-raw	41	1134	e92519b8124f7a4525fd2a886e6bdb03f70343e9e0cd0ef4456fbec0a741109b	v12/docs/perf-baselines/2026-07-12-compiled-static-print-gate/json_baseline.json
untracked	raw-performance-evidence	archive-raw	43	1177	a6eac81732891fff915ef404aab7cf78cea91537a2639b100ed95c06da667e58	v12/docs/perf-baselines/2026-07-12-compiled-static-print-gate/json_candidate.json
untracked	raw-performance-evidence	archive-raw	43	1171	33a0e56dba2161c86ec9dbbc7ddb8c15b7be9eb63dcf7aacfb934ba01d3b741c	v12/docs/perf-baselines/2026-07-12-compiled-static-print-gate/matrixmultiply_baseline.json
untracked	raw-performance-evidence	archive-raw	45	1217	a81e57380b43236120dc8371a0e0d0867f6d1955ff60c6bd853fa76f59816aa2	v12/docs/perf-baselines/2026-07-12-compiled-static-print-gate/matrixmultiply_candidate.json
untracked	raw-performance-evidence	archive-raw	43	1165	57607bd7ed2b2c5b51d94d7673e067db635981ff98f4f3be4177865e8716767b	v12/docs/perf-baselines/2026-07-12-compiled-static-print-gate/pidigits_baseline.json
untracked	raw-performance-evidence	archive-raw	45	1206	e78061c5ce2eace4ecd8776736f632f64e50c8bbf83c32a83b6769f55543afb2	v12/docs/perf-baselines/2026-07-12-compiled-static-print-gate/pidigits_candidate.json
untracked	raw-performance-evidence	archive-raw	43	1190	df47ddc42e7664b97e787265732ccefde2f5e78d2bdcfbeada7960a0dfa1f5e0	v12/docs/perf-baselines/2026-07-12-compiled-static-print-gate/word_frequency_baseline.json
untracked	raw-performance-evidence	archive-raw	45	1236	2049a864c1e92dd5f6792bf7d698c6c43780a06d7491b78b4737ed765266e65d	v12/docs/perf-baselines/2026-07-12-compiled-static-print-gate/word_frequency_candidate.json
untracked	governing-decision-record	reviewed-governing	71	3534	8d1f8649e320bac7436142e50caf7788cedaf6d2e718dbfaf31ebd1c233a64b8	v12/docs/perf-baselines/2026-07-12-compiled-string-bytes-native-iterator.md
untracked	supporting-performance-report	archive-supporting	64	3393	ef12ec49563b719565663caee2e0038bd3bfe065f0bf437f5f513e78c3c87451	v12/docs/perf-baselines/2026-07-12-compiled-word-frequency-k-gate.md
untracked	supporting-performance-report	archive-supporting	79	4676	135a4905184fe76188e541712b210809835764cba669a48b8b8991f951fdb7c0	v12/docs/perf-baselines/2026-07-12-coverage-application-lanes.md
untracked	raw-performance-evidence	archive-raw	41	1136	85f5286f32f568a8e7638b7913e982b268c37125afb29a5c00579a1a1a4fb82c	v12/docs/perf-baselines/2026-07-12-dynamic-int-box-cache-gate/base64_baseline.json
untracked	raw-performance-evidence	archive-raw	41	1137	d1e5a51b6c712428fed0aeb3a53c73ba456a881da933caa9b2afd9766f546c1e	v12/docs/perf-baselines/2026-07-12-dynamic-int-box-cache-gate/base64_candidate.json
untracked	raw-performance-evidence	archive-raw	43	1173	4b714e24d2e7f04ec4c8edcbf08d7c81e91d9098767fe2e87c661f5e89d58c52	v12/docs/perf-baselines/2026-07-12-dynamic-int-box-cache-gate/i_before_e_baseline.json
untracked	raw-performance-evidence	archive-raw	43	1174	f22ad509678d090a552629e6050ce40c8e9d26756651fe826253932171059093	v12/docs/perf-baselines/2026-07-12-dynamic-int-box-cache-gate/i_before_e_candidate.json
untracked	raw-performance-evidence	archive-raw	41	1162	4dd637341eb31798a171fea2426b3399d797938e7a65a9849362ae20b3907b80	v12/docs/perf-baselines/2026-07-12-dynamic-int-box-cache-gate/k_nucleotide_baseline.json
untracked	raw-performance-evidence	archive-raw	41	1163	5b83e72e9623843d1da4da7bafe497d4d860c1027d26dc8ab0ffad6dd8ee629a	v12/docs/perf-baselines/2026-07-12-dynamic-int-box-cache-gate/k_nucleotide_baseline_r2.json
untracked	raw-performance-evidence	archive-raw	41	1162	f06634f1c0df06061a37c55e85eef0f792c5dbab053912596f61eb961b0fc249	v12/docs/perf-baselines/2026-07-12-dynamic-int-box-cache-gate/k_nucleotide_baseline_r3.json
untracked	raw-performance-evidence	archive-raw	41	1163	91220b3dc1c19bb60859281eed59e51886ff35f815657a59fa16056ad67fec07	v12/docs/perf-baselines/2026-07-12-dynamic-int-box-cache-gate/k_nucleotide_candidate.json
untracked	raw-performance-evidence	archive-raw	41	1163	d72738ef1bd411c0a9906dfd65cfb423b122c68748811c15f4fcc80467250435	v12/docs/perf-baselines/2026-07-12-dynamic-int-box-cache-gate/k_nucleotide_candidate_r2.json
untracked	raw-performance-evidence	archive-raw	41	1163	204558551b75a634e0ad0b95add451f028b35e5dc3de2de9389a475d64a56e63	v12/docs/perf-baselines/2026-07-12-dynamic-int-box-cache-gate/k_nucleotide_candidate_r3.json
untracked	raw-performance-evidence	archive-raw	41	1185	e608301a41d01f0fe98e593f10d3e671356d16967947b739ce978ead9d0e3498	v12/docs/perf-baselines/2026-07-12-dynamic-int-box-cache-gate/reverse_complement_baseline.json
untracked	raw-performance-evidence	archive-raw	41	1184	101c1256a7d8dd70aa0ca57e59f89d0fba13c22104cd02e23f1c0562733e639e	v12/docs/perf-baselines/2026-07-12-dynamic-int-box-cache-gate/reverse_complement_candidate.json
untracked	supporting-performance-report	archive-supporting	137	9879	39a74651971412f06cfbe85ba2e4171f29e69c5f080327faf3b51f4493dfcd81	v12/docs/perf-baselines/2026-07-12-feature-benchmark-coverage-audit.md
untracked	supporting-performance-report	archive-supporting	51	2615	b5927bc4f08011b390d8c553ea380855c57fb6c77d226d4ec020eff1e1b30395	v12/docs/perf-baselines/2026-07-12-file-byte-fresh-scorecard.md
untracked	supporting-performance-report	archive-supporting	49	1913	85913d8eadc7e38ef7c01c08956a5ce47b4ce1cd58bf8c638628bbed3b7f2011	v12/docs/perf-baselines/2026-07-12-fresh-go-reference-adapter.md
untracked	supporting-performance-report	archive-supporting	54	2611	fd919a61f19703d6b67337f0994b656e54b3e7a72fc218ae05a591897fe4e62f	v12/docs/perf-baselines/2026-07-12-generality-verifier-closure.md
untracked	supporting-performance-report	archive-supporting	46	2209	85cc7658a7a436e0d3af02b52e3310ea2d221d4c7c7c958049e9f55ab46405e1	v12/docs/perf-baselines/2026-07-12-mandelbrot-numeric-pair-refresh.md
untracked	governing-decision-record	reviewed-governing	83	4031	65689afac4487f2c650b629777e85c531e23d1992939cd3e21c090206dd020c0	v12/docs/perf-baselines/2026-07-12-nfa-outgoing-transition-index.md
untracked	supporting-performance-report	archive-supporting	37	1758	5dc609860f3b8fef0df0a0bd0d37d225a2f6899bfde636f79246c93d349ea587	v12/docs/perf-baselines/2026-07-12-recursive-control-selection.md
untracked	governing-decision-record	reviewed-governing	66	3624	98ab4a7fc55589de4b880450f14b15a9f07d5120f4ff39e3959ae651b9620e68	v12/docs/perf-baselines/2026-07-12-regex-allocation-profile-gate.md
untracked	governing-decision-record	reviewed-governing	69	3558	2d8660015a24dc65fa551d24b8a0c7b732dfe470ae3004a54514eed8d230d4cb	v12/docs/perf-baselines/2026-07-12-regex-closure-stack-reuse.md
untracked	governing-decision-record	reviewed-governing	88	4520	33246b645c6da674c22c64019b5255d1c0b01cf416382fdf2f662c5ac614dde2	v12/docs/perf-baselines/2026-07-12-regex-post-closure-allocation-gate.md
untracked	governing-decision-record	reviewed-governing	78	3704	b2f10dadf534477ce7fca89ad0b4a60cd82282a7992f02c7cab2e1ecfea2c207	v12/docs/perf-baselines/2026-07-12-regex-set-profile-gate.md
untracked	supporting-performance-report	archive-supporting	67	2499	23bc5ece93d74fc32442cef87ecec6e78bf055ff44cf3991ab370334c453f3dd	v12/docs/perf-baselines/2026-07-12-regex-suffix-audit-benchmark.md
untracked	governing-decision-record	reviewed-governing	63	3714	8e4181a897378179f9d8e4408ed7b2604f39974da01c2ce0aa596788ade185d8	v12/docs/perf-baselines/2026-07-12-regex-text-profile-gate.md
untracked	governing-decision-record	reviewed-governing	58	3077	070870f70a163e18360c7b9f730fe58601bbef941ee8a0f967a4352238585bb4	v12/docs/perf-baselines/2026-07-12-regex-upserted-thread-reuse.md
untracked	supporting-performance-report	archive-supporting	64	3071	a84fafab1b522a6cc5e519afcea3af2ae780aef3f48671d1b1bd25d58326bd58	v12/docs/perf-baselines/2026-07-12-sudoku-masks-benchmark-lane.md
untracked	supporting-performance-report	archive-supporting	39	2084	145b8784303cfcfb7575d5b7301b783d21759c962f649cd19d4dbc4af9ea4ad1	v12/docs/perf-baselines/2026-07-12-three-family-fresh-scorecard.md
untracked	governing-decision-record	reviewed-governing	83	4745	02a35da9ae73c344a201d3d5ac131a72aab6bb7b0dae02a3b521bd3f1143a3b5	v12/docs/perf-baselines/2026-07-12-three-shape-profile-refresh.md
untracked	governing-decision-record	reviewed-governing	80	3958	cd5d167d51d17410c4ef4cb64d62c5edd95e0abe055e1d96ad78a18eae5db6c1	v12/docs/perf-baselines/2026-07-13-await-channel-mux-coverage.md
untracked	governing-decision-record	reviewed-governing	88	4605	6cc779d2974b3b23bf741a84bfb997416ef189e98ae39e91b542f249b8284b23	v12/docs/perf-baselines/2026-07-13-await-channel-mux-reference-profile-gate.md
untracked	supporting-performance-report	archive-supporting	46	2284	87a4b870ff55f51cbdb56c78fabfd17332bfda14f9b605acd2ed7a4ebfdbf770	v12/docs/perf-baselines/2026-07-13-bytecode-benchmark-gap-recheck.md
untracked	raw-performance-evidence	archive-raw	246	7634	f8791d2ac3fe221dcd5d50a093e1e41b180e26235c068497fc9e9dd7661cc1ee	v12/docs/perf-baselines/2026-07-13-bytecode-coverage-extension-interpreter-refresh.json
untracked	supporting-performance-report	archive-supporting	26	2646	626a0284f798d0dea2ffbe5078d7f4df8f409afbcf2fdb518dc0a237df2dad5b	v12/docs/perf-baselines/2026-07-13-bytecode-coverage-extension-interpreter-refresh.md
untracked	governing-decision-record	reviewed-governing	78	3988	13ab4b3bc544a05547ea3e83530cc1d9067455d83d50fd0434005db467e0d8f9	v12/docs/perf-baselines/2026-07-13-bytecode-coverage-extension-scorecard-gate.md
untracked	raw-performance-evidence	archive-raw	279	8030	e5d08501631567722822aa53d2648292c33e6202273d678ea06781e28c45e9d5	v12/docs/perf-baselines/2026-07-13-bytecode-coverage-extension-scorecard.json
untracked	supporting-performance-report	archive-supporting	20	1933	8fb1a6191f0d547760b6e2cd8e519511f72ae32cd8d3bb578221fb81227d5af8	v12/docs/perf-baselines/2026-07-13-bytecode-coverage-extension-scorecard.md
untracked	governing-decision-record	reviewed-governing	130	7661	e62001fc74800a26d8bd19ee2f0f3d0064a71240e4b790fea9665272c665db0f	v12/docs/perf-baselines/2026-07-13-bytecode-current-application-ledger.md
untracked	governing-decision-record	reviewed-governing	71	3582	bc500dbebc92fc68c520da994aa4c86032072ea6bdf5675e8e6a013e6f3be913	v12/docs/perf-baselines/2026-07-13-bytecode-external-miss-profile-refresh.md
untracked	raw-performance-evidence	archive-raw	518	15677	d2234c7a1d83ac3fadb349687af614ba55cc8bda64b9b76b4037d8722101f25f	v12/docs/perf-baselines/2026-07-13-bytecode-generality-interpreter-refresh.json
untracked	supporting-performance-report	archive-supporting	44	4883	ec5faafd87a65db21047c9b255458eaf094e36a438cc282eafa46ea5fcb80a37	v12/docs/perf-baselines/2026-07-13-bytecode-generality-interpreter-refresh.md
untracked	governing-decision-record	reviewed-governing	42	2240	708100ae6f240918aa7a36b3226a8946d76e9987e6c3020546c97f552ac2136c	v12/docs/perf-baselines/2026-07-13-bytecode-generality-refresh-selection.md
untracked	governing-decision-record	reviewed-governing	105	5684	fc52098c8e15790214dab6e6b360e0601e105957f78aee727ef0565a8e5fa9ec	v12/docs/perf-baselines/2026-07-13-bytecode-generality-scorecard-gate.md
untracked	raw-performance-evidence	archive-raw	554	15262	39e8b56cce00898be7f52d9f736386b75cca929c87a0334106b4886ab77dc870	v12/docs/perf-baselines/2026-07-13-bytecode-generality-scorecard.json
untracked	supporting-performance-report	archive-supporting	29	2941	5e4916553248ab4642f4ad51079de519f291cb5353e0a07fb779c92a49d5f8c3	v12/docs/perf-baselines/2026-07-13-bytecode-generality-scorecard.md
untracked	governing-decision-record	reviewed-governing	51	2201	9ec6e4f082105491b2e041dcf9b04496ec16c10025c9abd878e7d43bcd144a2e	v12/docs/perf-baselines/2026-07-13-bytecode-i32-frame-storage-gate.md
untracked	governing-decision-record	reviewed-governing	51	2330	a152094b6a97a09faff0441e636ca5bac68f2f686dda936befe52964972dabc0	v12/docs/perf-baselines/2026-07-13-bytecode-i32-proof-profile-gate.md
untracked	raw-performance-evidence	archive-raw	235	6428	49fab8655cba12823d60574d66f037ba958758e503921c713b349c99b556b534	v12/docs/perf-baselines/2026-07-13-bytecode-json-pidigits-threshold-protocol.json
untracked	supporting-performance-report	archive-supporting	16	1369	b52b0f50f8760aff4c5d073a332c0f5723581ad9437621850863ecf85d8f03bb	v12/docs/perf-baselines/2026-07-13-bytecode-json-pidigits-threshold-protocol.md
untracked	governing-decision-record	reviewed-governing	50	2544	0c9c15d671454cc841b0688320fa7d884c84c7a2cb59133b3e3f34fffb91938e	v12/docs/perf-baselines/2026-07-13-bytecode-k-nucleotide-reverse-complement-profile-refresh.md
untracked	governing-decision-record	reviewed-governing	65	3102	625995b5c5f8688f10e44afb4cfa926fafea729955ab6d55c809f132a43030b5	v12/docs/perf-baselines/2026-07-13-bytecode-threshold-protocol-gate.md
untracked	raw-performance-evidence	archive-raw	242	6841	dfde9e11f12322ed7597ef7ec7025df560eaaf29e1cff9bd9d5862386a54b09a	v12/docs/perf-baselines/2026-07-13-bytecode-threshold-variance.json
untracked	supporting-performance-report	archive-supporting	15	1236	4acf834adbaa7dccda99201829d71d33967639d588875deb489f4ea75b0afe94	v12/docs/perf-baselines/2026-07-13-bytecode-threshold-variance.md
untracked	raw-performance-evidence	archive-raw	133	3416	273a0ae9413570a808b12b1485055286d885a9d37a148e7f3e9dbf19f945c63e	v12/docs/perf-baselines/2026-07-13-compiled-binarytrees-threshold-protocol.json
untracked	supporting-performance-report	archive-supporting	15	1100	6dca0e63c6fa4ee53a7c4c5640c4f58008a63800b8dada7d9a4c8cde1dd2f729	v12/docs/perf-baselines/2026-07-13-compiled-binarytrees-threshold-protocol.md
untracked	governing-decision-record	reviewed-governing	85	4213	54add9b269587ffe1f44005e3bc19a0f41731c689d562cf408ec19ace89eb7ba	v12/docs/perf-baselines/2026-07-13-compiled-bridge-toint-common-i32-cache.md
untracked	governing-decision-record	reviewed-governing	99	5010	113ef85809dbdb7b2d3eaca1ad7ef42b17def4eff4137a6fc1cb9ca7f9982a9c	v12/docs/perf-baselines/2026-07-13-compiled-cross-family-profile-refresh.md
untracked	governing-decision-record	reviewed-governing	139	6747	c0ce503d484d5d4a8507c832b72d0f59b6e7ac6e972c35c5265c4a5444d0f8a0	v12/docs/perf-baselines/2026-07-13-compiled-fixed-context-default-scorecard-gate.md
untracked	governing-decision-record	reviewed-governing	103	4521	99472b9561bf99697a9bb095ae068a1f499292c4556ff7bc9201940854fbf8c2	v12/docs/perf-baselines/2026-07-13-compiled-fixed-context-package-linkage-gate.md
untracked	raw-performance-evidence	archive-raw	206	6078	3a2253d1e34f69a932ee826680358f1f265b8b74a7a0da70f095a15c9b298bf6	v12/docs/perf-baselines/2026-07-13-compiled-generality-go-refresh.json
untracked	supporting-performance-report	archive-supporting	26	2303	93d2bc5ff8f19fc4bff9605a84be8d72ac6037aabc5994e1a540984383cf6f26	v12/docs/perf-baselines/2026-07-13-compiled-generality-go-refresh.md
untracked	governing-decision-record	reviewed-governing	81	4200	9fa670e65fb6e548231e940363acab0aeea9ef43c989a75a414f8ac1f95d1c7a	v12/docs/perf-baselines/2026-07-13-compiled-generality-refresh-selection.md
untracked	governing-decision-record	reviewed-governing	104	5632	b5369a29152cf66f4c307e02f36de52884f2bf7a49d1208c8ecbefa42b80b1ff	v12/docs/perf-baselines/2026-07-13-compiled-generality-scorecard-gate.md
untracked	raw-performance-evidence	archive-raw	523	14712	39d9c314f08ce998585648476fbfdc1a35a9543586963a22436a1e89e92e01f5	v12/docs/perf-baselines/2026-07-13-compiled-generality-scorecard.json
untracked	supporting-performance-report	archive-supporting	29	3027	686e2209416c03d3c67c3a6b448569941688713fefc42616450b78abd95f259a	v12/docs/perf-baselines/2026-07-13-compiled-generality-scorecard.md
untracked	raw-performance-evidence	archive-raw	133	3358	034a5fd1e94c5aca22fc23df588a8d1a293867679898988187be000d05fb8d09	v12/docs/perf-baselines/2026-07-13-compiled-json-threshold-protocol.json
untracked	supporting-performance-report	archive-supporting	15	1058	42c246d5eb69337af8f9b77b92110b1483782570712cc5645f2c10db56ef3962	v12/docs/perf-baselines/2026-07-13-compiled-json-threshold-protocol.md
untracked	governing-decision-record	reviewed-governing	103	5246	73341c8c9efcaf85123b63bebeef8556029d5ad829a43967cdbd1e75db80ac54	v12/docs/perf-baselines/2026-07-13-compiled-mixed-profile-refresh.md
untracked	governing-decision-record	reviewed-governing	83	4257	24d6f8b72e584b51b4d85129d2cefa30bb2e56d60c8678b9b19307f9aa0b7053	v12/docs/perf-baselines/2026-07-13-compiled-nbody-i-before-e-profile-refresh.md
untracked	governing-decision-record	reviewed-governing	74	3669	6efc1bde68773153651691f0233ba602b32a400673a47bb04ba2f4d9e832ab9c	v12/docs/perf-baselines/2026-07-13-compiled-primitive-result-union-generality-gate.md
untracked	governing-decision-record	reviewed-governing	68	2932	256c0ebb52fc894afa3df693a6308fe7f2e67f00c2165a07f8e891b872aab362	v12/docs/perf-baselines/2026-07-13-compiled-stdlib-suite-cap-gate.md
untracked	governing-decision-record	reviewed-governing	60	3265	f9b6939b7fca4275c5d8ce3e70798c7088664d1ccc112b92cdc3dc0a7fd49561	v12/docs/perf-baselines/2026-07-13-compiled-string-builder-generality-gate.md
untracked	governing-decision-record	reviewed-governing	92	4512	62a25cbd123631d8f75eae2a39baedbe78c4368323d3856b248dde2bc7685ce8	v12/docs/perf-baselines/2026-07-13-compiled-string-chars-native-iterator.md
untracked	governing-decision-record	reviewed-governing	90	4274	2efc5b5fce62b2b139bb54eea83bb4acc5aa380da512e7d4db933d6124359bd3	v12/docs/perf-baselines/2026-07-13-compiled-string-from-bytes-native.md
untracked	governing-decision-record	reviewed-governing	92	4580	a36f5986ab0574ca16a4a4b78d4d3e77a0aa465d0f427afd1eee722b80cdacb0	v12/docs/perf-baselines/2026-07-13-compiled-string-utf8-decode-native.md
untracked	governing-decision-record	reviewed-governing	62	2964	a64fbd42520b79cf89a129090c9d8565d650cabd81ef4fd8ceffe6f9b9b36b52	v12/docs/perf-baselines/2026-07-13-compiled-struct-cache-key-generality-gate.md
untracked	raw-performance-evidence	archive-raw	24	649	022cefa8b58987eeeb990ff15ef8244a506b413e9bf5f317304c2fef81ef6f6d	v12/docs/perf-baselines/2026-07-13-compiled-sudoku-masks-go-refresh.json
untracked	supporting-performance-report	archive-supporting	12	417	6a95c9059c8e253cbfea48d73fddd5e43ce66525f73f4426f2969a8538b6b274	v12/docs/perf-baselines/2026-07-13-compiled-sudoku-masks-go-refresh.md
untracked	raw-performance-evidence	archive-raw	51	1395	ea325dba95b874348900e8ed7efcb6c31b45d0a3c360269053e75d8048122318	v12/docs/perf-baselines/2026-07-13-compiled-sudoku-masks-scorecard.json
untracked	supporting-performance-report	archive-supporting	14	711	91a11e0c2df6e72356cf00b2333713ba37392c02865ae8e09cc305f683e5fd7e	v12/docs/perf-baselines/2026-07-13-compiled-sudoku-masks-scorecard.md
untracked	supporting-performance-report	archive-supporting	92	4908	f0adf3a2b04998c9f8529b28cabb0b4bbdba8a29d6dd537db2f773192e7ef541	v12/docs/perf-baselines/2026-07-13-compiled-threshold-protocol-gate.md
untracked	raw-performance-evidence	archive-raw	328	8270	89d6dfbd079c47057bd9c3671d34fc5e40360f0ff8a1fd01760ae90cf588df03	v12/docs/perf-baselines/2026-07-13-compiled-threshold-protocol.json
untracked	supporting-performance-report	archive-supporting	18	1467	8c55002f0da5e8e85839b5c9c52242330322d98dfb19930c8a2b7ce5079bd880	v12/docs/perf-baselines/2026-07-13-compiled-threshold-protocol.md
untracked	raw-performance-evidence	archive-raw	197	5086	5757651f7ed00f7eb5bba84ab37a7cf77e5dcb82cda14db5051c0ec7688e626b	v12/docs/perf-baselines/2026-07-13-compiled-threshold-variance.json
untracked	supporting-performance-report	archive-supporting	15	1047	9b36b4121efffa3fd244fe9cb37cbf8f5c5b5dc9e0f4314e5498eaebf85fa303	v12/docs/perf-baselines/2026-07-13-compiled-threshold-variance.md
untracked	governing-decision-record	reviewed-governing	138	7430	75ddab43d888daebbdcf1f3e5b18c5b0ed601821d68819b362df2dd2431a33e8	v12/docs/perf-baselines/2026-07-13-concurrency-profile-and-context-abi-gate.md
untracked	supporting-performance-report	archive-supporting	67	3475	f215c70acacc23ee6f2cec24cf5a0da5bae465206a3d2868e589d7468e8bc77b	v12/docs/perf-baselines/2026-07-13-external-threshold-variance-gate.md
untracked	governing-decision-record	reviewed-governing	73	3312	282088e7162e231fe11798107e63ed48305a68a1a87e15fe5bf6923820a85655	v12/docs/perf-baselines/2026-07-13-future-await-race-coverage.md
untracked	governing-decision-record	reviewed-governing	80	4314	e1115e9f32414596ea6f8cec1f68bc726bee7992e0f283a0da008ac553ae21a0	v12/docs/perf-baselines/2026-07-13-future-await-race-reference-profile-gate.md
untracked	governing-decision-record	reviewed-governing	65	3264	63a14301f81f04a7bf33fcf333325cc14bd27db001b9d76d70d099202728f9ff	v12/docs/perf-baselines/2026-07-13-future-pipeline-concurrency-coverage.md
untracked	governing-decision-record	reviewed-governing	67	4164	fcbd8a4c6770baa198bc16c52c67cf2ed902a76d28d5f024406a7195c15f35e6	v12/docs/perf-baselines/2026-07-13-generic-nominal-static-lowering-selection.md
untracked	governing-decision-record	reviewed-governing	98	4937	59b8fb53feb1e199930de641d90898c6eafcefd10918ca5c00d6ac0d68adf96d	v12/docs/perf-baselines/2026-07-13-regex-application-coverage-refresh.md
untracked	governing-decision-record	reviewed-governing	82	4122	667faf6d8d6a3258242c0912659b94987de20a020ee21b18a154458b7c0cd597	v12/docs/perf-baselines/2026-07-13-regex-stream-application-coverage.md
untracked	governing-decision-record	reviewed-governing	97	5055	289f892aa17821f848413961f07bf5b8c19d83d187bca53e5c55b3a7ebf7af4d	v12/docs/perf-baselines/2026-07-13-regex-stream-cross-api-profile-gate.md
untracked	governing-decision-record	reviewed-governing	44	2054	da7dadd1abeb6af457f246e21a06043ecf7f57876bbfff9ac02ce78d8ea8709e	v12/docs/perf-baselines/2026-07-14-array-slice-selection-precondition.md
untracked	governing-decision-record	reviewed-governing	58	2637	f8a7003c8ce930c5b8b2bcb48caf4a82c8ca75a3e04c947e2261a902f8591991	v12/docs/perf-baselines/2026-07-14-array-slice-window-application-coverage.md
untracked	raw-performance-evidence	archive-raw	89	2666	97ada07b79b32c2c43168ad7a0ccb0b5a11f7e761ecb71f226c0d9f184f52530	v12/docs/perf-baselines/2026-07-14-async-coverage-go-refresh.json
untracked	supporting-performance-report	archive-supporting	17	1123	55fa8ebc36d4bfb1b828ba9f9c002904b4f33d6e01948a5db01b993593087bd4	v12/docs/perf-baselines/2026-07-14-async-coverage-go-refresh.md
untracked	raw-performance-evidence	archive-raw	214	6662	3443a7cf44268d0904d0b6080fcb7177ae775e6eec8715dc4a2235e26e4d0f28	v12/docs/perf-baselines/2026-07-14-async-coverage-interpreter-refresh.json
untracked	supporting-performance-report	archive-supporting	24	2340	0d2559d17085521479a4f6ccdc044589ecda90952134ea5a5b4dfd4f530b6035	v12/docs/perf-baselines/2026-07-14-async-coverage-interpreter-refresh.md
untracked	governing-decision-record	reviewed-governing	69	3192	e93e0ec7893d82a3f990434539b3ca434bb924e965912a39e7e719c8b6bac8f1	v12/docs/perf-baselines/2026-07-14-awaitable-cross-app-profile-gate.md
untracked	governing-decision-record	reviewed-governing	67	2716	d54ccfcc508668c1ab9539e06825806aa5caf9c628551d20060a2ce066407212	v12/docs/perf-baselines/2026-07-14-benchmark-host-preflight.md
untracked	raw-performance-evidence	archive-raw	242	6967	d6c2ccd0da54e050198b7b3a4d14c382b1fe462f212e6acd823379a623c3dca2	v12/docs/perf-baselines/2026-07-14-bytecode-async-coverage-scorecard.json
untracked	supporting-performance-report	archive-supporting	19	1745	3173e91d4226c8a74dd0d8bdb6cb854802278ab541a504589b13695b710cc6bb	v12/docs/perf-baselines/2026-07-14-bytecode-async-coverage-scorecard.md
untracked	raw-performance-evidence	archive-raw	118	3578	7b3708d83b108533ab21d573187585a64f315c3f9e6d6bfd9d0053c07e0d49c3	v12/docs/perf-baselines/2026-07-14-bytecode-coverage-interpreter-refs.json
untracked	supporting-performance-report	archive-supporting	18	1356	407cdef35f18a68c6da53561aafef7d5d5ded7b61dd7ab3036639789ad9cc71e	v12/docs/perf-baselines/2026-07-14-bytecode-coverage-interpreter-refs.md
untracked	supporting-performance-report	archive-supporting	80	4388	51bb88d48866ab14269672a7bd17a59864acfd5beb81d66efb23dd4c848fdc8d	v12/docs/perf-baselines/2026-07-14-bytecode-coverage-reference-profile-gate.md
untracked	raw-performance-evidence	archive-raw	131	3700	f2307d17adb0e29a17b30308301d0c40d35ca72f86197535d4cda0198433a513	v12/docs/perf-baselines/2026-07-14-bytecode-coverage-scorecard.json
untracked	supporting-performance-report	archive-supporting	16	1174	56f60c45167a21d5a1e317193619a8d51c7b8449d06fb59e37c24b2b2b1bbc4a	v12/docs/perf-baselines/2026-07-14-bytecode-coverage-scorecard.md
untracked	raw-performance-evidence	archive-raw	518	15713	65ab1be8193947adb2910085448b89b5c7d06bfd65d60373536cbfcb666f3394	v12/docs/perf-baselines/2026-07-14-bytecode-generality-interpreter-refresh.json
untracked	supporting-performance-report	archive-supporting	44	4883	02aaee8b227a2e3ba0f68ef1a71f4b9a3ecfa67bacbbb2dec207abe9bf31403b	v12/docs/perf-baselines/2026-07-14-bytecode-generality-interpreter-refresh.md
untracked	raw-performance-evidence	archive-raw	556	15382	0c7ba7751a168101eaa6e4401cd283ed1e12d11bcc08321d405a00753ff10563	v12/docs/perf-baselines/2026-07-14-bytecode-generality-scorecard.json
untracked	supporting-performance-report	archive-supporting	29	3012	3fc7c0a8e04b4054280d8005b9e5203f8073661cd237e2d3277b93491c0a3c4d	v12/docs/perf-baselines/2026-07-14-bytecode-generality-scorecard.md
untracked	supporting-performance-report	archive-supporting	118	7188	38ada08639e48a27b18654f7f1f4ff19ace6dc77129be57a0be67a650729e334	v12/docs/perf-baselines/2026-07-14-bytecode-representation-contract-alignment.md
untracked	raw-performance-evidence	archive-raw	211	6083	e68e63ff254618de7784e7b537d4eb56c341ce1278caba43c297505acdd77387	v12/docs/perf-baselines/2026-07-14-compiled-async-coverage-scorecard.json
untracked	supporting-performance-report	archive-supporting	19	1572	8d79ea7ae6b66a92f727ac2ae8402d6d14186be9598bb0559e2af6c5cf1eb4c7	v12/docs/perf-baselines/2026-07-14-compiled-async-coverage-scorecard.md
untracked	governing-decision-record	reviewed-governing	65	3522	5f5b89e8443aa65edc25fabbf647e46fc6487bfb712da8d2b82a4fbf9af018b6	v12/docs/perf-baselines/2026-07-14-compiled-async-main-phase-refresh.md
untracked	governing-decision-record	reviewed-governing	61	3270	3f266247af06cd11ea9bc8637e5e2b79d6b7da90115f177c83942c33568eee66	v12/docs/perf-baselines/2026-07-14-compiled-byte-numeric-bigint-profile-gate.md
untracked	raw-performance-evidence	archive-raw	50	1449	505b208e8248c0f55dd486a537bf280aaa83e6af38ce46984dac6afca0958f8f	v12/docs/perf-baselines/2026-07-14-compiled-coverage-go-refs.json
untracked	supporting-performance-report	archive-supporting	14	696	88a845f39c9efa81c39eb002b77464d730012e15c25ff95ca7fb3d4b8641e4f8	v12/docs/perf-baselines/2026-07-14-compiled-coverage-go-refs.md
untracked	supporting-performance-report	archive-supporting	94	4964	280f9274b9a56cdf228e24bd736e028c082755a37c70eed41b397030f5053783	v12/docs/perf-baselines/2026-07-14-compiled-coverage-scorecard-gate.md
untracked	raw-performance-evidence	archive-raw	115	3237	09e0ec5ec2add477307d7b19594a0f60d02ba728af7679c78274e449f6abb4b8	v12/docs/perf-baselines/2026-07-14-compiled-coverage-scorecard.json
untracked	supporting-performance-report	archive-supporting	16	1046	30a1bcd7fd3f2e7ed6217fbeb04050e2010e29d78619f5b8a62059079dca4b41	v12/docs/perf-baselines/2026-07-14-compiled-coverage-scorecard.md
untracked	raw-performance-evidence	archive-raw	219	6474	c4e4cbbf44dbb644c9900f4eca3e5c4c145206527464fe1187ff881d08820109	v12/docs/perf-baselines/2026-07-14-compiled-generality-go-refresh.json
untracked	supporting-performance-report	archive-supporting	27	2439	bcf0fcffae7bd1d6ba16d60fbc84a449fbaff6168b864c8a7c8d7f64df66437a	v12/docs/perf-baselines/2026-07-14-compiled-generality-go-refresh.md
untracked	raw-performance-evidence	archive-raw	529	14901	3774960f0bba384f9fe6bea080ad542d7e138af8d8423c67296c1354f1af8bf3	v12/docs/perf-baselines/2026-07-14-compiled-generality-scorecard.json
untracked	supporting-performance-report	archive-supporting	29	3032	57a8accf0612599fba673a9050542a069d1f3ea0f03c3c319d11807f27bfc843	v12/docs/perf-baselines/2026-07-14-compiled-generality-scorecard.md
untracked	supporting-performance-report	archive-supporting	64	3092	a5f9cc0a7ead29602b402c20888a1e6262c05c9b35566cc250b153ba40762865	v12/docs/perf-baselines/2026-07-14-compiled-spawn-selected-context-gate.md
untracked	supporting-performance-report	archive-supporting	95	5265	66a7286e5752c2a5f04b804af5d3e75c0bf38870fe01d8840642764a29132fdd	v12/docs/perf-baselines/2026-07-14-compiled-static-metadata-main-profile-refresh.md
untracked	supporting-performance-report	archive-supporting	69	3049	6cf735ca786c109b3f34f824a3e85bdd8c9417a68071169a290b97ce21502c58	v12/docs/perf-baselines/2026-07-14-compiled-static-metadata-retention-gate.md
untracked	supporting-performance-report	archive-supporting	40	1843	0544eb106ebe6c35a2fe5c29add96fb99b44c30d797e7c815f773b25ced2a8e8	v12/docs/perf-baselines/2026-07-14-dependency-plan-application-coverage.md
untracked	governing-decision-record	reviewed-governing	95	5332	7eee97e46efdd3d3dd648157063fa287a84bbfe238e68bd0ada6fcd78ed7d5ee	v12/docs/perf-baselines/2026-07-14-dependency-plan-profile-gate.md
untracked	supporting-performance-report	archive-supporting	96	4634	12389454d228bd8112227fe34cbae302af6941dee156f683089e5a959ea8c7fb	v12/docs/perf-baselines/2026-07-14-external-scorecard-async-refresh.md
untracked	governing-decision-record	reviewed-governing	97	5079	e7b8bd4c073e60af3812ea779faeb67a629dcc6642995330b4a501c1cdda3bf6	v12/docs/perf-baselines/2026-07-14-feature-benchmark-roadmap-reconciliation.md
untracked	governing-decision-record	reviewed-governing	54	2778	4e3f32dc6b190bf312c3211abf0b9de09b52f0bcd91a96448b60f1d4a3e0c3b2	v12/docs/perf-baselines/2026-07-14-fixture-harness-stability.md
untracked	governing-decision-record	reviewed-governing	54	3133	0d21ae1c8e04a231dcfc0e563a78d81fdd0a5a0cf956d5437e3e09180d79889b	v12/docs/perf-baselines/2026-07-14-fs-io-text-roadmap-reconciliation.md
untracked	raw-performance-evidence	archive-raw	131	3725	15ae31f6b4d904246d7e000d7c5eda00136f2ecf82492002aee940f4efefcc48	v12/docs/perf-baselines/2026-07-14-full-scorecard-async-bytecode-01.json
untracked	supporting-performance-report	archive-supporting	16	1188	677ecf067021e4c60d9cc666315dae644b7ed85f5b0583b1feb9f8a49e08f5de	v12/docs/perf-baselines/2026-07-14-full-scorecard-async-bytecode-01.md
untracked	raw-performance-evidence	archive-raw	131	3736	f621d154c17756ca2c8c840c2183c922fdf1c0af90f47868ead1fef3058932d3	v12/docs/perf-baselines/2026-07-14-full-scorecard-async-bytecode-02.json
untracked	supporting-performance-report	archive-supporting	16	1193	9c0b9575006a9cefc98ce9b623cb66520af0286eea586129d0b23e00b356ed7a	v12/docs/perf-baselines/2026-07-14-full-scorecard-async-bytecode-02.md
untracked	raw-performance-evidence	archive-raw	115	3268	f26ebe28e3a6670c48903ff334647aae506e28a19fcd6fef220e886cdbfe45d9	v12/docs/perf-baselines/2026-07-14-full-scorecard-async-compiled-01.json
untracked	supporting-performance-report	archive-supporting	16	1064	78b7302930d473a919a4fe0569f51b2dfcee5e4f636457422cd780791fcfcaf5	v12/docs/perf-baselines/2026-07-14-full-scorecard-async-compiled-01.md
untracked	raw-performance-evidence	archive-raw	115	3277	db49efc32994209c9a2b818b78f452f947d83ea9ed5772cc11c1c6932a2a27ff	v12/docs/perf-baselines/2026-07-14-full-scorecard-async-compiled-02.json
untracked	supporting-performance-report	archive-supporting	16	1068	a25b3508a5ddcb8a0c58a5ba4610fa2277cd81e4f2c391cc7138f118c851e7f7	v12/docs/perf-baselines/2026-07-14-full-scorecard-async-compiled-02.md
untracked	raw-performance-evidence	archive-raw	89	2667	16ce99654c2cf3b20331caf6db3ce2ad924cdf5bbbe5b9aa94352546e9346a85	v12/docs/perf-baselines/2026-07-14-full-scorecard-async-go-reference.json
untracked	supporting-performance-report	archive-supporting	17	1123	b65d8c36dab8130607393c4cc6d9d61cd1bca71862229dfef2970d4f4f2e4654	v12/docs/perf-baselines/2026-07-14-full-scorecard-async-go-reference.md
untracked	raw-performance-evidence	archive-raw	214	6656	f6588c819e58ca6ae09198fd54fbf6703e9f03ca0b13dc2878c5bc5bd2dbaabd	v12/docs/perf-baselines/2026-07-14-full-scorecard-async-interpreter-reference.json
untracked	supporting-performance-report	archive-supporting	24	2336	20dcff74107fe0bdbc8c4c667af71387f829e225a65c29b7c226ac130f5f4825	v12/docs/perf-baselines/2026-07-14-full-scorecard-async-interpreter-reference.md
untracked	raw-performance-evidence	archive-raw	102	2744	92fc5b045980ad186f06cdfc02feb972add3624d2ec649cc9c4fa6bf0906e07c	v12/docs/perf-baselines/2026-07-14-full-scorecard-generality-bytecode-01.json
untracked	supporting-performance-report	archive-supporting	16	1067	484356d02c2a03ce091c10d7debb66db123f31527dd432a9f1894e30d8980b09	v12/docs/perf-baselines/2026-07-14-full-scorecard-generality-bytecode-01.md
untracked	raw-performance-evidence	archive-raw	125	3308	10db02ac68307f885b8cfeb9345c6b006418053d1caa788a031a9bf7567643d1	v12/docs/perf-baselines/2026-07-14-full-scorecard-generality-bytecode-02.json
untracked	supporting-performance-report	archive-supporting	16	953	f8fbf896b667b4d5760edf663ec5391e60fb9abdaae9c2002ffcaae1a3652df2	v12/docs/perf-baselines/2026-07-14-full-scorecard-generality-bytecode-02.md
untracked	raw-performance-evidence	archive-raw	131	3627	c204601b0f54207ab706026d8ab68cca227098dadeaa208cd743e69845d16764	v12/docs/perf-baselines/2026-07-14-full-scorecard-generality-bytecode-03.json
untracked	supporting-performance-report	archive-supporting	16	1139	34d42d76d67812259957f89f5d85eb598cc6b5fb1d6610ad07d31feed8a5870e	v12/docs/perf-baselines/2026-07-14-full-scorecard-generality-bytecode-03.md
untracked	raw-performance-evidence	archive-raw	131	3681	bbe26b60a040df2c10cec1acb48889ef1be24fc202bd52e403d14bb2b51ec48f	v12/docs/perf-baselines/2026-07-14-full-scorecard-generality-bytecode-04.json
untracked	supporting-performance-report	archive-supporting	16	1164	f0981cf62be9532ae8b8e0a3c21886ce2d01447b8861ce8e35f4fa589460765d	v12/docs/perf-baselines/2026-07-14-full-scorecard-generality-bytecode-04.md
untracked	raw-performance-evidence	archive-raw	129	3574	04bd1069e432f770445635bdd8d37990597b1e31d6f0948b190b2b293d601f35	v12/docs/perf-baselines/2026-07-14-full-scorecard-generality-bytecode-05.json
untracked	supporting-performance-report	archive-supporting	16	1107	e43c69698676cf1e1df8dd5f079cc61c05c949d5f0ec4503f471f8cfd7152f53	v12/docs/perf-baselines/2026-07-14-full-scorecard-generality-bytecode-05.md
untracked	raw-performance-evidence	archive-raw	44	1168	2629c96c876707e50c81048204ab57f8448c6a6b86c002a6b680449dab9a1964	v12/docs/perf-baselines/2026-07-14-full-scorecard-generality-bytecode-06.json
untracked	supporting-performance-report	archive-supporting	14	747	c0d230472822c00bd5666842d55aaffa90bfa48eec231e81a8a6509371dfbe3d	v12/docs/perf-baselines/2026-07-14-full-scorecard-generality-bytecode-06.md
untracked	raw-performance-evidence	archive-raw	115	3206	fc29d2b1fb985e974a1dcf91b903dd88d90ba5b34a57088281d45c6450b366e2	v12/docs/perf-baselines/2026-07-14-full-scorecard-generality-compiled-01.json
untracked	supporting-performance-report	archive-supporting	16	1030	2dede9f689f15a5ed6e8e7c2c7852d5258f322fa98b266205f5872988350f861	v12/docs/perf-baselines/2026-07-14-full-scorecard-generality-compiled-01.md
untracked	raw-performance-evidence	archive-raw	113	3095	0ce50d9bd48d5c54b85dd7d0e87ab1ad181c412e512163b54e923091ddb613f3	v12/docs/perf-baselines/2026-07-14-full-scorecard-generality-compiled-02.json
untracked	supporting-performance-report	archive-supporting	16	961	db131a77b0e561819ebf834b9d63e60e3bc5e1bd4874deb7616b0cf1a057924a	v12/docs/perf-baselines/2026-07-14-full-scorecard-generality-compiled-02.md
untracked	raw-performance-evidence	archive-raw	115	3170	120a227b57b06189071b1235fe8e606273efba14c15bc220601c02a3ba304e5a	v12/docs/perf-baselines/2026-07-14-full-scorecard-generality-compiled-03.json
untracked	supporting-performance-report	archive-supporting	16	1012	2d220ad0a07cf23ee872bf1741045763e83911bf3c3e8b39760941f42ab89374	v12/docs/perf-baselines/2026-07-14-full-scorecard-generality-compiled-03.md
untracked	raw-performance-evidence	archive-raw	115	3217	2d87c628f969ff025311f30e28311c6fc6a970355f66da896a9c2d2b36889da5	v12/docs/perf-baselines/2026-07-14-full-scorecard-generality-compiled-04.json
untracked	supporting-performance-report	archive-supporting	16	1036	b50151ec0cbbfb413c0a47d97b61a31dceba9c3570f934f8c848bbf4bde8a339	v12/docs/perf-baselines/2026-07-14-full-scorecard-generality-compiled-04.md
untracked	raw-performance-evidence	archive-raw	83	2342	0a68afc37ec343aafa89b8e0e76ffe8b421558a6b903f911b0c56d369d86d6c9	v12/docs/perf-baselines/2026-07-14-full-scorecard-generality-compiled-05.json
untracked	supporting-performance-report	archive-supporting	15	895	388321805a78cb1d9e3e514b3c82894773227797100bdd8dd4c0d917dc78eb31	v12/docs/perf-baselines/2026-07-14-full-scorecard-generality-compiled-05.md
untracked	raw-performance-evidence	archive-raw	83	2309	5119755ba02b1b0cabe5b611adb87bbcf2d84750e486465a4c819b6c73ca38d8	v12/docs/perf-baselines/2026-07-14-full-scorecard-generality-compiled-06.json
untracked	supporting-performance-report	archive-supporting	15	878	64323abef9135fb765357a7df8ca3850c4ea9ddf0be0fcba8782cf341f429c88	v12/docs/perf-baselines/2026-07-14-full-scorecard-generality-compiled-06.md
untracked	raw-performance-evidence	archive-raw	219	6473	ac7be2e799b0dd8df78d000d537dffba4834f84ce059dc2c5daa7595128f1d09	v12/docs/perf-baselines/2026-07-14-full-scorecard-generality-go-reference.json
untracked	supporting-performance-report	archive-supporting	27	2439	1569bfebed360a35eef183da69a12386491b82a6f0ce02f81972ee5ce17d353e	v12/docs/perf-baselines/2026-07-14-full-scorecard-generality-go-reference.md
untracked	raw-performance-evidence	archive-raw	520	15799	c89fdd4d1dc290032a2be8af585daa72f779d97b68e1dc852b0a0c8b791ad7d5	v12/docs/perf-baselines/2026-07-14-full-scorecard-generality-interpreter-reference.json
untracked	supporting-performance-report	archive-supporting	44	4948	8beb11c5eb035db7222d8dce7545f129d33182625b100fc5bc4c3d5ac60557a9	v12/docs/perf-baselines/2026-07-14-full-scorecard-generality-interpreter-reference.md
untracked	governing-decision-record	reviewed-governing	64	3278	74d1ae6a1de05a7443a16fe86e368b132c5e086b617590e50f32a7fe9b540a03	v12/docs/perf-baselines/2026-07-14-full-scorecard-refresh-selection.md
untracked	raw-performance-evidence	archive-raw	56	21390	4d0645e1e4cd693e4531acff7838be19a84393c3f11f3f4477bea6db65fdfb79	v12/docs/perf-baselines/2026-07-14-full-scorecard-refresh.json
untracked	governing-decision-record	reviewed-governing	89	7402	b857583f8498366199e3a805e470fb3cc1bd6cee012100ae8b7d70ed6df6835e	v12/docs/perf-baselines/2026-07-14-full-scorecard-refresh.md
untracked	supporting-performance-report	archive-supporting	25	1146	1317926b38f7f627979834ebcea27ce4f4f10118f3e004f9c1e1dd039bc60d84	v12/docs/perf-baselines/2026-07-14-grouped-scorecard-refresh-tooling.md
untracked	supporting-performance-report	archive-supporting	67	3902	7a3568c748b4cb215ada0f3a26e84874fbd5fd6a067c0e278a1e4c863d1f5800	v12/docs/perf-baselines/2026-07-14-host-image-bytecode-miss-profiles.md
untracked	raw-performance-evidence	archive-raw	120	3326	55d06ae314e182447fe8def17558d22ce5daab60dceb6dee8998ed4dfe7a1684	v12/docs/perf-baselines/2026-07-14-host-image-bytecode-scorecard.json
untracked	supporting-performance-report	archive-supporting	16	1135	709ce8acb53a6d11f000023d710d960c640cacbfb4053847a1a4eee09dc09497	v12/docs/perf-baselines/2026-07-14-host-image-bytecode-scorecard.md
untracked	supporting-performance-report	archive-supporting	61	3036	efdd999a4c98939026b10a9899ddd12a2c184a9dbc29c0cd591c2546bda0b1a9	v12/docs/perf-baselines/2026-07-14-host-image-scorecard-refresh.md
untracked	supporting-performance-report	archive-supporting	111	5956	e9d493755e74e85d4fe20c380d862ed63a14102daa44cf9d7bf91c9314dcc2ff	v12/docs/perf-baselines/2026-07-14-inline-raw-snapshot-refresh.md
untracked	supporting-performance-report	archive-supporting	123	6627	b9879767b680fec288b3c2a593b80dae9c42ac7d5d72001ee810a03e3aad759e	v12/docs/perf-baselines/2026-07-14-mutex-await-journal-application-coverage.md
untracked	supporting-performance-report	archive-supporting	92	4359	19012ab827c4537d7c62f2bae0585ab60d30387990045ef9de8bf08b10dd647a	v12/docs/perf-baselines/2026-07-14-mutex-ledger-application-coverage.md
untracked	governing-decision-record	reviewed-governing	23	1328	5a4ff1f4155fae0ddb3b20515ac314ad1019a818e54bfdc2b2b813f192443d1b	v12/docs/perf-baselines/2026-07-14-performance-handoff-reconciliation.md
untracked	governing-decision-record	reviewed-governing	77	4398	b8afc33b46aad611b74d8a218c2d082a97908ee6ee10ee517838ac9b0377aa9d	v12/docs/perf-baselines/2026-07-14-three-shape-bytecode-profile-refresh.md
untracked	governing-decision-record	reviewed-governing	43	2608	94be007dda141419af035bca09094bf0a0624d24e75b35793dd2ed9de02da2fa	v12/docs/perf-baselines/2026-07-15-bytecode-candidate-admission-inventory.md
untracked	supporting-performance-report	archive-supporting	45	1899	3cc6ec2f6b61dc10b237241d841c8677a5f6d6e3a885e9e5bfac4d5faf0a6476	v12/docs/perf-baselines/2026-07-15-bytecode-collection-fixture-full-health.md
untracked	supporting-performance-report	archive-supporting	55	2144	9962f30c967f240efe31b6c7b54d43fa8759842a7240033297c584e085223ec8	v12/docs/perf-baselines/2026-07-15-bytecode-collection-fixture-health.md
untracked	governing-decision-record	reviewed-governing	82	4121	95a0da4ca24cb4903e767cb2f79749b885199dad184a599f18bf5c4c4b9b4255	v12/docs/perf-baselines/2026-07-15-bytecode-execution-lane-reconciliation.md
untracked	raw-performance-evidence	archive-raw	193	5257	0d762f6d0b01dc95ba367baa57a61f40eac05cbc08b81d87e49488d3ccbaf1f9	v12/docs/perf-baselines/2026-07-15-bytecode-full-vs-prechecked-paired.json
untracked	supporting-performance-report	archive-supporting	19	1521	e1be99d476bc6b40bd41d927cdadd9e0e0c6ea9bd1e5cb9978ec84f6612dc07c	v12/docs/perf-baselines/2026-07-15-bytecode-full-vs-prechecked-paired.md
untracked	governing-decision-record	reviewed-governing	48	2589	78b4abc9f481f520903abcd635e69b9ef2e43e9eca9ea67755517385b472f5d6	v12/docs/perf-baselines/2026-07-15-bytecode-main-stats-inventory.md
untracked	governing-decision-record	reviewed-governing	38	2112	a4bda1746a343beadc970022352fbda6d9f698de2aeffe14b5c863bbbe67e550	v12/docs/perf-baselines/2026-07-15-bytecode-main-stats-profile-gate.md
untracked	governing-decision-record	reviewed-governing	66	3933	a79ab8457056083c24e435ce1c9bc6f0737001ea79fc5a236b7006d3e7421673	v12/docs/perf-baselines/2026-07-15-bytecode-three-shape-repeat-refresh.md
untracked	governing-decision-record	reviewed-governing	49	1910	871655c4c4fbcfb3c76fd70fafd43af6b69b9586c07f6d508bbef9cc476f09a3	v12/docs/perf-baselines/2026-07-15-canonical-benchmark-source-contract.md
untracked	governing-decision-record	reviewed-governing	34	3595	0666ab22d6bf2fbbd6bdcdeb46f04c37eba7eeb211eae1c42f104cd7777e86f6	v12/docs/perf-baselines/2026-07-15-compiled-call-path-profile-gate.md
untracked	governing-decision-record	reviewed-governing	50	2382	acee8fdb6141912637a91c78f2bd78f461b7e3801b6cb45bf37059c7779374bc	v12/docs/perf-baselines/2026-07-15-compiled-call-path-reachability-decision.md
untracked	raw-performance-evidence	archive-raw	408	9705	75ce87cbe25d15b41d65632ee8ccf7c2bbf99e5295261d74cf3d120631cafbeb	v12/docs/perf-baselines/2026-07-15-compiled-call-path-reachability.json
untracked	supporting-performance-report	archive-supporting	41	2015	9a36137c0b4946f64e7087281c4fb45ab7a80be8eace6bc20329cb40028eb206	v12/docs/perf-baselines/2026-07-15-compiled-call-path-reachability.md
untracked	supporting-performance-report	archive-supporting	95	4294	a52047d14ecea550753b26d4801c8ce2823a5ec94793c812fbe9a56ce7160c05	v12/docs/perf-baselines/2026-07-15-compiled-closed-benchmark-source-audit.md
untracked	raw-performance-evidence	archive-raw	427	10397	b2cdaf8200246ed968be4957bc90c8d8beb775e9e56dde6ff9e94460f251ed9e	v12/docs/perf-baselines/2026-07-15-compiled-dynamic-boundary-reachability.json
untracked	supporting-performance-report	archive-supporting	40	2146	961117b4f33be3024cf30bee2909d1ef76e67296b61487ade9eac1840aec0c55	v12/docs/perf-baselines/2026-07-15-compiled-dynamic-boundary-reachability.md
untracked	supporting-performance-report	archive-supporting	69	3047	c1b307a4bc5604ad26919a5a30c8398b98da43e63917efb3fb8288812a6e0469	v12/docs/perf-baselines/2026-07-15-compiled-dynamic-boundary-refresh-decision.md
untracked	raw-performance-evidence	archive-raw	101	2672	8424e92aff8a0d8954dd579b779dee2b82b2c85bb5599850f7942134885cfca1	v12/docs/perf-baselines/2026-07-15-compiled-loop-carrier-benchmark.json
untracked	supporting-performance-report	archive-supporting	14	891	19296db5fb194c290e8b4eb8d6f486946f5711085234dde691c24725e9217151	v12/docs/perf-baselines/2026-07-15-compiled-loop-carrier-benchmark.md
untracked	governing-decision-record	reviewed-governing	128	6170	7ad1cc582de4c5dc1662a53d52317cb74e4f4cf9e4ce1ad06abee5426a8c7892	v12/docs/perf-baselines/2026-07-15-complete-scorecard-cohort-variance.md
untracked	governing-decision-record	reviewed-governing	74	4740	d3dd53c469c05d107c21c2d839d586e610568a0d4381f5f39f6ec0de3b37bf3e	v12/docs/perf-baselines/2026-07-15-cross-runtime-residual-census.md
untracked	governing-decision-record	reviewed-governing	58	3608	628bd29d4df800b47b32bad881d0605a1d3fdafb2afcb024a4491d3e9613f4d2	v12/docs/perf-baselines/2026-07-15-current-bytecode-three-shape-profile-gate.md
untracked	raw-performance-evidence	archive-raw	41	1124	32a351b137c49d936fa9bac9d12d5ce578a04062e1eab92275cfc3f883fb793b	v12/docs/perf-baselines/2026-07-15-dependency-plan-bytecode-runtime-cpu-profile.json
untracked	raw-performance-evidence	archive-raw	43	1138	c4206d1b22a0eee216be530a342e7ee6abdc8e854c8415a897fdd969871b1ab5	v12/docs/perf-baselines/2026-07-15-document-audit-bytecode-runtime-cpu-profile.json
untracked	raw-performance-evidence	archive-raw	287	9372	5b9d5957647b2a8ce88ed622e873fd29b763e2508ff40cee341848727c963f21	v12/docs/perf-baselines/2026-07-15-error-reconcile-a-async-go-reference.json
untracked	supporting-performance-report	archive-supporting	17	1550	55c5f0b3a2d4ac39c07d368bcb5dba7254ff0a2617c22300b7e44bf27912dcc5	v12/docs/perf-baselines/2026-07-15-error-reconcile-a-async-go-reference.md
untracked	raw-performance-evidence	archive-raw	610	20067	9e725732c35bce21c6d719db4f2729050f963f20ad9c012e1adbb096e45d5b05	v12/docs/perf-baselines/2026-07-15-error-reconcile-a-async-interpreter-reference.json
untracked	supporting-performance-report	archive-supporting	24	3165	158ee4f5b344fd4e3767b5e85d6bdd4b62f35e83cf673a5eaf8b9ad8041fd89c	v12/docs/perf-baselines/2026-07-15-error-reconcile-a-async-interpreter-reference.md
untracked	raw-performance-evidence	archive-raw	517	16988	3837bbea3e2582e31403737494766ffc874953ae52ec8345588f4d2e85e6067c	v12/docs/perf-baselines/2026-07-15-error-reconcile-a-coverage-extra-go-reference.json
untracked	supporting-performance-report	archive-supporting	22	2592	334c8ff1f96193b8816df7daa7e93b98ae6b52bdefcee8bd098201822e583917	v12/docs/perf-baselines/2026-07-15-error-reconcile-a-coverage-extra-go-reference.md
untracked	raw-performance-evidence	archive-raw	1100	36290	19d4870e7af5ea7ffecaac5fc6b014125c9069b5846ff2793d223a31b386c06f	v12/docs/perf-baselines/2026-07-15-error-reconcile-a-coverage-extra-interpreter-reference.json
untracked	supporting-performance-report	archive-supporting	34	5459	8c28fd092130beeed03e28526720a6abf8d9c98471269777c3128d72a15a807e	v12/docs/perf-baselines/2026-07-15-error-reconcile-a-coverage-extra-interpreter-reference.md
untracked	raw-performance-evidence	archive-raw	582	19891	90edaa03f2f5964eb9831d3d8c5dbfa5330658359d55a5756717080c064517cf	v12/docs/perf-baselines/2026-07-15-error-reconcile-a-generality-bytecode-01.json
untracked	supporting-performance-report	archive-supporting	15	1075	478e0ce145e39135178d4c14c7484007c55be56293cb0a4af94ad89912f5323b	v12/docs/perf-baselines/2026-07-15-error-reconcile-a-generality-bytecode-01.md
untracked	raw-performance-evidence	archive-raw	457	15527	ba975f64b20d6bcc7136b8c1b6e25c52b9080f8e62f6577a9962aefd4c16692f	v12/docs/perf-baselines/2026-07-15-error-reconcile-a-generality-compiled-01.json
untracked	supporting-performance-report	archive-supporting	15	1011	948906f20cfbce094f8d48567aa06e4aec810208a7c79b67d8be4b7bb1da41df	v12/docs/perf-baselines/2026-07-15-error-reconcile-a-generality-compiled-01.md
untracked	raw-performance-evidence	archive-raw	310	10542	fefeaa03368f5b1dfcd86cb2f5adfbecdf78da5ff563cbaa0c9d8e198f6bf346	v12/docs/perf-baselines/2026-07-15-error-reconcile-a-generality-compiled-02.json
untracked	supporting-performance-report	archive-supporting	14	858	85f0803551bc7213c7332183e1c66e072ddf39b71addba1f8a48d9e79291fbf9	v12/docs/perf-baselines/2026-07-15-error-reconcile-a-generality-compiled-02.md
untracked	raw-performance-evidence	archive-raw	463	15727	e6d6630e623dcb9f2dbb4770f090a134fe634089739a118b7d223a840ad1fe14	v12/docs/perf-baselines/2026-07-15-error-reconcile-a-generality-compiled-03.json
untracked	supporting-performance-report	archive-supporting	15	994	fb0f8c4d8310d8a2e005a16f70454fc62197bf34ac70ae539d943ff9e97c356f	v12/docs/perf-baselines/2026-07-15-error-reconcile-a-generality-compiled-03.md
untracked	raw-performance-evidence	archive-raw	457	15561	fd4f0828674577df891bf82176ee5042f7f680967ed31bda5ec94fc3c8fb7328	v12/docs/perf-baselines/2026-07-15-error-reconcile-a-generality-compiled-04.json
untracked	supporting-performance-report	archive-supporting	15	1018	833d0aa01cef40aedae441558574ef8560f051c560321ac0a7ae0682d74bc8c8	v12/docs/perf-baselines/2026-07-15-error-reconcile-a-generality-compiled-04.md
untracked	raw-performance-evidence	archive-raw	326	11241	8d1f8a44fec642bdfa665f9eb48e34514fb3f92071eb5cbe47ce3ec6c944a7a1	v12/docs/perf-baselines/2026-07-15-error-reconcile-a-generality-compiled-05.json
untracked	supporting-performance-report	archive-supporting	14	876	013e1b0d11ecf89cea4b03603893b60d071458088a1436611206f3df7784f961	v12/docs/perf-baselines/2026-07-15-error-reconcile-a-generality-compiled-05.md
untracked	raw-performance-evidence	archive-raw	318	10814	7eb186a43a418778c1119963a74b5bbe612d6778681bdcc9e1ed0f47d02f858c	v12/docs/perf-baselines/2026-07-15-error-reconcile-a-generality-compiled-06.json
untracked	supporting-performance-report	archive-supporting	14	860	09aab882401a6fbc7c468ecaa8c6a3bb9cc07cbdc8fb9dc41efa423c8b559a4f	v12/docs/perf-baselines/2026-07-15-error-reconcile-a-generality-compiled-06.md
untracked	raw-performance-evidence	archive-raw	705	23170	3add4e92fa142381ea3f897436aefcb4b527aea8f10f477c91c095747894e10a	v12/docs/perf-baselines/2026-07-15-error-reconcile-a-generality-go-reference.json
untracked	supporting-performance-report	archive-supporting	26	3614	27f171d74133d03737636abf1ab17db9d6a55154fd21174da921a916440d133d	v12/docs/perf-baselines/2026-07-15-error-reconcile-a-generality-go-reference.md
untracked	raw-performance-evidence	archive-raw	1500	49634	3fa6a8447fd9e046db68e86f09f4ad02b1a8c3885df77ccd564f65885052a9ad	v12/docs/perf-baselines/2026-07-15-error-reconcile-a-generality-interpreter-reference.json
untracked	supporting-performance-report	archive-supporting	42	7687	a6eba95f624999702bf67fc0c78d908ccce3c4cfa47f8a3f2483fea147e5064d	v12/docs/perf-baselines/2026-07-15-error-reconcile-a-generality-interpreter-reference.md
untracked	raw-performance-evidence	archive-raw	8	272	6f4ef53b7261070556c3fe0903ffcb29301d8398016a8476875945a6e5e7a401	v12/docs/perf-baselines/2026-07-15-error-reconcile-a-stdlib-source-state.json
untracked	governing-decision-record	reviewed-governing	113	5535	998db670af41fe1e7e18c76a019ca1587817ed72d08a23d5870f0c78bf3e6c79	v12/docs/perf-baselines/2026-07-15-error-reconciliation-scorecard-eligibility.md
untracked	governing-decision-record	reviewed-governing	79	4982	cbb7410505ac80e763ca74ff57aebb7a533a31bcc9d106904bdd2235624bf9ad	v12/docs/perf-baselines/2026-07-15-feature-scorecard-coverage-reconciliation.md
untracked	governing-decision-record	reviewed-governing	42	2131	9c7712dc26dbcc503c97b935f3f1e867d848c404daec4d25eb73f6d7bde31622	v12/docs/perf-baselines/2026-07-15-five-run-default-measurement-policy.md
untracked	raw-performance-evidence	archive-raw	132	3758	0839f70c320463c0ca0b0b0541bded388184b0fd99b15b664aaa7cc4bc173b8b	v12/docs/perf-baselines/2026-07-15-full-coverage-scorecard-async-bytecode-01.json
untracked	supporting-performance-report	archive-supporting	16	1197	a4bd4f9ff6ad2a06d626147022923b53e5ca4f8487d6c50b0309f241a892df4c	v12/docs/perf-baselines/2026-07-15-full-coverage-scorecard-async-bytecode-01.md
untracked	raw-performance-evidence	archive-raw	132	3784	0809ad501c254a6d21b6f63c4b9b913426a8dedb29dc1a8d1267a2a27ac94e71	v12/docs/perf-baselines/2026-07-15-full-coverage-scorecard-async-bytecode-02.json
untracked	supporting-performance-report	archive-supporting	16	1202	da8de7ec5fbb996d19ccddc1bd673c669fda076a0c95df3f22176b32d80cee17	v12/docs/perf-baselines/2026-07-15-full-coverage-scorecard-async-bytecode-02.md
untracked	raw-performance-evidence	archive-raw	116	3321	f97ec5be133d0c3bc6123853cb995d519ca02e117f54f0fcac5ddaa334288431	v12/docs/perf-baselines/2026-07-15-full-coverage-scorecard-async-compiled-01.json
untracked	supporting-performance-report	archive-supporting	16	1072	453dddd54859b935b82bfcadd9c004f138c4076e3099d9a2fda59ca602420283	v12/docs/perf-baselines/2026-07-15-full-coverage-scorecard-async-compiled-01.md
untracked	raw-performance-evidence	archive-raw	116	3309	cdf0a45fa3a171bc837c341ffb8767bbf83f125b62884fc7f84ea7d485edfbfd	v12/docs/perf-baselines/2026-07-15-full-coverage-scorecard-async-compiled-02.json
untracked	supporting-performance-report	archive-supporting	16	1077	dd539b6f1e2dbab9e8b3cc4ad553326d6a4674067c9f29dd8f8f60e882b0897a	v12/docs/perf-baselines/2026-07-15-full-coverage-scorecard-async-compiled-02.md
untracked	raw-performance-evidence	archive-raw	89	2667	ad6310529feef6f117203f07e9cfaac9c6642d4b2fdb3dac0597dabb30a86943	v12/docs/perf-baselines/2026-07-15-full-coverage-scorecard-async-go-reference.json
untracked	supporting-performance-report	archive-supporting	17	1123	5e080e3fdd97f3398e0de43cdec1c5323868619d186afff26d3f4ecebcd56dd3	v12/docs/perf-baselines/2026-07-15-full-coverage-scorecard-async-go-reference.md
untracked	raw-performance-evidence	archive-raw	214	6656	ded258633d32040d83fbdbd62dee972a8c927d07969896ea4b4032d0a252a035	v12/docs/perf-baselines/2026-07-15-full-coverage-scorecard-async-interpreter-reference.json
untracked	supporting-performance-report	archive-supporting	24	2336	4ed0e23427cf87b844337ff3498fb6d5393cf0a7f019440c11daf290b55bc9a9	v12/docs/perf-baselines/2026-07-15-full-coverage-scorecard-async-interpreter-reference.md
untracked	raw-performance-evidence	archive-raw	132	3771	d284783b9b808c4ea0d38ffc92ed3a15fb407fd978ca8598bf57d5009ac9383b	v12/docs/perf-baselines/2026-07-15-full-coverage-scorecard-coverage-extra-bytecode-01.json
untracked	supporting-performance-report	archive-supporting	16	1205	f3442fe82e1c8a648b410a871e824bda4f137ae5a89faa28342c77e30b636606	v12/docs/perf-baselines/2026-07-15-full-coverage-scorecard-coverage-extra-bytecode-01.md
untracked	raw-performance-evidence	archive-raw	130	3651	eb2e58958545f356555742e6c8f793aee9bf03e3221abf2498e3cae72bde98a4	v12/docs/perf-baselines/2026-07-15-full-coverage-scorecard-coverage-extra-bytecode-02.json
untracked	supporting-performance-report	archive-supporting	16	1138	c5835ddaa7989797d2757368298d07470d3944d2e6d40d26ec7a0e5f833ea934	v12/docs/perf-baselines/2026-07-15-full-coverage-scorecard-coverage-extra-bytecode-02.md
untracked	raw-performance-evidence	archive-raw	132	3808	7e1c5882fde2744785902c9adee758a2e572fb87425a71462de220e6b57018d4	v12/docs/perf-baselines/2026-07-15-full-coverage-scorecard-coverage-extra-bytecode-03.json
untracked	supporting-performance-report	archive-supporting	16	1222	2649b3b2717b144c28a473e2b9294006dbcc5629ae66d1a34d6b70bd7889fa2c	v12/docs/perf-baselines/2026-07-15-full-coverage-scorecard-coverage-extra-bytecode-03.md
untracked	raw-performance-evidence	archive-raw	58	1626	91355b74ffb85fc61b230c3856aab426188fe2b03b8011f85c62a34b84650384	v12/docs/perf-baselines/2026-07-15-full-coverage-scorecard-coverage-extra-bytecode-04.json
untracked	supporting-performance-report	archive-supporting	14	832	2ce0043520bec100ef66837bb841a74d6cdfaf1c061122ccf6224c32bb5f2960	v12/docs/perf-baselines/2026-07-15-full-coverage-scorecard-coverage-extra-bytecode-04.md
untracked	raw-performance-evidence	archive-raw	116	3328	fbb7087c1c782c96fb5232753f54955580ead49e848ba58435efa623d1270395	v12/docs/perf-baselines/2026-07-15-full-coverage-scorecard-coverage-extra-compiled-01.json
untracked	supporting-performance-report	archive-supporting	16	1079	c44a739360e6c0cc7209370d5e64926d953154cd02ecd808f42986e118b4f5d7	v12/docs/perf-baselines/2026-07-15-full-coverage-scorecard-coverage-extra-compiled-01.md
untracked	raw-performance-evidence	archive-raw	116	3312	04b88c06d83d72f6397fde7044519bb7339369b5b30ad1d6abea8de15472b7d4	v12/docs/perf-baselines/2026-07-15-full-coverage-scorecard-coverage-extra-compiled-02.json
untracked	supporting-performance-report	archive-supporting	16	1080	b5020ce0845ee1dc178c7fdada469a7fabaee0c47e5620d1f80ac5ef4a5fd54d	v12/docs/perf-baselines/2026-07-15-full-coverage-scorecard-coverage-extra-compiled-02.md
untracked	raw-performance-evidence	archive-raw	116	3355	05baa71a32d2efa8344489aa681716984b245c0343886fb3dd52bbbb75fc0f9e	v12/docs/perf-baselines/2026-07-15-full-coverage-scorecard-coverage-extra-compiled-03.json
untracked	supporting-performance-report	archive-supporting	16	1090	c12cdb0e2f7291bc70013ffbecdf60c286906e0dca906a42fa9291bca0360f4e	v12/docs/perf-baselines/2026-07-15-full-coverage-scorecard-coverage-extra-compiled-03.md
untracked	raw-performance-evidence	archive-raw	52	1460	dcde6eb97372ac124e80d268ce8bf9f808746b5c48a473f02249ff3d5be4b8ee	v12/docs/perf-baselines/2026-07-15-full-coverage-scorecard-coverage-extra-compiled-04.json
untracked	supporting-performance-report	archive-supporting	14	738	cacb6b16abc361cc1fc1d4b6a5eb7adf5930496e05603fc48b79172f081d2991	v12/docs/perf-baselines/2026-07-15-full-coverage-scorecard-coverage-extra-compiled-04.md
untracked	raw-performance-evidence	archive-raw	141	4273	209a8595840e1ee9c3f5c1756e3e4826306d9b5489f8195d771c424f6c4f6a9d	v12/docs/perf-baselines/2026-07-15-full-coverage-scorecard-coverage-extra-go-reference.json
untracked	supporting-performance-report	archive-supporting	21	1685	b5f947dfdf6bc961450bb4c355325e2787dd09ccf214912550c3f2e8498144f6	v12/docs/perf-baselines/2026-07-15-full-coverage-scorecard-coverage-extra-go-reference.md
untracked	raw-performance-evidence	archive-raw	342	10677	052a4d7aff6eb29f9bbffe5eb44e3ce7e35a8bff5438b49ddeba4eb0a8290d6a	v12/docs/perf-baselines/2026-07-15-full-coverage-scorecard-coverage-extra-interpreter-reference.json
untracked	supporting-performance-report	archive-supporting	32	3628	b35bd73b31a549cbf824b210bf18bbcb5c4b3f5dfc5bc3d3ddf6fd80cc116676	v12/docs/perf-baselines/2026-07-15-full-coverage-scorecard-coverage-extra-interpreter-reference.md
untracked	supporting-performance-report	archive-supporting	58	2837	34968dc1930b742c2def51a9d7347c7e2bb3c62cc078c90b8ca46898d968ea01	v12/docs/perf-baselines/2026-07-15-full-coverage-scorecard-decision.md
untracked	raw-performance-evidence	archive-raw	114	3128	32a55ed8d52271ba675be415d7571df556fce523856401d20375f5de5af7449a	v12/docs/perf-baselines/2026-07-15-full-coverage-scorecard-generality-bytecode-01.json
untracked	supporting-performance-report	archive-supporting	16	1088	ef08944b6e8c23e9525038cd9de28f02cf3176dd0c110a70fd675c34ad789f38	v12/docs/perf-baselines/2026-07-15-full-coverage-scorecard-generality-bytecode-01.md
untracked	raw-performance-evidence	archive-raw	126	3349	477a90e94c8fe1db83b806c0817d0d07a4262573db3efe2eded6eb39d00a8a35	v12/docs/perf-baselines/2026-07-15-full-coverage-scorecard-generality-bytecode-02.json
untracked	supporting-performance-report	archive-supporting	16	962	1378c83d3c9b186590bae50efc81c500e460e01a20b05ca5cad5815495513d49	v12/docs/perf-baselines/2026-07-15-full-coverage-scorecard-generality-bytecode-02.md
untracked	raw-performance-evidence	archive-raw	132	3680	5e3aee5dff4f5c9a6bae8a4147b91d36888ddcffe0927af23d93b6b073247c83	v12/docs/perf-baselines/2026-07-15-full-coverage-scorecard-generality-bytecode-03.json
untracked	supporting-performance-report	archive-supporting	16	1148	8181fb246fe718466bda4e42d7ecc58511c0d4c0a95f789c0d8733dc5d9e28b5	v12/docs/perf-baselines/2026-07-15-full-coverage-scorecard-generality-bytecode-03.md
untracked	raw-performance-evidence	archive-raw	132	3731	5c97313a5cde330ba240a266e8f5b0e3be90b754aacf9ac12451c3c8daa8593a	v12/docs/perf-baselines/2026-07-15-full-coverage-scorecard-generality-bytecode-04.json
untracked	supporting-performance-report	archive-supporting	16	1172	0db9daca9f3d56023e9a742d872c99286d851c5a0f068b6ef9026321f9695e7a	v12/docs/perf-baselines/2026-07-15-full-coverage-scorecard-generality-bytecode-04.md
untracked	raw-performance-evidence	archive-raw	95	2702	a92aaf92427c51253b9da8a451a9828ba0554a00f2b737af193d5ef92c501c57	v12/docs/perf-baselines/2026-07-15-full-coverage-scorecard-generality-bytecode-05.json
untracked	supporting-performance-report	archive-supporting	15	1032	0af69009d8db5ba9c25743bb328746f06514f0d35169ad8257d43094440a6123	v12/docs/perf-baselines/2026-07-15-full-coverage-scorecard-generality-bytecode-05.md
untracked	raw-performance-evidence	archive-raw	80	2124	2fc74276ff6e1334a485006133f08404e4b5d3dbf7db80fb48664fda25f71186	v12/docs/perf-baselines/2026-07-15-full-coverage-scorecard-generality-bytecode-06.json
untracked	supporting-performance-report	archive-supporting	15	854	a38ba98f1f67b7ef68922dc12a79769a6f80910f51b269690e43515def9c1eda	v12/docs/perf-baselines/2026-07-15-full-coverage-scorecard-generality-bytecode-06.md
untracked	raw-performance-evidence	archive-raw	116	3257	111c6d97f559b9ae46cf3aede130b76f0dfd9c1189f0b502dd3028a2a5ea78df	v12/docs/perf-baselines/2026-07-15-full-coverage-scorecard-generality-compiled-01.json
untracked	supporting-performance-report	archive-supporting	16	1039	fe47d853c897f7c2005aaddd83c45440b06e3d0148c2d193360719cd5252e9d3	v12/docs/perf-baselines/2026-07-15-full-coverage-scorecard-generality-compiled-01.md
untracked	raw-performance-evidence	archive-raw	114	3147	452203d4807d416af6c91a9078b4f2e6afb4d274e250f15a985fb39c8b26132a	v12/docs/perf-baselines/2026-07-15-full-coverage-scorecard-generality-compiled-02.json
untracked	supporting-performance-report	archive-supporting	16	970	07f0af39c546c9ca3983beaf2a5dbcb0130852c6e3d5698d4f077c4e492c4368	v12/docs/perf-baselines/2026-07-15-full-coverage-scorecard-generality-compiled-02.md
untracked	raw-performance-evidence	archive-raw	116	3223	627d23a425b4b77b3f579c6505bb4138f6feed49548fd17cc8301364227e34e2	v12/docs/perf-baselines/2026-07-15-full-coverage-scorecard-generality-compiled-03.json
untracked	supporting-performance-report	archive-supporting	16	1021	c027af47b863bac2dd03844fae4ab6ec2b32161d115eeafb823a6c8875ba51bb	v12/docs/perf-baselines/2026-07-15-full-coverage-scorecard-generality-compiled-03.md
untracked	raw-performance-evidence	archive-raw	116	3275	9d984f94ca5beb19069ef9e31d11625745d0e8266114b24c723335b773ea0501	v12/docs/perf-baselines/2026-07-15-full-coverage-scorecard-generality-compiled-04.json
untracked	supporting-performance-report	archive-supporting	16	1045	3637b29fb83685c4ae0cb5c9a47e2404bf0fa91d9c0475d601a9e8d3729aab84	v12/docs/perf-baselines/2026-07-15-full-coverage-scorecard-generality-compiled-04.md
untracked	raw-performance-evidence	archive-raw	84	2387	800d77ed5e628ad2aa46e7cdc421053866cde93b0da2440593fc3a90596edb79	v12/docs/perf-baselines/2026-07-15-full-coverage-scorecard-generality-compiled-05.json
untracked	supporting-performance-report	archive-supporting	15	903	de2f01cd93743a3b9b5602937208fbf0aaeac3f5151b293a98ad4c7f492fb13d	v12/docs/perf-baselines/2026-07-15-full-coverage-scorecard-generality-compiled-05.md
untracked	raw-performance-evidence	archive-raw	84	2356	0c10f5727a67bf96b188b8574f2198cb0d40345e2e18f616aa9f5af0357990dd	v12/docs/perf-baselines/2026-07-15-full-coverage-scorecard-generality-compiled-06.json
untracked	supporting-performance-report	archive-supporting	15	887	5617b71b5d3653ee4e38a08384d8bcbdaed732808cb09db7d877fbca7956dc8b	v12/docs/perf-baselines/2026-07-15-full-coverage-scorecard-generality-compiled-06.md
untracked	raw-performance-evidence	archive-raw	221	6643	76e8004ec39442b14e7e5af1cc0844dd91278349897530da23ae38e589c01767	v12/docs/perf-baselines/2026-07-15-full-coverage-scorecard-generality-go-reference.json
untracked	supporting-performance-report	archive-supporting	27	2586	dc259980449f2f63f728692d32933b21eea7fdc20068fa4cc619c84cb1b27c7c	v12/docs/perf-baselines/2026-07-15-full-coverage-scorecard-generality-go-reference.md
untracked	raw-performance-evidence	archive-raw	528	16302	0512b92651d88212ca51dce2f104c38c41367b6bd8be0ee083ea3fbf9e99c176	v12/docs/perf-baselines/2026-07-15-full-coverage-scorecard-generality-interpreter-reference.json
untracked	supporting-performance-report	archive-supporting	44	5371	c887afe2879a37e09500f67f8b7adcf0a336c07356d3531456d39a9fbc09bbeb	v12/docs/perf-baselines/2026-07-15-full-coverage-scorecard-generality-interpreter-reference.md
untracked	governing-decision-record	reviewed-governing	42	3212	0ed8770b0deb39e73d3840a71284ed710fa2558c96aa35fa763fd7b98d30d360	v12/docs/perf-baselines/2026-07-15-full-coverage-scorecard-historical-reconciliation.md
untracked	raw-performance-evidence	archive-raw	78	90380	8f47af5152a1870665c75132a40cf436b2adf0b2feaf10ad68dfd183e7348ea8	v12/docs/perf-baselines/2026-07-15-full-coverage-scorecard-option-result-reconciled.json
untracked	supporting-performance-report	archive-supporting	124	12357	599f38630b9d4171d99e1adc6239bbc8328d242290a142ebb3be94c213cb5005	v12/docs/perf-baselines/2026-07-15-full-coverage-scorecard-option-result-reconciled.md
untracked	raw-performance-evidence	archive-raw	76	31920	72b35b5ea2660131802aa402e3a5ff0abb816287071165b4e7601f6b42522d1f	v12/docs/perf-baselines/2026-07-15-full-coverage-scorecard-refresh.json
untracked	supporting-performance-report	archive-supporting	117	10741	522437bb7e42af31d06060050a8a26d8c77dde08fb88974890870e79c71e35db	v12/docs/perf-baselines/2026-07-15-full-coverage-scorecard-refresh.md
untracked	governing-decision-record	reviewed-governing	70	3348	b03fad5a35011cc6d6da6d24e6510bce586c7db5ac23f5c5131bcfb46c383762	v12/docs/perf-baselines/2026-07-15-generic-interface-default-coverage-audit.md
untracked	governing-decision-record	reviewed-governing	78	3415	63e45ef1d235441a8d7c0f0510dee33e05e51e2049f91255dbc6467bd559306f	v12/docs/perf-baselines/2026-07-15-interface-default-external-guard-decision.md
untracked	raw-performance-evidence	archive-raw	213	7158	4f253319da66c81e68ab47c88d6d754a3fc7e041c1420522375e8e9a89b72ee5	v12/docs/perf-baselines/2026-07-15-interface-default-external-guard.json
untracked	supporting-performance-report	archive-supporting	15	1215	8e89f8b8c8dceeeef64bc9fff0d590f594c56f1a58f7a75e1afd0a4cfd63d374	v12/docs/perf-baselines/2026-07-15-interface-default-external-guard.md
untracked	supporting-performance-report	archive-supporting	13	796	eb052af5bc23f080c3d6ae749f54031223f3a3d2a62d03735f53c273f076202c	v12/docs/perf-baselines/2026-07-15-k-nucleotide-bytecode-selection-eligibility-comparison.md
untracked	raw-performance-evidence	archive-raw	21	681	89ce820587bcf7bf90bd0abc4d3d342913f782b7ec9d6e3cbea8bde3e72e94d4	v12/docs/perf-baselines/2026-07-15-k-nucleotide-bytecode-selection-eligibility-contract.json
untracked	raw-performance-evidence	archive-raw	111	3262	487c88e2c23da37a8331eda2b8143116c080f39f23a55a82f7349165905e8bc2	v12/docs/perf-baselines/2026-07-15-k-nucleotide-bytecode-selection-eligibility-variance.json
untracked	supporting-performance-report	archive-supporting	13	1039	f8a6fb66dc2033fe37cb458499fec8ff06e2b4ad571b1bce3b07015477d45165	v12/docs/perf-baselines/2026-07-15-k-nucleotide-bytecode-selection-eligibility-variance.md
untracked	raw-performance-evidence	archive-raw	216	7469	762c44e9a90f421dff8a38bae70873d53344b9478af867c9af18e66a95daa77e	v12/docs/perf-baselines/2026-07-15-k-nucleotide-bytecode-selection-eligibility.json
untracked	governing-decision-record	reviewed-governing	93	4043	85af44751033553c4f1acd726fedbd11a6b7afe29405ab30a7f475fd7ef1e7f1	v12/docs/perf-baselines/2026-07-15-k-nucleotide-bytecode-selection-eligibility.md
untracked	governing-decision-record	reviewed-governing	126	5544	7e1e83d8a4487ae6273bf0b05f8f0093b2c356a9f66c9a3806aca845e38a3d2a	v12/docs/perf-baselines/2026-07-15-mode-aware-scorecard-selection-manifest.md
untracked	governing-decision-record	reviewed-governing	45	2251	7ec6fc0de1147b12c537cc8320d5bc86bc4c1e64b9847e585dd5aa108b0a5887	v12/docs/perf-baselines/2026-07-15-option-result-config-application-coverage.md
untracked	raw-performance-evidence	archive-raw	41	1145	5484d97d3d68849ced4447d8f11a1fbc3fd0f232dffcc4ecda27e68ee75310fc	v12/docs/perf-baselines/2026-07-15-option-result-config-bytecode-runtime-cpu-profile.json
untracked	raw-performance-evidence	archive-raw	41	1145	84e58476b287f2b3852d052aa0e1af4708ea0c43a5291acc25fead77f8b48fa5	v12/docs/perf-baselines/2026-07-15-option-result-config-bytecode-runtime-profile.json
untracked	governing-decision-record	reviewed-governing	113	6306	d9d7db63246f0fcee53ac2a21471582a6ce11ff00c827a47e2c25e3eef07f01a	v12/docs/perf-baselines/2026-07-15-option-result-config-compiled-profile-gate.md
untracked	raw-performance-evidence	archive-raw	25	754	5a14becb5bd4921a2341546c93f318b1075cdc8e4ea9d3ace1b047581ce40e08	v12/docs/perf-baselines/2026-07-15-option-result-config-go-reference.json
untracked	supporting-performance-report	archive-supporting	12	513	a7393b560dedddfec371b9cbcae79e6ee2fd01985bbf381597dc622b372c39d8	v12/docs/perf-baselines/2026-07-15-option-result-config-go-reference.md
untracked	raw-performance-evidence	archive-raw	56	1823	6baf87002a6b3ab55a91a8ba9468704b8e75c08e179a1d81569f3371c5d4146f	v12/docs/perf-baselines/2026-07-15-option-result-config-interpreter-reference.json
untracked	supporting-performance-report	archive-supporting	14	884	ffe67a7c16124864b2e816c29e5352aeb8dfa214d207f10900fc14a00285fb05	v12/docs/perf-baselines/2026-07-15-option-result-config-interpreter-reference.md
untracked	governing-decision-record	reviewed-governing	96	4702	18907be88672b688388e5a3227d46248a64e30996ac1bef1f9db4d47a4f75caa	v12/docs/perf-baselines/2026-07-15-option-result-config-profile-gate.md
untracked	raw-performance-evidence	archive-raw	338	12242	b57bdf4bd5c1894425ec993aa9df684e884b87dd71264f05fb6910a33c62dfca	v12/docs/perf-baselines/2026-07-15-option-result-config-three-application-comparison.json
untracked	supporting-performance-report	archive-supporting	20	1937	79df5a54eee35b8ad3ff9c9c3f7a84e67067544de71c9e1aae627c3fe7babca8	v12/docs/perf-baselines/2026-07-15-option-result-config-three-application-comparison.md
untracked	raw-performance-evidence	archive-raw	25	754	e34a501ae68e26ed90b484b770aad7eca6bed53f25ebc92c3ca8f5cd1f93d62c	v12/docs/perf-baselines/2026-07-15-option-result-scorecard-coverage-go-reference.json
untracked	supporting-performance-report	archive-supporting	12	516	633dc77126cdeca8265fb2612c3508a4905e111852f5d26750708135d5ef855a	v12/docs/perf-baselines/2026-07-15-option-result-scorecard-coverage-go-reference.md
untracked	raw-performance-evidence	archive-raw	56	1824	dd3fbefcde06cc743a9d8068d7336f064e1217d57fed5f1983e81f774a536500	v12/docs/perf-baselines/2026-07-15-option-result-scorecard-coverage-interpreter-reference.json
untracked	supporting-performance-report	archive-supporting	14	887	c4abe75ef451e0e5f5875695a9a54cfffdc4f6be3aa47ee662f6204bbbf84d7f	v12/docs/perf-baselines/2026-07-15-option-result-scorecard-coverage-interpreter-reference.md
untracked	raw-performance-evidence	archive-raw	164	6154	59d38f68ab09ad03150d31ecd65eace610dd50a17f5305fd171fc969b42a31bd	v12/docs/perf-baselines/2026-07-15-option-result-scorecard-coverage-postfix.json
untracked	supporting-performance-report	archive-supporting	15	1225	28409383206446e20112c8716ad4029cc0aa8cb9b14034c922614217e83c0bf8	v12/docs/perf-baselines/2026-07-15-option-result-scorecard-coverage-postfix.md
untracked	raw-performance-evidence	archive-raw	162	6022	f1cf4363f61569471bbc06e32b7fbb16082e98326ce308e303f5b9697db75447	v12/docs/perf-baselines/2026-07-15-option-result-scorecard-coverage.json
untracked	supporting-performance-report	archive-supporting	15	1147	45e5e3efb7c6ff254cf3a5fa8e3de6e9f621a7ce9c0ebe584472f783b9911643	v12/docs/perf-baselines/2026-07-15-option-result-scorecard-coverage.md
untracked	governing-decision-record	reviewed-governing	60	2465	64d97bd8c762f9a5fd774f0f51a7b8ac51625d690f301021238581059a78d5a6	v12/docs/perf-baselines/2026-07-15-option-result-scorecard-reconciliation.md
untracked	governing-decision-record	reviewed-governing	49	2523	dfe4e199cfa3d0d8c2c24177c631d81756c4b58442fd3ae56537cca9254442f1	v12/docs/perf-baselines/2026-07-15-per-run-sample-retention.md
untracked	raw-performance-evidence	archive-raw	132	3773	a184932e756b6c3ef853ced608ce3bf638db6cfd81e8488ba1309440f97aed2a	v12/docs/perf-baselines/2026-07-15-post-extern-source-selection-async-bytecode-01.json
untracked	supporting-performance-report	archive-supporting	16	1202	6a2166e94d0d9978aa703c9dc7d0d690fd5f41ed334b686ca51d360ca0727ff1	v12/docs/perf-baselines/2026-07-15-post-extern-source-selection-async-bytecode-01.md
untracked	raw-performance-evidence	archive-raw	132	3779	9d8730c15f9930d542a55beda01b18649e91592c4fbac9934c793fed8bc3a40c	v12/docs/perf-baselines/2026-07-15-post-extern-source-selection-async-bytecode-02.json
untracked	supporting-performance-report	archive-supporting	16	1207	cb110a2195fec63ffc5d392c0095b30e74849a3e66f021f6976d814a3a2ad629	v12/docs/perf-baselines/2026-07-15-post-extern-source-selection-async-bytecode-02.md
untracked	raw-performance-evidence	archive-raw	116	3314	064237c44256df036bd02dd740d515b2510353c2d718136a3b340a27fd53a8e2	v12/docs/perf-baselines/2026-07-15-post-extern-source-selection-async-compiled-01.json
untracked	supporting-performance-report	archive-supporting	16	1078	f6dc47682b48a59a1d6089e017fee4bb95876249fb7daa513e32161ac06c5cab	v12/docs/perf-baselines/2026-07-15-post-extern-source-selection-async-compiled-01.md
untracked	raw-performance-evidence	archive-raw	116	3321	43e26702e7906d6e5b4bce5516daafa5d52b272ab4298ad72ef6fbf038c02c43	v12/docs/perf-baselines/2026-07-15-post-extern-source-selection-async-compiled-02.json
untracked	supporting-performance-report	archive-supporting	16	1082	8384feb45d53ceff8f87434ba5d3f09b3e7113cf35bfb68d336739d4d1957451	v12/docs/perf-baselines/2026-07-15-post-extern-source-selection-async-compiled-02.md
untracked	raw-performance-evidence	archive-raw	89	2667	531b50a3cba4a27f5544153eb73f2757d98242185bdf802a86e796452dcad957	v12/docs/perf-baselines/2026-07-15-post-extern-source-selection-async-go-reference.json
untracked	supporting-performance-report	archive-supporting	17	1123	52ca6486b778f934e09e12d04f9e982037a95370974dac2f713446fc955f9fba	v12/docs/perf-baselines/2026-07-15-post-extern-source-selection-async-go-reference.md
untracked	raw-performance-evidence	archive-raw	214	6658	c39a8adb5ec33075c9d491ca4661bf24eb352f45b48f9c7e107db9fd29add89a	v12/docs/perf-baselines/2026-07-15-post-extern-source-selection-async-interpreter-reference.json
untracked	supporting-performance-report	archive-supporting	24	2336	0b64183ca0812c0b15bb0abd96cf91adf87c40ffd50ee34730938f096202369c	v12/docs/perf-baselines/2026-07-15-post-extern-source-selection-async-interpreter-reference.md
untracked	raw-performance-evidence	archive-raw	114	3128	c29c87d13579e76cbc69c736454bcb10fb704c4329db8e7ed5eb5eae021c88bf	v12/docs/perf-baselines/2026-07-15-post-extern-source-selection-generality-bytecode-01.json
untracked	supporting-performance-report	archive-supporting	16	1093	e416d99ef1136e0ce86edfa593aa2623cea2c521b2a9b75d4b1039c373730eef	v12/docs/perf-baselines/2026-07-15-post-extern-source-selection-generality-bytecode-01.md
untracked	raw-performance-evidence	archive-raw	126	3354	e12fd86ee4df4ff2784dcdd82f34952ddbc8152e3ccf91bca1104af9b3dc2364	v12/docs/perf-baselines/2026-07-15-post-extern-source-selection-generality-bytecode-02.json
untracked	supporting-performance-report	archive-supporting	16	967	1d15d11d5bc7a80e42fd2876d7488f7f61f09e42306d561d82d44d42d46c5e43	v12/docs/perf-baselines/2026-07-15-post-extern-source-selection-generality-bytecode-02.md
untracked	raw-performance-evidence	archive-raw	132	3674	5f432cc0ac228e02bd31bd706471e54ec9dc62e5ab3bd0a89142b9969b8865c2	v12/docs/perf-baselines/2026-07-15-post-extern-source-selection-generality-bytecode-03.json
untracked	supporting-performance-report	archive-supporting	16	1153	77407b2c72b68cbc4f9934f48db9310c13378b38abd352b4e80efddc139f3f0d	v12/docs/perf-baselines/2026-07-15-post-extern-source-selection-generality-bytecode-03.md
untracked	raw-performance-evidence	archive-raw	132	3728	168fdc8a132e3dea7753ccb5f95b36f5619973c6db667a6dfcf25d0f1e9d937c	v12/docs/perf-baselines/2026-07-15-post-extern-source-selection-generality-bytecode-04.json
untracked	supporting-performance-report	archive-supporting	16	1178	9fd5a1ad04808c59ecb6e81750dc8d731a645d08bece163c61a69fe0334c1278	v12/docs/perf-baselines/2026-07-15-post-extern-source-selection-generality-bytecode-04.md
untracked	raw-performance-evidence	archive-raw	95	2704	4a95855b53c6122ac097701d5b3b955588b01c31e75678db5c52d9d8d1041d5a	v12/docs/perf-baselines/2026-07-15-post-extern-source-selection-generality-bytecode-05.json
untracked	supporting-performance-report	archive-supporting	15	1023	c70bab464442c04359ffa28a1cb328000daf30a7e383ca9330fd63e8cd2e7620	v12/docs/perf-baselines/2026-07-15-post-extern-source-selection-generality-bytecode-05.md
untracked	raw-performance-evidence	archive-raw	80	2129	6c56ce242bd92802791680d4ad17537dc1c07961f679f6c00bb6d2de32af7a01	v12/docs/perf-baselines/2026-07-15-post-extern-source-selection-generality-bytecode-06.json
untracked	supporting-performance-report	archive-supporting	15	859	fef80c5c6286652a8292a3710f833ec7411f7cb9b7e8f8b3b1f188701048f775	v12/docs/perf-baselines/2026-07-15-post-extern-source-selection-generality-bytecode-06.md
untracked	raw-performance-evidence	archive-raw	116	3250	fbc9344f2915a2c085438879c41bacc707c480c04fa603b4dbbf5e2517a4432f	v12/docs/perf-baselines/2026-07-15-post-extern-source-selection-generality-compiled-01.json
untracked	supporting-performance-report	archive-supporting	16	1044	e0bfc5d7efdaff63fe9f883588579879d7170b96c974ba626ba71b79231013f4	v12/docs/perf-baselines/2026-07-15-post-extern-source-selection-generality-compiled-01.md
untracked	raw-performance-evidence	archive-raw	114	3141	3a3913667edb486263dbbcfc0eae4910ca057911f1a9db882ca246f394a65856	v12/docs/perf-baselines/2026-07-15-post-extern-source-selection-generality-compiled-02.json
untracked	supporting-performance-report	archive-supporting	16	975	d36cd1d658b07ac46e37309fd2f8e760a7762c48955b9eaff5d129f17209bee2	v12/docs/perf-baselines/2026-07-15-post-extern-source-selection-generality-compiled-02.md
untracked	raw-performance-evidence	archive-raw	116	3215	5e2ca81a636caa26adb268560ff4bd4ee4612eba2d5653f6d057051cf52566fa	v12/docs/perf-baselines/2026-07-15-post-extern-source-selection-generality-compiled-03.json
untracked	supporting-performance-report	archive-supporting	16	1026	9d53bd019c1c073860e5d09dea507ced61e1fa655d7ec0d01aafa36eb979dd7d	v12/docs/perf-baselines/2026-07-15-post-extern-source-selection-generality-compiled-03.md
untracked	raw-performance-evidence	archive-raw	116	3263	334b29fb673bcbfbb5fcb986e3065c6b46ac6984d1e8ad2f89d0f744bc0991f6	v12/docs/perf-baselines/2026-07-15-post-extern-source-selection-generality-compiled-04.json
untracked	supporting-performance-report	archive-supporting	16	1050	ef89732117d46581587b05a3a04b568a12e125e1ad0688d3ad1c6e5158ba631b	v12/docs/perf-baselines/2026-07-15-post-extern-source-selection-generality-compiled-04.md
untracked	raw-performance-evidence	archive-raw	84	2385	1aca825e7572376ac69ae0b2c69831eb26afd949603d0051896b96f360782607	v12/docs/perf-baselines/2026-07-15-post-extern-source-selection-generality-compiled-05.json
untracked	supporting-performance-report	archive-supporting	15	908	e46a6bab28577180be0e989333d98c99e6ad5a4dc058ee42d1a21e004674d77d	v12/docs/perf-baselines/2026-07-15-post-extern-source-selection-generality-compiled-05.md
untracked	raw-performance-evidence	archive-raw	84	2354	b2e2142bdae35d5b7dff5e3925ea55500e0e951e16ed4cbced2b0528913b67d8	v12/docs/perf-baselines/2026-07-15-post-extern-source-selection-generality-compiled-06.json
untracked	supporting-performance-report	archive-supporting	15	892	65078aa7bb398baf3c9cbf5e920e00725c528e70e7296e4c5ff40ce0a2bb4f1a	v12/docs/perf-baselines/2026-07-15-post-extern-source-selection-generality-compiled-06.md
untracked	raw-performance-evidence	archive-raw	219	6473	03190ab26c3ba090eae81adb1efe2fb12ba6ea7804630410b8b738970450fee7	v12/docs/perf-baselines/2026-07-15-post-extern-source-selection-generality-go-reference.json
untracked	supporting-performance-report	archive-supporting	27	2439	745ad341e9be1666fd0367399ad77e70297af2b3e214808b3e82e541a7e10713	v12/docs/perf-baselines/2026-07-15-post-extern-source-selection-generality-go-reference.md
untracked	raw-performance-evidence	archive-raw	524	15963	3565aaf5b5ff2ea7fdd6d1801d615ee9fcdc8993e2e69b1d16261d81fb9b902b	v12/docs/perf-baselines/2026-07-15-post-extern-source-selection-generality-interpreter-reference.json
untracked	supporting-performance-report	archive-supporting	44	5078	78c540553a3176ed41e40906ce89adaa61c0efd214214650420a984b844b7dbf	v12/docs/perf-baselines/2026-07-15-post-extern-source-selection-generality-interpreter-reference.md
untracked	raw-performance-evidence	archive-raw	56	21800	ee3c6cb80866775be9b489fc4b65b560f298361e1dc9c793b418d731a2891feb	v12/docs/perf-baselines/2026-07-15-post-extern-source-selection-refresh.json
untracked	supporting-performance-report	archive-supporting	89	7647	d85dc49a05170280e462d87fe54cfdc9abf076398a4c72eccb71399d6f0bccca	v12/docs/perf-baselines/2026-07-15-post-extern-source-selection-refresh.md
untracked	supporting-performance-report	archive-supporting	55	2771	d6cdad87b03774137f1464452537e294dbe192d703c93156be47c1b8c8bbbb32	v12/docs/perf-baselines/2026-07-15-post-extern-source-selection-scorecard-decision.md
untracked	governing-decision-record	reviewed-governing	53	2117	245da555086f9931805a035a2dd28d20212530ca825fa8dee16377c89b2776a0	v12/docs/perf-baselines/2026-07-15-scoreboard-unranked-reason-transparency.md
untracked	governing-decision-record	reviewed-governing	59	2619	d93474ca6f532d24e65aef6510f82691a8f97da9ebe288de2b59e11536e34c79	v12/docs/perf-baselines/2026-07-15-scorecard-reference-source-fingerprints.md
untracked	governing-decision-record	reviewed-governing	63	2595	52a78e878c9f473b0266d9aef6a7a812fa25dda05eede582bd4ea61b69978e39	v12/docs/perf-baselines/2026-07-15-scorecard-source-fingerprints.md
untracked	governing-decision-record	reviewed-governing	44	2088	7719a5576649cbd03738f9e21af985fa9ca1271eba17b94b6bed1b2f5e9cc8eb	v12/docs/perf-baselines/2026-07-15-scorecard-verifier-input-fingerprints.md
untracked	raw-performance-evidence	archive-raw	590	20707	0c11a5825a2c69c0e001dcbece3450e665bed70a9623828cff812abdf317962a	v12/docs/perf-baselines/2026-07-15-strict-cohort-a-async-bytecode-01.json
untracked	supporting-performance-report	archive-supporting	15	1168	8dbeb0fcdc4c8bec4c3cd4b5777f3ec6cb4266a31ddb6ae1c6586722456fe315	v12/docs/perf-baselines/2026-07-15-strict-cohort-a-async-bytecode-01.md
untracked	raw-performance-evidence	archive-raw	582	20424	45c790bffa0ce674ff02512a8a6e21fb3435ffab85e1b344489dec9dacbfc7e2	v12/docs/perf-baselines/2026-07-15-strict-cohort-a-async-bytecode-02.json
untracked	supporting-performance-report	archive-supporting	15	1173	ffd0d08b52abd948d5656efe32ca39c1f18813b08203dd069df454a537dbf09e	v12/docs/perf-baselines/2026-07-15-strict-cohort-a-async-bytecode-02.md
untracked	raw-performance-evidence	archive-raw	463	15932	3a567ff66eaf8dcc0bb7553c4ddd23fccc4109d606febe042ae34659b731a187	v12/docs/perf-baselines/2026-07-15-strict-cohort-a-async-compiled-01.json
untracked	supporting-performance-report	archive-supporting	15	1044	ddf0c4b6bf48838a2bd88a8ed176eecd2ce50a91c0252ca066b2e06f4c992c7b	v12/docs/perf-baselines/2026-07-15-strict-cohort-a-async-compiled-01.md
