state	family	disposition	lines	bytes	sha256	path
untracked	raw-performance-evidence	archive-raw	397	13663	66ce3291b68f4d8fc7fb5b1652ebf43804756f143a2aaa42eecb83e5e5c63d19	v12/docs/perf-baselines/2026-07-20-wide-integer-records-cohort-b.json
untracked	supporting-performance-report	archive-supporting	16	1245	9a75c19bc15ccd282a5ddb141f826215d667d84a297e7e4b6fbe76abe636cfcd	v12/docs/perf-baselines/2026-07-20-wide-integer-records-cohort-b.md
untracked	raw-performance-evidence	archive-raw	874	30275	c9db7ae6c00845431b3b960d8fefe72e54ddd2912651512a50421084585ea52b	v12/docs/perf-baselines/2026-07-20-wide-integer-records-coverage-extra-bytecode-01-selected.json
untracked	supporting-performance-report	archive-supporting	17	1454	87100059c35fc7ce53519594bbfb03e4f7a46425a7d53beb96ee90ccfb02c0ec	v12/docs/perf-baselines/2026-07-20-wide-integer-records-coverage-extra-bytecode-01-selected.md
untracked	raw-performance-evidence	archive-raw	679	23525	be3311efbdfa4662bbe0731e7bd0e783bddb6418f1d5fad7c24e4a0f28466400	v12/docs/perf-baselines/2026-07-20-wide-integer-records-coverage-extra-bytecode-02-selected.json
untracked	supporting-performance-report	archive-supporting	16	1259	1a533937a6d5e9e61905088b0bee997078737edd5fecf1ac2a86e4c89e401b7e	v12/docs/perf-baselines/2026-07-20-wide-integer-records-coverage-extra-bytecode-02-selected.md
untracked	raw-performance-evidence	archive-raw	671	23274	d00fb2dddab39dbd1251ce617ffcc498e8d714247cf3292ad579f90e187471f0	v12/docs/perf-baselines/2026-07-20-wide-integer-records-coverage-extra-bytecode-03-selected.json
untracked	supporting-performance-report	archive-supporting	16	1272	5821022dbca97568e1bdf242cf3ecd1e985768b9746b5923880cb0a7fcbca08a	v12/docs/perf-baselines/2026-07-20-wide-integer-records-coverage-extra-bytecode-03-selected.md
untracked	raw-performance-evidence	archive-raw	866	30145	6db6f86439e96eca76be79c71ca01b54ed4701a215b97c723ec04942cc18910f	v12/docs/perf-baselines/2026-07-20-wide-integer-records-coverage-extra-bytecode-04-selected.json
untracked	supporting-performance-report	archive-supporting	17	1490	fb87a6389ba10b8017d7d65ba41ea115f869fe13beee29bc12a896e53bb9dd51	v12/docs/perf-baselines/2026-07-20-wide-integer-records-coverage-extra-bytecode-04-selected.md
untracked	raw-performance-evidence	archive-raw	681	23157	0fbe254efddd28138aab361ad5b7403697a3c14e77c427e4f1677542c00d61ae	v12/docs/perf-baselines/2026-07-20-wide-integer-records-coverage-extra-compiled-01-selected.json
untracked	supporting-performance-report	archive-supporting	17	1296	352f892a566ce87e1b76a8140aab5fb3953fc374b53ff4ecd0152b8e800089f0	v12/docs/perf-baselines/2026-07-20-wide-integer-records-coverage-extra-compiled-01-selected.md
untracked	raw-performance-evidence	archive-raw	534	18142	6cd7378f665436ccfa206821a53dccb6d05c309a63399527bafada07744cdf2f	v12/docs/perf-baselines/2026-07-20-wide-integer-records-coverage-extra-compiled-02-selected.json
untracked	supporting-performance-report	archive-supporting	16	1121	6764c15dfead679c9e96c9a6116dd81d79f0420d51f99d029dc8e8aa8e3e0da7	v12/docs/perf-baselines/2026-07-20-wide-integer-records-coverage-extra-compiled-02-selected.md
untracked	raw-performance-evidence	archive-raw	526	17895	8f1bc8c21584d1c8c460135938a75f59ae8a4c25c1c4aaecb3363916d8d8e69a	v12/docs/perf-baselines/2026-07-20-wide-integer-records-coverage-extra-compiled-03-selected.json
untracked	supporting-performance-report	archive-supporting	16	1131	f5c2ab42d6671741b690e799cdabb062ee56e95df3220dc6ab2757b2926ac3ab	v12/docs/perf-baselines/2026-07-20-wide-integer-records-coverage-extra-compiled-03-selected.md
untracked	raw-performance-evidence	archive-raw	673	22990	a2d88869cda16ea90ff2cd25777d25968e4d6df6e66f7ca5485a64e29ed99b7d	v12/docs/perf-baselines/2026-07-20-wide-integer-records-coverage-extra-compiled-04-selected.json
untracked	supporting-performance-report	archive-supporting	17	1333	097b7cd932171faeddd85bc5717175e86ca45371c787b87af0717431ccf0b5c1	v12/docs/perf-baselines/2026-07-20-wide-integer-records-coverage-extra-compiled-04-selected.md
untracked	raw-performance-evidence	archive-raw	740	23919	8693f05856f8b526002c7fc1f2c9c8b1db19b151c7bc618176b21e18911ea94b	v12/docs/perf-baselines/2026-07-20-wide-integer-records-coverage-extra-go-reference.json
untracked	supporting-performance-report	archive-supporting	25	3255	7b54e8f22536bcfa65bbe6a7643eacd6bcae78a4dab566df30ed742bc9307f59	v12/docs/perf-baselines/2026-07-20-wide-integer-records-coverage-extra-go-reference.md
untracked	raw-performance-evidence	archive-raw	1563	50746	ca392480046eee5213a85d6ac1041599cdea155cc5315b51fdb916838c40ae7e	v12/docs/perf-baselines/2026-07-20-wide-integer-records-coverage-extra-interpreter-reference-selected.json
untracked	supporting-performance-report	archive-supporting	40	6913	0e80a88fe94e679f734e034ed747b10bb6770c722de40764352a22ae466db2b0	v12/docs/perf-baselines/2026-07-20-wide-integer-records-coverage-extra-interpreter-reference-selected.md
untracked	raw-performance-evidence	archive-raw	367	12114	d61fb0a94402922e39868a0bfc1a30a2d9bd5af75da3c83f589392c8c4bff449	v12/docs/perf-baselines/2026-07-20-wide-integer-records-generality-bytecode-01-status.json
untracked	supporting-performance-report	archive-supporting	16	1150	344357a3af5eabe4235e6b588e00922542abf22fac63215a916c98bda64fc3c9	v12/docs/perf-baselines/2026-07-20-wide-integer-records-generality-bytecode-01-status.md
untracked	raw-performance-evidence	archive-raw	248	8048	ba8cbe031bf60a4db1707918d112d95d51460269d42b8acaa6973ed1071bf358	v12/docs/perf-baselines/2026-07-20-wide-integer-records-generality-bytecode-02-status.json
untracked	supporting-performance-report	archive-supporting	15	910	8ebdabac699cd41920f04f2de4274315a7740fddbddefe720a1debedda4ea406	v12/docs/perf-baselines/2026-07-20-wide-integer-records-generality-bytecode-02-status.md
untracked	raw-performance-evidence	archive-raw	663	22660	c9de4ae2a23d37564c900bb56484c9a73ce8aeaf9a12e3c6a59a7d1d22e785b1	v12/docs/perf-baselines/2026-07-20-wide-integer-records-generality-bytecode-03-selected.json
untracked	supporting-performance-report	archive-supporting	16	1198	107c04fff17f4c8f960d8ac6fa9c4e0059f43ae0bbf2b2448cfcd9d678d55afe	v12/docs/perf-baselines/2026-07-20-wide-integer-records-generality-bytecode-03-selected.md
untracked	raw-performance-evidence	archive-raw	657	22527	0092ea29d15200f4ed851bc6bc67ab8dc7d23e116a10892d774231960d3c2343	v12/docs/perf-baselines/2026-07-20-wide-integer-records-generality-bytecode-04-selected.json
untracked	supporting-performance-report	archive-supporting	16	1222	7a37b6f7588e43afca45061fa3d0b02c79476df1ccb7c54312b59fe5ecd851ed	v12/docs/perf-baselines/2026-07-20-wide-integer-records-generality-bytecode-04-selected.md
untracked	raw-performance-evidence	archive-raw	671	23285	2df4869102ea12c25518ddf13c63ed93e7471c95d89d6bb55628bbabeb7233d7	v12/docs/perf-baselines/2026-07-20-wide-integer-records-generality-bytecode-05-selected.json
untracked	supporting-performance-report	archive-supporting	16	1256	f396a33d2b6bbe448bfa8ea55ebc862b76ae528f788458895969708a42577319	v12/docs/perf-baselines/2026-07-20-wide-integer-records-generality-bytecode-05-selected.md
untracked	raw-performance-evidence	archive-raw	232	7468	fb04f00968e24effbe59c30b0c2f8bc4f4afdfe69b70ab453a483815293e2033	v12/docs/perf-baselines/2026-07-20-wide-integer-records-generality-bytecode-06-status.json
untracked	supporting-performance-report	archive-supporting	15	906	4bc85537471a566f3e09895e37f36fcff761c8bcd97868356b88a082d3c79414	v12/docs/perf-baselines/2026-07-20-wide-integer-records-generality-bytecode-06-status.md
untracked	raw-performance-evidence	archive-raw	444	15202	170faad11e2393d454fdfffdbf5ea53ccc2efcef09627750989b33223d8b98d0	v12/docs/perf-baselines/2026-07-20-wide-integer-records-generality-bytecode-07-selected.json
untracked	supporting-performance-report	archive-supporting	15	1048	f08b6f65e85862df518b74bb8b8b01c939ff7e8549d045008e20553a555ee0da	v12/docs/perf-baselines/2026-07-20-wide-integer-records-generality-bytecode-07-selected.md
untracked	raw-performance-evidence	archive-raw	512	17176	07ea0258a8fca9c051651dd157c5063dec6c5604a73272b937cebb739083cf4d	v12/docs/perf-baselines/2026-07-20-wide-integer-records-generality-compiled-01-selected.json
untracked	supporting-performance-report	archive-supporting	16	1079	9255bd90bfa4b5c82748c02590c50b2dbc0bbdc641e9dcb0c6a2c8d130f2565f	v12/docs/perf-baselines/2026-07-20-wide-integer-records-generality-compiled-01-selected.md
untracked	raw-performance-evidence	archive-raw	347	11633	c73151389c071cc6cff8fa8df8a3cc50ab1b6a171dc7be8a362234ff6164e169	v12/docs/perf-baselines/2026-07-20-wide-integer-records-generality-compiled-02-selected.json
untracked	supporting-performance-report	archive-supporting	15	925	d1df4a4c3a476ae21f0e18ade01b7b126b92b693608fca7ff822995b67f214cf	v12/docs/perf-baselines/2026-07-20-wide-integer-records-generality-compiled-02-selected.md
untracked	raw-performance-evidence	archive-raw	518	17359	20a6a41f861032fab1a2d7ccaabb69d39b07cc2089e70c5b89bea9f966f3dbc4	v12/docs/perf-baselines/2026-07-20-wide-integer-records-generality-compiled-03-selected.json
untracked	supporting-performance-report	archive-supporting	16	1062	efcb936219414675767fb936aa08136fb2ff22bf7938584c1a8e5f90fa4b0381	v12/docs/perf-baselines/2026-07-20-wide-integer-records-generality-compiled-03-selected.md
untracked	raw-performance-evidence	archive-raw	512	17191	a0aeb2815b76fc02e18f33f28d7a51ce92f9c49c7df1e6c49513b5337623a8ff	v12/docs/perf-baselines/2026-07-20-wide-integer-records-generality-compiled-04-selected.json
untracked	supporting-performance-report	archive-supporting	16	1086	7dda5f624eb05d69e9ec61f079db0527bc7a8472488dfb76e795ef96c84ad9ca	v12/docs/perf-baselines/2026-07-20-wide-integer-records-generality-compiled-04-selected.md
untracked	raw-performance-evidence	archive-raw	526	17919	34e84049dd521d11c0d8cdd4e1c443df3fd0b98ba129f474bfa04ac09e3a8b4c	v12/docs/perf-baselines/2026-07-20-wide-integer-records-generality-compiled-05-selected.json
untracked	supporting-performance-report	archive-supporting	16	1115	b52666690e2e53eabc5f9c69202c9c9a098c619cf45e557a8bcb103ee768dd4e	v12/docs/perf-baselines/2026-07-20-wide-integer-records-generality-compiled-05-selected.md
untracked	raw-performance-evidence	archive-raw	355	11916	2eb1a0aaff26e743eaac971ca56e789e6e065f7f5104abd6eb9810d1fb495b69	v12/docs/perf-baselines/2026-07-20-wide-integer-records-generality-compiled-06-selected.json
untracked	supporting-performance-report	archive-supporting	15	927	b62a869b090cc6383b306124cdb3b01682899df114bc95ac5914d288e03bc0e0	v12/docs/perf-baselines/2026-07-20-wide-integer-records-generality-compiled-06-selected.md
untracked	raw-performance-evidence	archive-raw	347	11633	ca2284403deb454d2fbc72ff93911d6df82b253f9779721a62c2bde1f98b0809	v12/docs/perf-baselines/2026-07-20-wide-integer-records-generality-compiled-07-selected.json
untracked	supporting-performance-report	archive-supporting	15	927	53a76bb0f84bac9c6da585b44c9eae026b05416eabb099137d397a88efb9f0d3	v12/docs/perf-baselines/2026-07-20-wide-integer-records-generality-compiled-07-selected.md
untracked	raw-performance-evidence	archive-raw	952	30737	aa67d848f0adb7effa4b3176334085c93e5f2baf0f54d7aa07c8ce93acac3fbf	v12/docs/perf-baselines/2026-07-20-wide-integer-records-generality-go-reference.json
untracked	supporting-performance-report	archive-supporting	29	4249	bdc219bad7f1052667900d2f28b2cc63ccdd0d4b121fb7b214758c305bdcce6a	v12/docs/perf-baselines/2026-07-20-wide-integer-records-generality-go-reference.md
untracked	raw-performance-evidence	archive-raw	1241	40369	b60c484a510f86cf287b4635ad64d71703b9a36e341c0a3202c67a6fafda40d9	v12/docs/perf-baselines/2026-07-20-wide-integer-records-generality-interpreter-reference-selected.json
untracked	supporting-performance-report	archive-supporting	34	5943	e7f9db4657ee12b3906b07aee637d423ca5fb49998a61c5ffb4e9df33fec15e2	v12/docs/perf-baselines/2026-07-20-wide-integer-records-generality-interpreter-reference-selected.md
untracked	raw-performance-evidence	archive-raw	455	14184	2fd65b7da046a896300f399e22b10e6291fff598b1efcdd9d149153d5fc61cf5	v12/docs/perf-baselines/2026-07-20-wide-integer-records-generality-interpreter-reference-status.json
untracked	supporting-performance-report	archive-supporting	26	3534	00e263157080311dc865cfe53b7adc869f6483914d919ae974468f41ebd68e6f	v12/docs/perf-baselines/2026-07-20-wide-integer-records-generality-interpreter-reference-status.md
untracked	raw-performance-evidence	archive-raw	64	1990	735af1b2d7fb2865c2721ba1b2912f84ba90b92e4e88ef221a6147ae10c4f93a	v12/docs/perf-baselines/2026-07-20-wide-integer-records-go-reference.json
untracked	supporting-performance-report	archive-supporting	12	536	403f46e76fd5c68aae04f96877a4dd14802c8b8c29f082c060a0000fc49c7eeb	v12/docs/perf-baselines/2026-07-20-wide-integer-records-go-reference.md
untracked	raw-performance-evidence	archive-raw	133	4236	8ad84a3bcb5f0ca1a06855751673950da1d9a6e4e7813b0a4b32ccb7c41e66d8	v12/docs/perf-baselines/2026-07-20-wide-integer-records-interpreter-reference.json
untracked	supporting-performance-report	archive-supporting	14	929	7df118de5dbbbfe55cb91a53c4137c44f4934ba776fce96a5e396d14da5e279b	v12/docs/perf-baselines/2026-07-20-wide-integer-records-interpreter-reference.md
untracked	raw-performance-evidence	archive-raw	395	13268	0f8aba05affe673764b2cf940d645fd9ff7a69dc010eb60c7808b95bf0b7f91e	v12/docs/perf-baselines/2026-07-20-wide-integer-records-pre-fix.json
untracked	supporting-performance-report	archive-supporting	16	1177	4447e057a15dfc7f0698fd6bbae291925e24e4b2ac9993d6c75bcdbeb0fa4279	v12/docs/perf-baselines/2026-07-20-wide-integer-records-pre-fix.md
untracked	supporting-performance-report	archive-supporting	142	6996	1172fc07a21c302087bb1f470d763e0554fc639ce88f68e7ecd6493a255771d7	v12/docs/perf-baselines/2026-07-20-wide-integer-records-profile-gate.md
untracked	raw-performance-evidence	archive-raw	92	130149	9427c64a9a34733578e77d0cec633dcd57ed77e22dc4ee96ade86b9e814626cf	v12/docs/perf-baselines/2026-07-20-wide-integer-records-refresh.json
untracked	supporting-performance-report	archive-supporting	139	14312	f723e36b44d989939adadc5e5189dfdb0e47a75a7070e9d7d4b4d3149ae8d5da	v12/docs/perf-baselines/2026-07-20-wide-integer-records-refresh.md
untracked	raw-performance-evidence	archive-raw	8	272	8c918dff5ca148a5ef9e7e139807b3a3a7986779ce2903dd4b4387b50fa26d5f	v12/docs/perf-baselines/2026-07-20-wide-integer-records-stdlib-source-state.json
untracked	governing-decision-record	reviewed-governing	100	5195	edc72ac04d9c8ece4421f63bd9b77cfa8bb47bf8ee5eaebfb0032c173d323aa1	v12/docs/perf-baselines/2026-07-21-bytecode-architecture-target-budget-reconciliation.md
untracked	raw-performance-evidence	archive-raw	491	17193	e07ff849f20d67dc44cf2ef08c60e2dbb3b52b3573e78c1ab9dbd6658a7df2af	v12/docs/perf-baselines/2026-07-21-bytecode-architecture-target-budget.json
untracked	supporting-performance-report	archive-supporting	79	7037	64f483590be81afa4f5ab28445c883b6ff628310b23e6fcaba611fb400354c7c	v12/docs/perf-baselines/2026-07-21-bytecode-architecture-target-budget.md
untracked	raw-performance-evidence	archive-raw	223	7676	41822721c55431a180b3d94941c2cdd0a4551df0920f4122966bf267ac91d5da	v12/docs/perf-baselines/2026-07-21-bytecode-array-semantic-boundary.json
untracked	governing-decision-record	reviewed-governing	54	3557	db8336a6743e12d5b072b220494ab8aef407f081afe82ea23c64ec2a9726b9eb	v12/docs/perf-baselines/2026-07-21-bytecode-array-semantic-boundary.md
untracked	governing-decision-record	reviewed-governing	167	9054	3228d2b0f7449c93d9d1bb197ef0af288566f4c25fb3280ca5de117077c48790	v12/docs/perf-baselines/2026-07-21-bytecode-concurrency-fourteen-application-refresh.md
untracked	governing-decision-record	reviewed-governing	129	6544	789079153f76f2e36a0557006394bb7aed51dca8912cb6a8479b0cbc368434a0	v12/docs/perf-baselines/2026-07-21-bytecode-cross-corpus-exact-leaf-selection.md
untracked	governing-decision-record	reviewed-governing	133	7035	f2f42c6cdfdcad98fb2bc48a281e82c5020c695bbfd4b59727e9f3986c4a7b95	v12/docs/perf-baselines/2026-07-21-bytecode-float-numeric-six-application-refresh.md
untracked	governing-decision-record	reviewed-governing	146	8036	223085915e235f65580e0d862c62f5c9f33ce3b4e46ba245c6062c9fe89b0f62	v12/docs/perf-baselines/2026-07-21-bytecode-iterator-control-seven-application-refresh.md
untracked	governing-decision-record	reviewed-governing	116	5807	bd6732080f5b6d916cdd9e4ef6bd50891e169dcaa1c2183caa4812df096e720e	v12/docs/perf-baselines/2026-07-21-bytecode-main-dispatch-attribution-gate.md
untracked	governing-decision-record	reviewed-governing	149	8054	47f27a6b97956f1ffdd6566acbdba47b39bb4999625da2100279ab0cb10b7629	v12/docs/perf-baselines/2026-07-21-bytecode-regex-seven-application-refresh.md
untracked	governing-decision-record	reviewed-governing	130	6765	aee739530a02a769292eb05504c5595a34606f6cfa2193993abfbf3e419472cd	v12/docs/perf-baselines/2026-07-21-bytecode-register-admission-closure-census.md
untracked	governing-decision-record	reviewed-governing	135	7350	407b3db171bf0a8805a07e5c9e642754893e443a7240226494f74004d5f3a252	v12/docs/perf-baselines/2026-07-21-bytecode-register-call-continuation-abi-gate.md
untracked	governing-decision-record	reviewed-governing	127	6330	0218bf5e22219b53b48517bc0d69b423fe34e92a11e6b19f028064bf91f6c149	v12/docs/perf-baselines/2026-07-21-bytecode-register-control-flow-attribution-gate.md
untracked	governing-decision-record	reviewed-governing	119	6276	b2cce6c3992a394c82a6e380fe6f0db3239a93b779754a8c825c461571d7f195	v12/docs/perf-baselines/2026-07-21-bytecode-register-frame-attribution-gate.md
untracked	governing-decision-record	reviewed-governing	128	6422	027b892082b5303145aec8f0ed03ec311a722e66e99b5cf0709171f7e8cf0f9a	v12/docs/perf-baselines/2026-07-21-bytecode-register-member-access-gate.md
untracked	governing-decision-record	reviewed-governing	153	7522	294f9241dd23f5ba2072215537a1eb71f23a44f64f4354e261203eb3db89ae42	v12/docs/perf-baselines/2026-07-21-bytecode-secondary-architecture-selection.md
untracked	raw-performance-evidence	archive-raw	531	24759	1915762096132fae8e27d309c77165292ffe6fbb8d7b7ea9d28c175e2bdbeec7	v12/docs/perf-baselines/2026-07-21-bytecode-semantic-work-amplification.json
untracked	supporting-performance-report	archive-supporting	64	6326	1a10a41c35ac59e640a0b1c5db4bf3abdd616264671e013ca7dc0c23bca8ace4	v12/docs/perf-baselines/2026-07-21-bytecode-semantic-work-amplification.md
untracked	governing-decision-record	reviewed-governing	150	7601	d9592310abfe8ba73129472e89e620820e270bda916d7abddf229a5b71e534c9	v12/docs/perf-baselines/2026-07-21-bytecode-text-map-five-application-refresh.md
untracked	governing-decision-record	reviewed-governing	134	6881	1a1cb53ae62ba05d2dd6655dccedca482e83c992123b8bcc0e99a304246b5447	v12/docs/perf-baselines/2026-07-21-bytecode-text-utf8-semantic-gate.md
untracked	governing-decision-record	reviewed-governing	175	9078	aa36b9164d84e6c4dfad70a4725e4fc045866034acef47f3cdc02e19abda6976	v12/docs/perf-baselines/2026-07-21-bytecode-wide-numeric-five-application-refresh.md
untracked	raw-performance-evidence	archive-raw	473	18101	d13c1f3db05199c7555f70d2aceeb28c0d073edbab658ed8bcdca5c073d51ad8	v12/docs/perf-baselines/2026-07-21-compiled-architecture-target-budget.json
untracked	governing-decision-record	reviewed-governing	82	6770	b658a03ea3d40921fe10e7d4c9feacc3696e2e42dff789d6be18af45b1cddcd4	v12/docs/perf-baselines/2026-07-21-compiled-architecture-target-budget.md
untracked	governing-decision-record	reviewed-governing	149	8029	044a755cd6ab53a950296fa0a59e7b64263c9d7f91e8a68dffff4880d3402561	v12/docs/perf-baselines/2026-07-21-compiled-concurrency-fourteen-application-refresh.md
untracked	governing-decision-record	reviewed-governing	149	7375	5cbfc78d5b39b3f1a981b4061611f4d90d2d43ba1c8fcf2cdb82a6d5391a504a	v12/docs/perf-baselines/2026-07-21-compiled-control-effect-reach-census.md
untracked	governing-decision-record	reviewed-governing	156	8341	fbd49f2828ed4c51ffef9a00f94133b08f59b4cb8e6e1f78ebee1bcc1af166ac	v12/docs/perf-baselines/2026-07-21-compiled-cross-corpus-exact-leaf-selection.md
untracked	governing-decision-record	reviewed-governing	144	7507	8a2bd17244b1c8f92ac5e78ab1a499dfed0d89f8433c2e3309f8bfed210b151a	v12/docs/perf-baselines/2026-07-21-compiled-dynamic-i64-boundary-cache.md
untracked	governing-decision-record	reviewed-governing	154	7778	4257f311b79dea17da1e345c871580b6e61dc6e90ad9e39ddb36a12dd2d87ae7	v12/docs/perf-baselines/2026-07-21-compiled-exact-leaf-seven-application-selection.md
untracked	raw-performance-evidence	archive-raw	343	9719	cda0c1910fddff33f13a785e5de0b096122ad033dd8cdb1efffb4bb1339b1d8f	v12/docs/perf-baselines/2026-07-21-compiled-generated-allocation-shape.json
untracked	supporting-performance-report	archive-supporting	51	5048	a6c0fa9e0ca7cba09d6b4fe2a57e99e39382e7bddba7603b5d7a7370de954b58	v12/docs/perf-baselines/2026-07-21-compiled-generated-allocation-shape.md
untracked	governing-decision-record	reviewed-governing	130	6246	33a30d8905f12ea3248bf4c1b90f30c8f7a2d9e9ac69006a854b2cce325fde50	v12/docs/perf-baselines/2026-07-21-compiled-i64-bridge-cache-gate.md
untracked	governing-decision-record	reviewed-governing	118	6469	4c7d46a3f1c9c8ba203a889af6a9e14185db87654bf16c89f3db505666e1512b	v12/docs/perf-baselines/2026-07-21-compiled-iterator-control-dynamic-i64-lazy-slot-gate.md
untracked	governing-decision-record	reviewed-governing	196	9334	2e0972601d6e551059a841432961aaa232f281937407e9ed4ebc52805d9883a9	v12/docs/perf-baselines/2026-07-21-compiled-primitive-range-effect-closure-census.md
untracked	governing-decision-record	reviewed-governing	129	6872	ba40a143eec7658f911ef2e598a85f407ce0bf069ed4847e6d49a86f3cf29926	v12/docs/perf-baselines/2026-07-21-compiled-primitive-runtime-boundary-revalidation.md
untracked	governing-decision-record	reviewed-governing	140	7010	b0b5f9de574f7776fe091c273a7cef78b461765737f15be7127f4cf34b8370d8	v12/docs/perf-baselines/2026-07-21-compiled-unsigned-dynamic-boundary-census.md
untracked	raw-performance-evidence	archive-raw	777	20352	93acfc19feaf7904e3acb6ccdd4c0cb061c55a8287bd7d4184ed0387a36e0c2f	v12/docs/perf-baselines/2026-07-21-concurrency-lexical-depth-matrix.json
untracked	supporting-performance-report	archive-supporting	77	11200	7823b562d374ee74c8760130d48f300bf21961a8337d5e200240c59e2569318b	v12/docs/perf-baselines/2026-07-21-concurrency-lexical-depth-matrix.md
untracked	governing-decision-record	reviewed-governing	126	5820	b9e7a6de2b51a8b0fa57f5509b56d4c5bea6f2d34b9d8addfe0ae8d4d3b218c2	v12/docs/perf-baselines/2026-07-21-concurrency-lexical-depth-reconciliation.md
untracked	governing-decision-record	reviewed-governing	130	6121	1bc51a70a3665b353164ae11b75aeafa3fd4cf788d9be7a86016bb25f3515e3f	v12/docs/perf-baselines/2026-07-21-concurrent-document-pipeline-application-gate.md
untracked	raw-performance-evidence	archive-raw	413	14441	d569405ff7974b3f8fb9fd3ac6de281b42ab02f1a55e2fd179bb40beda2168cc	v12/docs/perf-baselines/2026-07-21-concurrent-document-pipeline-baseline.json
untracked	supporting-performance-report	archive-supporting	16	1285	c5322edce0def3e96077dfdf65648bed1ed363a47462661f79407bd72a947146	v12/docs/perf-baselines/2026-07-21-concurrent-document-pipeline-baseline.md
untracked	raw-performance-evidence	archive-raw	413	14455	61f0c10336dd7176029358d7b06957be73dbe2b085d7b86c7f4f8ae88d92780b	v12/docs/perf-baselines/2026-07-21-concurrent-document-pipeline-c2-baseline.json
untracked	supporting-performance-report	archive-supporting	16	1291	60a5c3d283ccf50ea165276943e0de67dac2e50cdc9dae4c241edba8d61b006e	v12/docs/perf-baselines/2026-07-21-concurrent-document-pipeline-c2-baseline.md
untracked	raw-performance-evidence	archive-raw	64	2005	bdf7ed0333fa50c9811bca334f89878a9a3e83a3259c0b48ee63fc5565e925e2	v12/docs/perf-baselines/2026-07-21-concurrent-document-pipeline-c2-go-reference.json
untracked	supporting-performance-report	archive-supporting	12	544	5e4598fd9098236647e056832a3aa4b9026ea971412423f858a0919b867a4173	v12/docs/perf-baselines/2026-07-21-concurrent-document-pipeline-c2-go-reference.md
untracked	raw-performance-evidence	archive-raw	133	4272	df66dbeb44fe1253b051d75d9dcbd097bbdd6e306bf97a338b21155dc3ca51f8	v12/docs/perf-baselines/2026-07-21-concurrent-document-pipeline-c2-interpreter-reference.json
untracked	supporting-performance-report	archive-supporting	14	943	d0e709ee2949acc72fe36c04cd186ac0c34a3d9666990054e7f3ae7783176a0e	v12/docs/perf-baselines/2026-07-21-concurrent-document-pipeline-c2-interpreter-reference.md
untracked	raw-performance-evidence	archive-raw	38	2544	4ca478a8adf388744538fbdddcad49579774e7b5b11d48c7b6d50ff7f8f2da6e	v12/docs/perf-baselines/2026-07-21-concurrent-document-pipeline-compiled-main-profile.txt
untracked	raw-performance-evidence	archive-raw	64	2006	c8fb4a5124981e0e08b51de6d0d3d7087ff08c7346759fbe258d066e41cfda88	v12/docs/perf-baselines/2026-07-21-concurrent-document-pipeline-go-reference.json
untracked	supporting-performance-report	archive-supporting	12	544	802686bd9e1c3cf9a8e055cebbccfc741184db7d0c14897fc2ba34cdeb545b66	v12/docs/perf-baselines/2026-07-21-concurrent-document-pipeline-go-reference.md
untracked	raw-performance-evidence	archive-raw	133	4269	2e63bdccd22d329a08a047788b6637fdd89e6706848608a59454f09b543e3f9e	v12/docs/perf-baselines/2026-07-21-concurrent-document-pipeline-interpreter-reference.json
untracked	supporting-performance-report	archive-supporting	14	943	95452971a6c74db330c6be770dfc56e1e4ac659f652baee773d52475d0524634	v12/docs/perf-baselines/2026-07-21-concurrent-document-pipeline-interpreter-reference.md
untracked	governing-decision-record	reviewed-governing	73	3380	208601778829b611511c0aaa2f8f95f7edb90556b295d6940c97098394ae2366	v12/docs/perf-baselines/2026-07-21-concurrent-document-pipeline-option-reconciliation.md
untracked	raw-performance-evidence	archive-raw	241	8336	360821358df1804db218ec7b3f7a021c13be695b73aece921089b6a8fb7e221e	v12/docs/perf-baselines/2026-07-21-concurrent-document-pipeline-promotion-bytecode.json
untracked	supporting-performance-report	archive-supporting	14	889	7268e1a4dd1ee72280b086acd7d0ad24254fcf18be2621dd3b148645216a1063	v12/docs/perf-baselines/2026-07-21-concurrent-document-pipeline-promotion-bytecode.md
untracked	raw-performance-evidence	archive-raw	192	6552	a849d7a53c4c5c908cf4e8cfff86a3f16d7a9b6d72a86f2d1489dd0206606ee8	v12/docs/perf-baselines/2026-07-21-concurrent-document-pipeline-promotion-compiled.json
untracked	supporting-performance-report	archive-supporting	14	798	9e7df1b5fd3f9f67b858309dbc84306406a0f907474692005345f3d6f5851655	v12/docs/perf-baselines/2026-07-21-concurrent-document-pipeline-promotion-compiled.md
untracked	raw-performance-evidence	archive-raw	505	17294	3388ed512c1e3961bff5b982337eeb12db08e62400e0b11e866240768f4a94b4	v12/docs/perf-baselines/2026-07-21-cross-mode-residual-cost-model.json
untracked	supporting-performance-report	archive-supporting	91	7064	f77f57afd703051bcaab947d5a2eae45f9d616d93e74c91694fe373202bbcfd7	v12/docs/perf-baselines/2026-07-21-cross-mode-residual-cost-model.md
untracked	governing-decision-record	reviewed-governing	122	5912	19c423bfc3575a405c2addeb204f24fa05ddae767bb3d061035d367af0841afc	v12/docs/perf-baselines/2026-07-21-dynamic-boxed-integer-cache-gate.md
untracked	raw-performance-evidence	archive-raw	7480	256201	cfbb3ef3343fc034df5db080a090889cc5fec93343268600994c81fd8cb63876	v12/docs/perf-baselines/2026-07-21-dynamic-i64-lazy-slot-compiled-frontier-comparison.json
untracked	supporting-performance-report	archive-supporting	58	8265	c23895a826aedeee3d28d8ce11aa2bfc6525ed3b08a3a08be2b7999e7651281d	v12/docs/perf-baselines/2026-07-21-dynamic-i64-lazy-slot-compiled-frontier-comparison.md
untracked	raw-performance-evidence	archive-raw	8	272	d8126a7ee93174b48c3c597839bac1620f3ab7b6babe10e23eb0f95c1d3bc28b	v12/docs/perf-baselines/2026-07-21-dynamic-i64-lazy-slot-compiled-frontier-stdlib-state.json
untracked	governing-decision-record	reviewed-governing	106	4722	95a496e3da611294278b974195648082fe14401fa12b9819dc397145ac51af6d	v12/docs/perf-baselines/2026-07-21-dynamic-i64-lazy-slot-frontier-reconciliation.md
untracked	raw-performance-evidence	archive-raw	4065	185541	1a99f36463d3d9a7cdddf75aeed9a258a330efb2afe4105e158176c93d80c728	v12/docs/perf-baselines/2026-07-21-dynamic-i64-lazy-slot-performance-frontier.json
untracked	supporting-performance-report	archive-supporting	293	41702	3c4b515d26f170317f2472e978a6cef30c1ec37bba8fa659478e7ecfb2128a36	v12/docs/perf-baselines/2026-07-21-dynamic-i64-lazy-slot-performance-frontier.md
untracked	raw-performance-evidence	archive-raw	104	146964	808a92eca27c7319cb97f1ebacbdeffeecd04715ce5aee80e52cf8644bfa5221	v12/docs/perf-baselines/2026-07-21-dynamic-i64-lazy-slot-scorecard.json
untracked	supporting-performance-report	archive-supporting	141	14323	1bb879635dfcb08218ccc18faed11ca279433e324a3967923df4761458af568b	v12/docs/perf-baselines/2026-07-21-dynamic-i64-lazy-slot-scorecard.md
untracked	raw-performance-evidence	archive-raw	186	6139	ee475f07fab280986995db703d2cf7d682135527fd78c6a017f77be7d588e015	v12/docs/perf-baselines/2026-07-21-dynamic-i64-lazy-slot-threshold-cohort-b-comparison.json
untracked	supporting-performance-report	archive-supporting	14	782	de6b53a4a4d5313d22c375b6dc2c22b990e6066d0962a77da8428c2476b65630	v12/docs/perf-baselines/2026-07-21-dynamic-i64-lazy-slot-threshold-cohort-b-comparison.md
untracked	raw-performance-evidence	archive-raw	64	1971	d2dbaab08756836ee55d55acdce261654b5a0ba6ff4dacb337d7f9be0611118d	v12/docs/perf-baselines/2026-07-21-dynamic-i64-lazy-slot-threshold-cohort-b-go-reference.json
untracked	supporting-performance-report	archive-supporting	12	531	a868b678b9d2b05de14c801dd79409b68f0ddc90b16f77e82b5352900dad536e	v12/docs/perf-baselines/2026-07-21-dynamic-i64-lazy-slot-threshold-cohort-b-go-reference.md
untracked	raw-performance-evidence	archive-raw	33	1106	f8e9726fae3206fac958e33d4b0a4074910eb3618f51e8b816c1ae7e094a40eb	v12/docs/perf-baselines/2026-07-21-dynamic-i64-lazy-slot-threshold-stability.json
untracked	supporting-performance-report	archive-supporting	24	1346	062dd832b7c254a0da1e32019a646b62cc9e0c4f64694af1a11befe70d59a25f	v12/docs/perf-baselines/2026-07-21-dynamic-i64-lazy-slot-threshold-stability.md
untracked	raw-performance-evidence	archive-raw	8195	255245	88da0458ffc94f32c26b6c88053fc64038517dc7596da4a05e38d874a3eb83da	v12/docs/perf-baselines/2026-07-21-feature-interaction-coverage-depth-frontier.json
untracked	supporting-performance-report	archive-supporting	182	75695	b6359e378e8400e673892bf9dca75ca1a79a3c79fcb4afc6bff76a44b27fbf12	v12/docs/perf-baselines/2026-07-21-feature-interaction-coverage-depth-frontier.md
untracked	governing-decision-record	reviewed-governing	128	6243	87b0d2472bec0ebac6bf4a6822ab27b09b33e9f1237a66ed653b7f7dce953922	v12/docs/perf-baselines/2026-07-21-feature-interaction-coverage-depth-gate.md
untracked	raw-performance-evidence	archive-raw	759	19782	e671c053d9c43f520b4357ee7b6e91863d03bf9dc208ae7ca8d1a8dc71a03564	v12/docs/perf-baselines/2026-07-21-feature-interaction-coverage-depth-matrix.json
untracked	supporting-performance-report	archive-supporting	71	10728	02d288a47c1473048514392a7c4c3dacdedf3fe7950d2c825bc4950d66780d95	v12/docs/perf-baselines/2026-07-21-feature-interaction-coverage-depth-matrix.md
untracked	raw-performance-evidence	archive-raw	106	150992	c3656a911c4a43b996f64f3cddad93bbed5a291f337fd69d0bd4834ae4a7c196	v12/docs/perf-baselines/2026-07-21-feature-interaction-coverage-depth-scorecard.json
untracked	supporting-performance-report	archive-supporting	145	14817	2b5bfedb0f75889b2fb46950a886b60a891d41ad233660fffab1675f866ea9a1	v12/docs/perf-baselines/2026-07-21-feature-interaction-coverage-depth-scorecard.md
untracked	raw-performance-evidence	archive-raw	8	272	d8126a7ee93174b48c3c597839bac1620f3ab7b6babe10e23eb0f95c1d3bc28b	v12/docs/perf-baselines/2026-07-21-feature-interaction-depth-stdlib-source-state.json
untracked	raw-performance-evidence	archive-raw	104	150606	6a68c5cf3d0a76e3d68d60d253df31f3d34af392f0299dd4faa66e045df72595	v12/docs/perf-baselines/2026-07-21-feature-interaction-scorecard-promotion.json
untracked	supporting-performance-report	archive-supporting	155	16369	76be7f9aabdb1ab03ca8c363303b1e9f6039ea74c5747b7f651cd1f74dec2f7b	v12/docs/perf-baselines/2026-07-21-feature-interaction-scorecard-promotion.md
untracked	governing-decision-record	reviewed-governing	109	5738	6bc2a3944bd83c31ee52d533d54f348297b41bc62a9659c49fd61d828340fb73	v12/docs/perf-baselines/2026-07-21-feature-interaction-scorecard-reconciliation.md
untracked	raw-performance-evidence	archive-raw	9729	307680	23b6786a1c456b869237d2b030d1415ddc68c65aaba4bfc0bfdfa285ebf70fa8	v12/docs/perf-baselines/2026-07-21-feature-interaction-triple-frontier.json
untracked	supporting-performance-report	archive-supporting	182	93087	7e69b5575c886a5740a16641ccc6b7d5fa18950c0ec38d878f1a2ed693c1f0ac	v12/docs/perf-baselines/2026-07-21-feature-interaction-triple-frontier.md
untracked	raw-performance-evidence	archive-raw	882	30849	c34af1fcb6f3a73d79239f6185adb9c1dcec449c2cdbb7ebe6a9f08f7359a83d	v12/docs/perf-baselines/2026-07-21-interaction-promotion-bytecode.json
untracked	supporting-performance-report	archive-supporting	17	1485	9f5bd001e9c3973feacf1137ba72f1932f4b9192a2ffd1f8cc78c0e7ca05afd9	v12/docs/perf-baselines/2026-07-21-interaction-promotion-bytecode.md
untracked	raw-performance-evidence	archive-raw	689	23801	712ba0d227274623d108cc09955d34fb746025aced98ee6b7f2c1edc99c9b94f	v12/docs/perf-baselines/2026-07-21-interaction-promotion-compiled.json
untracked	supporting-performance-report	archive-supporting	17	1346	f60f436b2abb7b0ad38feb6da6854f89d3b5b257fa651118f80f9f6b651dd800	v12/docs/perf-baselines/2026-07-21-interaction-promotion-compiled.md
untracked	raw-performance-evidence	archive-raw	220	7124	2f038de5f80469d1ae05560d00901498d10215850e0c991936edbbd7f2d59413	v12/docs/perf-baselines/2026-07-21-interaction-promotion-go-reference.json
untracked	supporting-performance-report	archive-supporting	15	1186	ce4544e7f77dec7b002da65245425551d05f0209b9ae7e2e8b954b0ff6813251	v12/docs/perf-baselines/2026-07-21-interaction-promotion-go-reference.md
untracked	raw-performance-evidence	archive-raw	463	15082	f727d81a20bba6d0792c68539d792ceeec772fab9da8f525a5bb5060997aa506	v12/docs/perf-baselines/2026-07-21-interaction-promotion-interpreter-reference.json
untracked	supporting-performance-report	archive-supporting	20	2354	040aa7a2fa44164bde6a8c754dc6324c24a5624709833019531c28baab295e10	v12/docs/perf-baselines/2026-07-21-interaction-promotion-interpreter-reference.md
untracked	raw-performance-evidence	archive-raw	8	272	d8126a7ee93174b48c3c597839bac1620f3ab7b6babe10e23eb0f95c1d3bc28b	v12/docs/perf-baselines/2026-07-21-interaction-promotion-stdlib-source-state.json
untracked	governing-decision-record	reviewed-governing	118	5624	6e418d6f166c67c28d37cc0d18c7f14222e261681dc59250c976a84de273ef0a	v12/docs/perf-baselines/2026-07-21-manifest-normalization-application-gate.md
untracked	raw-performance-evidence	archive-raw	413	14284	d1564adb52f0883ead656463723f8736cfe2b419b53a5ea24480e3949e791ea4	v12/docs/perf-baselines/2026-07-21-manifest-normalization-baseline.json
untracked	supporting-performance-report	archive-supporting	16	1257	49cc7f6876d21ade94b57937405ddf5a500fdf4aa5591abb82132f3bbb36e7da	v12/docs/perf-baselines/2026-07-21-manifest-normalization-baseline.md
untracked	raw-performance-evidence	archive-raw	57	1534	82aa620dcce4ca50b399adab64a0e8b8f002e0c6904fd44e64f6ceff4d464428	v12/docs/perf-baselines/2026-07-21-manifest-normalization-bytecode-runtime-profile.json
untracked	raw-performance-evidence	archive-raw	413	14291	829b7df0d7aa438de41740efee9770129780d0dcdb6f59f7bb2a08e008e4c6d7	v12/docs/perf-baselines/2026-07-21-manifest-normalization-c2-baseline.json
untracked	supporting-performance-report	archive-supporting	16	1257	42c0ce811e174dd40e6f6744895360fefee8ad59f65ae0834ceeaed084d61669	v12/docs/perf-baselines/2026-07-21-manifest-normalization-c2-baseline.md
untracked	raw-performance-evidence	archive-raw	64	1987	afe5a4ce354f85092a10e2e19ba7fcf8c659613a150eefa7308751c053b2c741	v12/docs/perf-baselines/2026-07-21-manifest-normalization-c2-go-reference.json
untracked	supporting-performance-report	archive-supporting	12	539	ba5aaac02f352f141c3df26b76e1b64573fc0a4371291c3c2d5ca4112a8755d5	v12/docs/perf-baselines/2026-07-21-manifest-normalization-c2-go-reference.md
untracked	raw-performance-evidence	archive-raw	133	4248	31b01941e1c7aad5d0784a9b6e4734f9b55cb90dc4b4987ed766fe518abaae20	v12/docs/perf-baselines/2026-07-21-manifest-normalization-c2-interpreter-reference.json
untracked	supporting-performance-report	archive-supporting	14	934	743c4c412358d1264a00eb255543ec27d2c7d65e723058f4c424cfefff689625	v12/docs/perf-baselines/2026-07-21-manifest-normalization-c2-interpreter-reference.md
untracked	raw-performance-evidence	archive-raw	23	979	842caac34d48115e04eda29d67e1d635a4163384352fb668cc4daebab711bd48	v12/docs/perf-baselines/2026-07-21-manifest-normalization-compiled-main-profile.txt
untracked	raw-performance-evidence	archive-raw	64	1987	1e70cd8b82850a249ee142b73f2136d89aafac9bea5ca8f56ef7fc39e48d1ddd	v12/docs/perf-baselines/2026-07-21-manifest-normalization-go-reference.json
untracked	supporting-performance-report	archive-supporting	12	539	4491e65816b71fb5333ac2c874385807d5f3c061c305995f0f058d1b4d1667d6	v12/docs/perf-baselines/2026-07-21-manifest-normalization-go-reference.md
untracked	raw-performance-evidence	archive-raw	868	23702	6d1f99182a642c335990fa830603b0d1bc273b6bb675478549188c4db320d8a0	v12/docs/perf-baselines/2026-07-21-manifest-normalization-interaction-matrix.json
untracked	supporting-performance-report	archive-supporting	77	13856	e1fff847c5dadc72d680eda645a0e20b8979fca9e744909ac3470c9f5d74c546	v12/docs/perf-baselines/2026-07-21-manifest-normalization-interaction-matrix.md
untracked	raw-performance-evidence	archive-raw	133	4248	5a9455bb1034d4a14bacc934a2fdcdf81a15396756d873cca79f3779c1ca7476	v12/docs/perf-baselines/2026-07-21-manifest-normalization-interpreter-reference.json
untracked	supporting-performance-report	archive-supporting	14	934	c81a3f1fdf66191e6fe94432dde4e1fd1e88e807fb518fc1bff5db5cda133183	v12/docs/perf-baselines/2026-07-21-manifest-normalization-interpreter-reference.md
untracked	raw-performance-evidence	archive-raw	241	8265	aa3cbbded4cc497b11fc97c9065de2f6dd480885a6b16cbb64b73ac614e80e8d	v12/docs/perf-baselines/2026-07-21-manifest-normalization-promotion-bytecode.json
untracked	supporting-performance-report	archive-supporting	14	875	5d697ea5a0e3c764fa00f98ef628f87cca3c17dba361862a335f25c72aaf9637	v12/docs/perf-baselines/2026-07-21-manifest-normalization-promotion-bytecode.md
untracked	raw-performance-evidence	archive-raw	192	6455	b4d1f082aee2c44ab95e0b7f37fe05ec14b484220c334c54a06076e93e43cc8a	v12/docs/perf-baselines/2026-07-21-manifest-normalization-promotion-compiled.json
untracked	supporting-performance-report	archive-supporting	14	781	f7daea43119cc8db6da1116adedef7a1197b840688a59c772a3ad9e6e026b8b7	v12/docs/perf-baselines/2026-07-21-manifest-normalization-promotion-compiled.md
untracked	raw-performance-evidence	archive-raw	192	6468	9165e08f1b0615ef49a81a358e99294befca5ee127192b67c002808f67487559	v12/docs/perf-baselines/2026-07-21-manifest-normalization-string-byte-candidate-c1.json
untracked	supporting-performance-report	archive-supporting	14	781	642fd8627fb24b6c4c0cf02a646518d26503071db4cc03091aef46249c88ab64	v12/docs/perf-baselines/2026-07-21-manifest-normalization-string-byte-candidate-c1.md
untracked	governing-decision-record	reviewed-governing	122	6489	7d782fb7c1c613a58ae82229576a626eec7c75ed987c712ae2b603175dcf5741	v12/docs/perf-baselines/2026-07-21-packed-eager-boxed-i32-cache-feasibility.md
untracked	raw-performance-evidence	archive-raw	230	5089	904f8a9e47673c17c350dd924d8b140c1da7d4e2b0c6d9ba1542c1b5a03dbea4	v12/docs/perf-baselines/2026-07-21-performance-evidence-invalidation-ledger.json
untracked	governing-decision-record	reviewed-governing	62	4936	f35a2c030c371d6fa724f62088965f873b04722de1517a355ae39841ce893515	v12/docs/perf-baselines/2026-07-21-performance-evidence-invalidation-ledger.md
untracked	raw-performance-evidence	archive-raw	230	5089	904f8a9e47673c17c350dd924d8b140c1da7d4e2b0c6d9ba1542c1b5a03dbea4	v12/docs/perf-baselines/2026-07-21-performance-evidence-ledger-current.json
untracked	supporting-performance-report	archive-supporting	62	4936	f35a2c030c371d6fa724f62088965f873b04722de1517a355ae39841ce893515	v12/docs/perf-baselines/2026-07-21-performance-evidence-ledger-current.md
untracked	raw-performance-evidence	archive-raw	413	14283	d49541e790cdbfa46f4a2af3b098b203ccb9c30eb70e80d263f160c1fee30d4f	v12/docs/perf-baselines/2026-07-21-policy-record-dispatch-baseline.json
untracked	supporting-performance-report	archive-supporting	16	1259	81ccfc360a6a32943bbb6b42981b46eea15088925aedf2e49ca2de75abf82afb	v12/docs/perf-baselines/2026-07-21-policy-record-dispatch-baseline.md
untracked	raw-performance-evidence	archive-raw	57	1538	98acdac643c6ea4873b1c416c62beac4f5c2eb28d78eca375afce468a151989c	v12/docs/perf-baselines/2026-07-21-policy-record-dispatch-bytecode-runtime-profile.json
untracked	raw-performance-evidence	archive-raw	64	1987	17eeea27c66cf7e228e8a0e3ef24b24b9ee212a1fd011e08e3e92499fffa6fc5	v12/docs/perf-baselines/2026-07-21-policy-record-dispatch-go-reference.json
untracked	supporting-performance-report	archive-supporting	12	539	d83194546117cd1bb1c0e419209d20cdf862cb64d490d5ee1bf2042da597b0e1	v12/docs/perf-baselines/2026-07-21-policy-record-dispatch-go-reference.md
untracked	raw-performance-evidence	archive-raw	133	4249	b17b2def9dc04ca3b9a6e86c8d466a32543ba939001020285472619d6e9ca951	v12/docs/perf-baselines/2026-07-21-policy-record-dispatch-interpreter-reference.json
untracked	supporting-performance-report	archive-supporting	14	934	52ea7fc257d4193417d2b1188e8666ca8c3146c960c626bea07a8852f0813ebe	v12/docs/perf-baselines/2026-07-21-policy-record-dispatch-interpreter-reference.md
untracked	raw-performance-evidence	archive-raw	241	8270	547569bed0760f04c7bc27433db344a6c3ab43ebfa9dbd9656006336edb92244	v12/docs/perf-baselines/2026-07-21-policy-record-dispatch-promotion-bytecode.json
untracked	supporting-performance-report	archive-supporting	14	877	3ca6350c0541b30d7d9cdf76119df0e384f809e267a3c9e53623263a99b3e8ae	v12/docs/perf-baselines/2026-07-21-policy-record-dispatch-promotion-bytecode.md
untracked	raw-performance-evidence	archive-raw	192	6461	45e61730df5b45c2e179e7ca8dbb55ab539bf027d0a9d210313da43bc70acfb1	v12/docs/perf-baselines/2026-07-21-policy-record-dispatch-promotion-compiled.json
untracked	supporting-performance-report	archive-supporting	14	781	9ae5871c8f27cbd1731094b9da29bd8fcb0ad1b3df0e94db31b134825a0f1284	v12/docs/perf-baselines/2026-07-21-policy-record-dispatch-promotion-compiled.md
untracked	raw-performance-evidence	archive-raw	241	8269	5d169ca0b4e72cc1932ca76a6f6d2b8f50d20670285e36f19fc9c4896fe1a34e	v12/docs/perf-baselines/2026-07-21-policy-record-dispatch-volatility-bytecode.json
untracked	supporting-performance-report	archive-supporting	14	877	109da8e750216c6df9cdbfe25b257b163906b9f82c9d1e3212d1b4dae767f349	v12/docs/perf-baselines/2026-07-21-policy-record-dispatch-volatility-bytecode.md
untracked	raw-performance-evidence	archive-raw	7480	256183	f8d9e0fff019da2675590f2a8663578a5bc594b33cd866e71196b09f354d5151	v12/docs/perf-baselines/2026-07-21-post-i64-compiled-frontier-comparison.json
untracked	supporting-performance-report	archive-supporting	58	8264	14b8ff366408de5b10d35f35854aecb0b84f21d697b5fdb2af2bb750586186d1	v12/docs/perf-baselines/2026-07-21-post-i64-compiled-frontier-comparison.md
untracked	raw-performance-evidence	archive-raw	2356	76468	10a9038ed43afcdb2d42be67fa2618b63fbc66d636471913a2d997c3383c14b0	v12/docs/perf-baselines/2026-07-21-post-i64-compiled-frontier-go-reference.json
untracked	supporting-performance-report	archive-supporting	56	9929	6709b87b3b63ce5fc0cc8003140f883106c67b808a7ff358a2aa255d11412f5c	v12/docs/perf-baselines/2026-07-21-post-i64-compiled-frontier-go-reference.md
untracked	governing-decision-record	reviewed-governing	68	3466	91bac75a9a0e2a3846105f29479868e3b1b0ca8ff7a0552164daae7c4d648884	v12/docs/perf-baselines/2026-07-21-post-i64-compiled-frontier-reconciliation.md
untracked	raw-performance-evidence	archive-raw	104	146959	85268c2970020df02f20e8bd8ec045cb87a7585bd8d9563e479b70009fb1e259	v12/docs/perf-baselines/2026-07-21-post-i64-compiled-frontier-scorecard.json
untracked	supporting-performance-report	archive-supporting	141	14309	fd2426a111a6bd24af4a05263c21b22f7213de4bf6306d070bc190a96e2ebd22	v12/docs/perf-baselines/2026-07-21-post-i64-compiled-frontier-scorecard.md
untracked	raw-performance-evidence	archive-raw	8	272	d8126a7ee93174b48c3c597839bac1620f3ab7b6babe10e23eb0f95c1d3bc28b	v12/docs/perf-baselines/2026-07-21-post-i64-compiled-frontier-stdlib-state.json
untracked	raw-performance-evidence	archive-raw	3997	173305	285c576b2ca959eaf33f535d25fc0519750ef84617660ae7aa6a02966f6cc931	v12/docs/perf-baselines/2026-07-21-post-i64-compiled-frontier.json
untracked	supporting-performance-report	archive-supporting	293	37514	772bf5fde7c06efc679ff8db18b6f8144f836b3ac62c9cf093f92c702ea54f45	v12/docs/perf-baselines/2026-07-21-post-i64-compiled-frontier.md
untracked	raw-performance-evidence	archive-raw	675	22670	cf124fb887c4451736916bba5bfb71b04d5421fa4b5443afc82a67329167760c	v12/docs/perf-baselines/2026-07-21-post-i64-threshold-cohort-b-comparison.json
untracked	supporting-performance-report	archive-supporting	17	1232	cd571412a86c80854afdcf56987db0378f00e1aa2743fd27ebdb0f5c95478735	v12/docs/perf-baselines/2026-07-21-post-i64-threshold-cohort-b-comparison.md
untracked	raw-performance-evidence	archive-raw	224	7300	8178f9feca9e419270f2a501a2b6983e64c42ac561a08a9e52434b8b55d02ed8	v12/docs/perf-baselines/2026-07-21-post-i64-threshold-cohort-b-go-reference.json
untracked	supporting-performance-report	archive-supporting	15	1407	711404c58b11030d238d7863206021f7c8967de265188069be783049a12cbebc	v12/docs/perf-baselines/2026-07-21-post-i64-threshold-cohort-b-go-reference.md
untracked	raw-performance-evidence	archive-raw	45	1554	d87c6cce602026e8bee07804d1b9fc38291aa834d6fc439665b848d94d3eef39	v12/docs/perf-baselines/2026-07-21-post-i64-threshold-stability.json
untracked	supporting-performance-report	archive-supporting	24	1514	5872f654ca35a50c8252e63550413e39063f645e1850fff506e2994730e79747	v12/docs/perf-baselines/2026-07-21-post-i64-threshold-stability.md
untracked	raw-performance-evidence	archive-raw	265	8617	202cdc0334cb14f021ae372daa9acff5b675c070bef23aaaa3e8011023f6ca82	v12/docs/perf-baselines/2026-07-21-string-byte-candidate-owners-c1.json
untracked	supporting-performance-report	archive-supporting	14	797	b2bd860417f8d5909eea964f9e272328fe82ee113e069bd9c2e498d7fbe2b8a4	v12/docs/perf-baselines/2026-07-21-string-byte-candidate-owners-c1.md
untracked	raw-performance-evidence	archive-raw	265	8613	46e7c8cac3ca665a8df5bc643cd0b1c7a44530c199ff36aa0405a9305cdea83b	v12/docs/perf-baselines/2026-07-21-string-byte-candidate-owners-c2.json
untracked	supporting-performance-report	archive-supporting	14	797	670a1bc373acc3137a54bcb65d17f12c022e5d54b9209f1636601a475643a3fa	v12/docs/perf-baselines/2026-07-21-string-byte-candidate-owners-c2.md
untracked	raw-performance-evidence	archive-raw	265	8615	f411f7400c8cb4e9ffa350048a80d48e933015f6e3e614982a318aa4978acdab	v12/docs/perf-baselines/2026-07-21-string-byte-current-control-c1.json
untracked	supporting-performance-report	archive-supporting	14	797	666bd56cd7bb38dffa845e46c8dd1ece1c5d4e1b713cc916a0f540d3fc8c374f	v12/docs/perf-baselines/2026-07-21-string-byte-current-control-c1.md
untracked	raw-performance-evidence	archive-raw	1312	45650	025a46cb0dd4e553076ee94e00062459849ed50b3918ee5c2e7e76cc0b2f5fb7	v12/docs/perf-baselines/2026-07-21-truthiness-cast-architecture-closure-bytecode.json
untracked	supporting-performance-report	archive-supporting	19	1840	8a164a54f5ea778cf421f9f1dc880c6e7a89b1c61a05fc2d3ac147d6324e73b0	v12/docs/perf-baselines/2026-07-21-truthiness-cast-architecture-closure-bytecode.md
untracked	raw-performance-evidence	archive-raw	1312	45658	45c58971d626a093f4f827c8fc5a381259248f9c5518c144e1b9ed78beeb37f0	v12/docs/perf-baselines/2026-07-21-truthiness-cast-architecture-closure-c2-bytecode.json
untracked	supporting-performance-report	archive-supporting	19	1843	5bbc0cb9f16c548cee87983deaee06f37cc2c44b414e8dc688c2295f2b09f6c4	v12/docs/perf-baselines/2026-07-21-truthiness-cast-architecture-closure-c2-bytecode.md
untracked	raw-performance-evidence	archive-raw	1838	63329	082b5b67f84ce9e8ef9504850876011bf32905dc7982cf433574e0e1ed96f143	v12/docs/perf-baselines/2026-07-21-truthiness-cast-architecture-closure-c2-compiled.json
untracked	supporting-performance-report	archive-supporting	24	2567	11d7ebd56c80418141c29000cedfe44bb515a61515281cc70f582662e1622df9	v12/docs/perf-baselines/2026-07-21-truthiness-cast-architecture-closure-c2-compiled.md
untracked	raw-performance-evidence	archive-raw	584	18979	ebad8cf10d8bf5b0695c15d1b453da2439344ac874cdf41a209ce71380562051	v12/docs/perf-baselines/2026-07-21-truthiness-cast-architecture-closure-c2-go-reference.json
untracked	supporting-performance-report	archive-supporting	22	2640	1ef3560ea89e19b97d29fcb6a6963b06e248cac7727a63244444e6c64ab2527d	v12/docs/perf-baselines/2026-07-21-truthiness-cast-architecture-closure-c2-go-reference.md
untracked	raw-performance-evidence	archive-raw	683	22122	340b07fc8f279c9c355eca875f2a0cc5282c980d28f2b09c42362dcdfcd93e5b	v12/docs/perf-baselines/2026-07-21-truthiness-cast-architecture-closure-c2-interpreter-reference.json
untracked	supporting-performance-report	archive-supporting	24	3226	106aec8c18a5e06ad360c3b51cd94d25a4556a6d10a21abb0e117900a0f85b97	v12/docs/perf-baselines/2026-07-21-truthiness-cast-architecture-closure-c2-interpreter-reference.md
untracked	raw-performance-evidence	archive-raw	164	4638	4d11aff19acbb3aa21983ff97916169f568417586a820f2e586e9c4a32bd4326	v12/docs/perf-baselines/2026-07-21-truthiness-cast-architecture-closure-compiled-reach.json
untracked	raw-performance-evidence	archive-raw	1838	63350	65abef4c0c9d99883568194e6a6d1ea6ab5ce6f78b46bd3cda9bee216153eeff	v12/docs/perf-baselines/2026-07-21-truthiness-cast-architecture-closure-compiled.json
untracked	supporting-performance-report	archive-supporting	24	2565	8a9cfa39792b83ff292b41a4d8e7c288d7ce0b74ebf9cbe0ca147c586844f477	v12/docs/perf-baselines/2026-07-21-truthiness-cast-architecture-closure-compiled.md
untracked	raw-performance-evidence	archive-raw	584	18986	46d2a4677ad7cf26310877fa8f665776161afa8444eeaa53f98db26cd8de175d	v12/docs/perf-baselines/2026-07-21-truthiness-cast-architecture-closure-go-reference.json
untracked	supporting-performance-report	archive-supporting	22	2640	7b1696a4bb01fb30c1efea5162d0855c3fd25c58c89c045c6de08d0af03c1ef9	v12/docs/perf-baselines/2026-07-21-truthiness-cast-architecture-closure-go-reference.md
untracked	raw-performance-evidence	archive-raw	683	22119	4da2bd4ca5eda0963782cfd0636ce8c6a0822632683fc767c498a1f098c2f2b2	v12/docs/perf-baselines/2026-07-21-truthiness-cast-architecture-closure-interpreter-reference.json
untracked	supporting-performance-report	archive-supporting	24	3226	29a0dbcd5c77bf0dfb3ed38933e2c83c1192a4b57dda897b5b809b7225de3b9e	v12/docs/perf-baselines/2026-07-21-truthiness-cast-architecture-closure-interpreter-reference.md
untracked	governing-decision-record	reviewed-governing	149	8385	71bace357608106555721f49bc0be1050674b6a97527f8eb52cca23837b35a88	v12/docs/perf-baselines/2026-07-21-truthiness-cast-architecture-closure-refresh.md
untracked	raw-performance-evidence	archive-raw	84	2191	6fc71c68cf71a55f7df98c76c4186c905aecc25394b451ec9659d6b976215eac	v12/docs/perf-baselines/2026-07-21-truthiness-cast-byte-regex-closure-compiled-reach.json
untracked	supporting-performance-report	archive-supporting	12	844	215255c328f1b73abc32c866c7286b26e5bfd614a66bbe251533d50a29d00e53	v12/docs/perf-baselines/2026-07-21-truthiness-cast-byte-regex-closure-compiled-reach.md
untracked	raw-performance-evidence	archive-raw	32	2647	2dfabcac1f6ca5bb94f615a087605394853e91a99a003ab2541445af5f7c4771	v12/docs/perf-baselines/2026-07-21-truthiness-cast-byte-regex-closure-reach.json
untracked	governing-decision-record	reviewed-governing	136	7510	b1de056112b3016eabd60ddaae8f4441e62996ca6908f79a52a0cf18c9cb38be	v12/docs/perf-baselines/2026-07-21-truthiness-cast-byte-regex-closure-refresh.md
untracked	raw-performance-evidence	archive-raw	1336	46660	6f6151f965bda9d4bcb80403de47d97c81c4819efd85c70d08b3e83ed1578f28	v12/docs/perf-baselines/2026-07-21-truthiness-cast-byte-regex-closures-bytecode.json
untracked	supporting-performance-report	archive-supporting	19	1884	5017f5e58d4e5ea29f0ff30c89782fa127d1e1dcc88227160b745d3b0e7181fa	v12/docs/perf-baselines/2026-07-21-truthiness-cast-byte-regex-closures-bytecode.md
untracked	raw-performance-evidence	archive-raw	168	5309	e5702504aad727503c9749a144b1f985995c6e4f786d1f2373a40ecf3df491a3	v12/docs/perf-baselines/2026-07-21-truthiness-cast-byte-regex-closures-compiled-c2-go-reference.json
untracked	supporting-performance-report	archive-supporting	14	931	81399d662b649becb4b1a7f059cd0ba1332a2d719b17f8e6a189ecc422097855	v12/docs/perf-baselines/2026-07-21-truthiness-cast-byte-regex-closures-compiled-c2-go-reference.md
untracked	raw-performance-evidence	archive-raw	512	17205	0c1ecbb8347055ce7145c67d148635d7dff684175af141640d1f78f2bc7ce274	v12/docs/perf-baselines/2026-07-21-truthiness-cast-byte-regex-closures-compiled-c2.json
untracked	supporting-performance-report	archive-supporting	16	1099	9100bb632daaf443d0963f286639ae77ec7c3cb3c14968e9a1060d03ad0d7396	v12/docs/perf-baselines/2026-07-21-truthiness-cast-byte-regex-closures-compiled-c2.md
untracked	raw-performance-evidence	archive-raw	683	23122	d14ab71e469853f622d9b16b257f051a70f590966b9a2518350d5d86dee94ed7	v12/docs/perf-baselines/2026-07-21-truthiness-cast-byte-regex-closures-compiled.json
untracked	supporting-performance-report	archive-supporting	17	1262	8d675ba99a302e3bdb43db20e43495286a78a97b0b76a199a4985274349ad0b4	v12/docs/perf-baselines/2026-07-21-truthiness-cast-byte-regex-closures-compiled.md
untracked	raw-performance-evidence	archive-raw	220	6989	4b74e23054a37f4c9ba49e374d65f1d4fb9c291f99c88090430eae4954f7480e	v12/docs/perf-baselines/2026-07-21-truthiness-cast-byte-regex-closures-go-reference.json
untracked	supporting-performance-report	archive-supporting	15	1141	d9dafb392eb6fafd8fc549270c655ea776d9caf4b1f002a88aab2660d4e218fd	v12/docs/perf-baselines/2026-07-21-truthiness-cast-byte-regex-closures-go-reference.md
untracked	raw-performance-evidence	archive-raw	683	22189	0abbe8c4956da17b46cc453d6015457646d60a1bdb20bd90f1dbc4b6492310ea	v12/docs/perf-baselines/2026-07-21-truthiness-cast-byte-regex-closures-interpreter-reference.json
untracked	supporting-performance-report	archive-supporting	24	3264	142df5d0a62d31785acff7d6c2c0c901e8f6191ad587880b1ce0c001f8a697eb	v12/docs/perf-baselines/2026-07-21-truthiness-cast-byte-regex-closures-interpreter-reference.md
untracked	raw-performance-evidence	archive-raw	71	2721	6b06171f1ca580b119cef364ad078efe8a97e85b9d02f0c98a3f782307e86619	v12/docs/perf-baselines/2026-07-21-truthiness-cast-control-closure-reach.json
untracked	governing-decision-record	reviewed-governing	135	7167	e0664868900c81397d78a4237e36ddbadec323fb08395c7db06ae3685c1cefa5	v12/docs/perf-baselines/2026-07-21-truthiness-cast-control-closure-refresh.md
untracked	raw-performance-evidence	archive-raw	1093	37935	f8f682956e46e64bfc86072c29dc3b70b1642a1047c2409c94a4fa30c0ced1f7	v12/docs/perf-baselines/2026-07-21-truthiness-cast-control-closures-bytecode.json
untracked	supporting-performance-report	archive-supporting	18	1633	1fc7681f97876dedf42cc0ca721320a054ccd54fb0b4949e5c24b889b2cf9d2a	v12/docs/perf-baselines/2026-07-21-truthiness-cast-control-closures-bytecode.md
untracked	raw-performance-evidence	archive-raw	357	12011	46cc4a6a4bec0c1f4873de5bf029aacbb6da29417cc4f36b3613c62c7fb388a8	v12/docs/perf-baselines/2026-07-21-truthiness-cast-control-closures-compiled.json
untracked	supporting-performance-report	archive-supporting	15	947	e47c07d417a5be0152c4b57b0340984fa125d5c8d10e8c1100228e0f3767b718	v12/docs/perf-baselines/2026-07-21-truthiness-cast-control-closures-compiled.md
untracked	raw-performance-evidence	archive-raw	116	3658	8e935bfad3376dcad132ceb763b802c737d621a11dfb122a66a337a72bc3078c	v12/docs/perf-baselines/2026-07-21-truthiness-cast-control-closures-go-reference.json
untracked	supporting-performance-report	archive-supporting	13	740	6aaf8f998ac54ad66ba47a7f6bb6aa1df08091c10d6268ad90cb4837d614caed	v12/docs/perf-baselines/2026-07-21-truthiness-cast-control-closures-go-reference.md
untracked	raw-performance-evidence	archive-raw	573	18519	3a685801d071f8c328884591713c78ef28c54b12c2db90e8382915b18d92bb78	v12/docs/perf-baselines/2026-07-21-truthiness-cast-control-closures-interpreter-reference.json
untracked	supporting-performance-report	archive-supporting	22	2756	ba725f3ebfa8388325f4b9ad1ab19b40cbcddf2eb9a418c7f1b4e4caea178845	v12/docs/perf-baselines/2026-07-21-truthiness-cast-control-closures-interpreter-reference.md
untracked	raw-performance-evidence	archive-raw	186	6130	6fe41268fda34fee9816108328c1a79f88e95ee06921895aed6549243d0be570	v12/docs/perf-baselines/2026-07-21-truthiness-cast-control-closures-matrix-c2-compiled.json
untracked	supporting-performance-report	archive-supporting	14	774	a1b8db4506ed4f758a4cb52b0ced0005a4dc6ff0f2acec4a6a1e62704449bc7f	v12/docs/perf-baselines/2026-07-21-truthiness-cast-control-closures-matrix-c2-compiled.md
untracked	raw-performance-evidence	archive-raw	64	1971	59086842c109cd22f56ed37e7e408a4d20cd1c4b682662b10aa499278389808b	v12/docs/perf-baselines/2026-07-21-truthiness-cast-control-closures-matrix-c2-go-reference.json
untracked	supporting-performance-report	archive-supporting	12	531	0aa6a14ca8be118621e3f91783980ad33b649dd1051065520ca44356b997fefb	v12/docs/perf-baselines/2026-07-21-truthiness-cast-control-closures-matrix-c2-go-reference.md
untracked	raw-performance-evidence	archive-raw	192	6432	3641358975f810a13284bf8350d5441d6dee33cc01d403da6de9d72940c68521	v12/docs/perf-baselines/2026-07-21-truthiness-cast-control-closures-tape-c2-compiled.json
untracked	supporting-performance-report	archive-supporting	14	780	1c6e5e31a786dce85e0cdd4936a81e2805dcac1717ab06ae447eb3da02b0fc98	v12/docs/perf-baselines/2026-07-21-truthiness-cast-control-closures-tape-c2-compiled.md
untracked	raw-performance-evidence	archive-raw	64	1975	6ddc4a5a2210120c6a19010c747b843147880b74234bd2003eb905e09de8a8ba	v12/docs/perf-baselines/2026-07-21-truthiness-cast-control-closures-tape-c2-go-reference.json
untracked	supporting-performance-report	archive-supporting	12	534	1e8c6f99113417062827c504d31f354dd1d098f21ad401797853a36631a2a84a	v12/docs/perf-baselines/2026-07-21-truthiness-cast-control-closures-tape-c2-go-reference.md
untracked	governing-decision-record	reviewed-governing	87	4930	d41d9d0f78adb7b3753c015fafdf9bda09a92bf03bcf42ab169d1052defce18d	v12/docs/perf-baselines/2026-07-21-truthiness-cast-cross-family-architecture-ownership-audit.md
untracked	raw-performance-evidence	archive-raw	118	6742	d2673c1762a3ab122435d0a08d6be3f6e01e45b23a83a4d879d6c7225ccd576a	v12/docs/perf-baselines/2026-07-21-truthiness-cast-cross-family-architecture-ownership-census.json
untracked	raw-performance-evidence	archive-raw	100	2670	c5fe7c3fe78ca77586e2cc275abbc99496644d6e0028ca4e45914c00486f68f3	v12/docs/perf-baselines/2026-07-21-truthiness-cast-near-path-closure-compiled-reach.json
untracked	supporting-performance-report	archive-supporting	13	901	c16abab429e4ebb27747c70d01db26077500bf29255c9f1e325ef55b7f383e03	v12/docs/perf-baselines/2026-07-21-truthiness-cast-near-path-closure-compiled-reach.md
untracked	raw-performance-evidence	archive-raw	35	2259	4bc8a51e97559ae64a198b9dcfe669cf0831effe93a2a7bea01ee645f043b576	v12/docs/perf-baselines/2026-07-21-truthiness-cast-near-path-closure-reach.json
untracked	governing-decision-record	reviewed-governing	141	7675	843df29b9f2fcf8d3b5aa2b662918ad65dd120140a386efd511d7c57be000ef5	v12/docs/perf-baselines/2026-07-21-truthiness-cast-near-path-closure-refresh.md
untracked	raw-performance-evidence	archive-raw	866	29824	3e27208085176756b2ca3023238bbcbad9be3b98685b6f147f0335246001ee99	v12/docs/perf-baselines/2026-07-21-truthiness-cast-near-path-closures-bytecode.json
untracked	supporting-performance-report	archive-supporting	17	1403	2aa0de6a4f97b98fe5f9989a2882b3b3fe8f10170250b98554b8e2c6ee00dc40	v12/docs/perf-baselines/2026-07-21-truthiness-cast-near-path-closures-bytecode.md
untracked	raw-performance-evidence	archive-raw	852	29076	8a00a20ed60e7be446164a214f7974d95033dd9bbfb951f6e37e8fde891f1807	v12/docs/perf-baselines/2026-07-21-truthiness-cast-near-path-closures-compiled.json
untracked	supporting-performance-report	archive-supporting	18	1471	2488e8dff1740dea2ad0dc4cef6b583db207d4ee385c214a35851d71ad954224	v12/docs/perf-baselines/2026-07-21-truthiness-cast-near-path-closures-compiled.md
untracked	raw-performance-evidence	archive-raw	78	2359	47bc2184e6d3d2992985b91186a88d30e641ee2477191bad746d8ffbb7677a46	v12/docs/perf-baselines/2026-07-21-truthiness-cast-near-path-closures-distance-ruby-c2-reference.json
untracked	supporting-performance-report	archive-supporting	13	677	99e278e088647cb69b7d40218b828b2e85dfa42d46c16034a001844f5825b4da	v12/docs/perf-baselines/2026-07-21-truthiness-cast-near-path-closures-distance-ruby-c2-reference.md
untracked	raw-performance-evidence	archive-raw	444	15193	27b7d59147c3990978a5139e6cf45968227a47ec26bf298b9ab1ce85b5cd628a	v12/docs/perf-baselines/2026-07-21-truthiness-cast-near-path-closures-float-c2-bytecode.json
untracked	supporting-performance-report	archive-supporting	15	1041	15ab9f320c7e85410c7783590e334138be5c3d2e4c907cf358725f895649dc70	v12/docs/perf-baselines/2026-07-21-truthiness-cast-near-path-closures-float-c2-bytecode.md
untracked	raw-performance-evidence	archive-raw	272	8717	b5583d1bc7e3aa2e48705a4bd2e79f515c84364a765fa8abdb56ab8dbe124efd	v12/docs/perf-baselines/2026-07-21-truthiness-cast-near-path-closures-go-reference.json
untracked	supporting-performance-report	archive-supporting	16	1366	e8a7cabd4b37e5495f7b3d31e85bb5b5fe4cf0eda761ecb9505aa21c2eab25f6	v12/docs/perf-baselines/2026-07-21-truthiness-cast-near-path-closures-go-reference.md
untracked	raw-performance-evidence	archive-raw	471	15514	2102cd653daa5a19a53746bc29297dc22496a1964f32974c66ad3e90aa47a013	v12/docs/perf-baselines/2026-07-21-truthiness-cast-near-path-closures-interpreter-reference.json
untracked	supporting-performance-report	archive-supporting	20	2814	9bd2e683db09c9112770333571abc123359febaa11b0f3ce3d0871ee92110ca6	v12/docs/perf-baselines/2026-07-21-truthiness-cast-near-path-closures-interpreter-reference.md
untracked	raw-performance-evidence	archive-raw	192	6420	c4c466f5c0f43fd8b565d62283de8383b426256a048680a70dee8e4b0bc76b5b	v12/docs/perf-baselines/2026-07-21-truthiness-cast-near-path-closures-lexical-c2-compiled.json
untracked	supporting-performance-report	archive-supporting	14	777	89dc8b31278a4f541a3e0e3fa1b09535d2512c6ffc77cf8f3e8487dd7d8df0ba	v12/docs/perf-baselines/2026-07-21-truthiness-cast-near-path-closures-lexical-c2-compiled.md
untracked	raw-performance-evidence	archive-raw	64	1971	c480d2c39b8c481be32e1a1f92f62e0311fddfda4f6f035423763fd1cbdb6b7a	v12/docs/perf-baselines/2026-07-21-truthiness-cast-near-path-closures-lexical-c2-go-reference.json
untracked	supporting-performance-report	archive-supporting	12	531	95d482abab81653905d242103b51fb63bc5b77b5cb68bccedc000ebf9bd3a8b4	v12/docs/perf-baselines/2026-07-21-truthiness-cast-near-path-closures-lexical-c2-go-reference.md
untracked	raw-performance-evidence	archive-raw	192	6432	9f2f4cd276cbcbdbdca443f204fc0d3c7d38f53d5cbcbeca9ee6c1ef4169db13	v12/docs/perf-baselines/2026-07-21-truthiness-cast-near-path-closures-lexical-c3-compiled.json
untracked	supporting-performance-report	archive-supporting	14	788	ac31c200cf9f47d2429f3314dd730335f961760aa9274da8b255483fdfc1fade	v12/docs/perf-baselines/2026-07-21-truthiness-cast-near-path-closures-lexical-c3-compiled.md
untracked	raw-performance-evidence	archive-raw	64	1971	cd414e9884efdaf9b0a79d30b8cda7c14d5076f9ddf39d24f65cbe4d55cfc26c	v12/docs/perf-baselines/2026-07-21-truthiness-cast-near-path-closures-lexical-c3-go-reference.json
untracked	supporting-performance-report	archive-supporting	12	531	f46cbd880d8b0a49a1cf25c4d566f0ff8b685a471f1e56d1ecf15e79acd67406	v12/docs/perf-baselines/2026-07-21-truthiness-cast-near-path-closures-lexical-c3-go-reference.md
untracked	raw-performance-evidence	archive-raw	141	4859	e7260bcdc8d3ba43fbce1db21df982238928d83eb74e8d5de98c7810b6c455e4	v12/docs/perf-baselines/2026-07-21-truthiness-cast-near-path-closures-monte-c2-interpreter-reference.json
untracked	supporting-performance-report	archive-supporting	14	1472	7adad1f0a9df1c041f6257a33b921f2796d737dae290c2188d4321ed713895d4	v12/docs/perf-baselines/2026-07-21-truthiness-cast-near-path-closures-monte-c2-interpreter-reference.md
untracked	raw-performance-evidence	archive-raw	100	2589	be0fb294148a1333d39f8409968ffdc13faabb6aa88d7ac87fff5c3c9b01f080	v12/docs/perf-baselines/2026-07-21-truthiness-cast-numeric-next-closure-compiled-reach.json
untracked	supporting-performance-report	archive-supporting	13	859	7591c41511d38acb0da5f263856cd112294f5e5703baf1ffbdd68301a32cfb88	v12/docs/perf-baselines/2026-07-21-truthiness-cast-numeric-next-closure-compiled-reach.md
untracked	raw-performance-evidence	archive-raw	30	2361	c71b916bbaacfee290a86110b710942b2eb32c81ff41175d41e8867846273d40	v12/docs/perf-baselines/2026-07-21-truthiness-cast-numeric-next-closure-reach.json
untracked	governing-decision-record	reviewed-governing	149	7960	0e5b420ded67820ddf7f23c79412622c9643294ca650374b1db22c08e5d1ea5f	v12/docs/perf-baselines/2026-07-21-truthiness-cast-numeric-next-closure-refresh.md
untracked	raw-performance-evidence	archive-raw	655	22662	34abe088c348247ed0e97e5d4eeb89945b82a14c43176c8276033304365ea85b	v12/docs/perf-baselines/2026-07-21-truthiness-cast-numeric-next-closures-bytecode.json
untracked	supporting-performance-report	archive-supporting	16	1261	462594a148e94a653d9c97d69ccb1e7b02dd85ef7c38f247c04a96191cf29a17	v12/docs/perf-baselines/2026-07-21-truthiness-cast-numeric-next-closures-bytecode.md
untracked	raw-performance-evidence	archive-raw	116	3625	f958fbdb011842587486b6ec47b2e612cd2e0dc80deb3a89e13cf711e6cdcec1	v12/docs/perf-baselines/2026-07-21-truthiness-cast-numeric-next-closures-compiled-c2-go-reference.json
untracked	supporting-performance-report	archive-supporting	13	728	fc0ccbb51dbbbe313403193921c1ec6615801015087a0db47360a787fcd8a201	v12/docs/perf-baselines/2026-07-21-truthiness-cast-numeric-next-closures-compiled-c2-go-reference.md
untracked	raw-performance-evidence	archive-raw	347	11613	e489825222985389b394a71179aa246d519e67ddcd55d08f9d3aa5f9af368858	v12/docs/perf-baselines/2026-07-21-truthiness-cast-numeric-next-closures-compiled-c2.json
untracked	supporting-performance-report	archive-supporting	15	940	f041e2cc6eb0ee6ebae7b7cfbeebc78edf93231eaf3be2e3a5cc25f013179e54	v12/docs/perf-baselines/2026-07-21-truthiness-cast-numeric-next-closures-compiled-c2.md
untracked	raw-performance-evidence	archive-raw	836	28208	c53474dd6f2e2c8faaae3868e4a3170e883109d974f5da4fe3ab2d6004c8de95	v12/docs/perf-baselines/2026-07-21-truthiness-cast-numeric-next-closures-compiled.json
untracked	supporting-performance-report	archive-supporting	18	1409	fdd8b56fa486d5e1993ca41df25ba409af7d2d71dcea2a85bb57212db28db805	v12/docs/perf-baselines/2026-07-21-truthiness-cast-numeric-next-closures-compiled.md
untracked	raw-performance-evidence	archive-raw	78	2319	ab17e52ca60f35fbda837a540122f9678c891ac66ea8d4401a7fdcec0b1a0a57	v12/docs/perf-baselines/2026-07-21-truthiness-cast-numeric-next-closures-fixed-python-c2-reference.json
untracked	supporting-performance-report	archive-supporting	13	628	19031d1ac18c8376260389ebfd199032bfee69636b19f6e5a345b463a9d46359	v12/docs/perf-baselines/2026-07-21-truthiness-cast-numeric-next-closures-fixed-python-c2-reference.md
untracked	raw-performance-evidence	archive-raw	276	8963	2a4ee4dcd99df2c95da9b7b27e012fa044d3c636117e9c4d2287b9759cc805e6	v12/docs/perf-baselines/2026-07-21-truthiness-cast-numeric-next-closures-go-reference.json
untracked	supporting-performance-report	archive-supporting	16	1613	acdcd83b3734e7d6a1df04babea689bda854c3d6220a0a8a51b47a460c854163	v12/docs/perf-baselines/2026-07-21-truthiness-cast-numeric-next-closures-go-reference.md
untracked	raw-performance-evidence	archive-raw	353	11377	44c295b7dd327bf7e1a8a908277c24622c17205438df6c4763b9b927893f7516	v12/docs/perf-baselines/2026-07-21-truthiness-cast-numeric-next-closures-interpreter-reference.json
untracked	supporting-performance-report	archive-supporting	18	1842	b03bce509410ceaeedf524dd65442a4d3022de58142255618b878c9a6c33bf96	v12/docs/perf-baselines/2026-07-21-truthiness-cast-numeric-next-closures-interpreter-reference.md
untracked	raw-performance-evidence	archive-raw	116	3154	d2f9597ceeb7b540fa6f68522529b01c2f790a0b1d962224d7c76058e7b3c3df	v12/docs/perf-baselines/2026-07-21-truthiness-cast-regex-concurrency-closure-compiled-reach.json
untracked	supporting-performance-report	archive-supporting	14	1016	52d0044d9de6848b428a6c83bdb44bbefd63fd73d492ef8786c804b4df13223a	v12/docs/perf-baselines/2026-07-21-truthiness-cast-regex-concurrency-closure-compiled-reach.md
untracked	raw-performance-evidence	archive-raw	39	4242	76224c16eab979ccaa130ca96851af9819b361d38c02a8f7612ba948d90dd33c	v12/docs/perf-baselines/2026-07-21-truthiness-cast-regex-concurrency-closure-reach.json
untracked	governing-decision-record	reviewed-governing	132	7718	d484fa9aa3b3a0217f01b7342cfbd6c792386b6cf4f58723593e59d34d059778	v12/docs/perf-baselines/2026-07-21-truthiness-cast-regex-concurrency-closure-refresh.md
untracked	raw-performance-evidence	archive-raw	2367	82636	562e70ed6b97e85b89413d2294e6f52a4bbe2cdd5c66aaabfc9249268cc9713e	v12/docs/perf-baselines/2026-07-21-truthiness-cast-regex-concurrency-closures-bytecode.json
untracked	supporting-performance-report	archive-supporting	24	2821	2edcd65a72212ab5a6d2ac37e195e4c78ec80c913ec086046c9881e056c584af	v12/docs/perf-baselines/2026-07-21-truthiness-cast-regex-concurrency-closures-bytecode.md
untracked	raw-performance-evidence	archive-raw	2367	82667	5c8b5dc6eb9bd633762bc7fe8f6438c82f9572d7c0fff83abbccdd411ec01aec	v12/docs/perf-baselines/2026-07-21-truthiness-cast-regex-concurrency-closures-c2-bytecode.json
untracked	supporting-performance-report	archive-supporting	24	2823	6249a923cbe3f94791e8e54e1542a8468024f6b74bca6c8f396d508c3cab2d46	v12/docs/perf-baselines/2026-07-21-truthiness-cast-regex-concurrency-closures-c2-bytecode.md
untracked	raw-performance-evidence	archive-raw	1047	36020	85f5162c60e1b48e74bb932008be977b76aaa7bdcec62d5530ab895dbf8c2c65	v12/docs/perf-baselines/2026-07-21-truthiness-cast-regex-concurrency-closures-c2-compiled.json
untracked	supporting-performance-report	archive-supporting	19	1704	2785255528aad4fb9c008723f6d0f28f8a5968ee49498e6d988ce8db076b1db0	v12/docs/perf-baselines/2026-07-21-truthiness-cast-regex-concurrency-closures-c2-compiled.md
untracked	raw-performance-evidence	archive-raw	324	10447	443fca0948c3918e42bafc410580dd7ad528547dcdf3fae6a92fd268014026d9	v12/docs/perf-baselines/2026-07-21-truthiness-cast-regex-concurrency-closures-c2-go-reference.json
untracked	supporting-performance-report	archive-supporting	17	1599	bb88e2dcb26382ee38d13aec297b31b1293af056a9e4f8a2b1296661e649a4ad	v12/docs/perf-baselines/2026-07-21-truthiness-cast-regex-concurrency-closures-c2-go-reference.md
untracked	raw-performance-evidence	archive-raw	1233	40128	24932f01c53a1924bc7d65eb2e04a9389af70768f415e84918f4df034debea67	v12/docs/perf-baselines/2026-07-21-truthiness-cast-regex-concurrency-closures-c2-interpreter-reference.json
untracked	supporting-performance-report	archive-supporting	34	5556	92de6df35dfe24b972d9d8f281115b0ac698c84f5231110b801102ba04c31c41	v12/docs/perf-baselines/2026-07-21-truthiness-cast-regex-concurrency-closures-c2-interpreter-reference.md
untracked	raw-performance-evidence	archive-raw	1047	36039	7736fadea4e918e4b04b4b509121abb3f7fae45cf5398aa9cb9f4c0ce209df3e	v12/docs/perf-baselines/2026-07-21-truthiness-cast-regex-concurrency-closures-compiled.json
untracked	supporting-performance-report	archive-supporting	19	1701	f7f79b15c7602eee14c225acc1819f12406f73aae6d87f2c70b54a5517afe0ad	v12/docs/perf-baselines/2026-07-21-truthiness-cast-regex-concurrency-closures-compiled.md
untracked	raw-performance-evidence	archive-raw	324	10453	e48dc746bbaf4dd3ac107d96a7bc6f94ac1c9fbdb9e99b2a264c09536853e33e	v12/docs/perf-baselines/2026-07-21-truthiness-cast-regex-concurrency-closures-go-reference.json
untracked	supporting-performance-report	archive-supporting	17	1599	e225297c649564ff740e8ce8ecfb366c18451c1366d2c8ec302b7db4336b6b27	v12/docs/perf-baselines/2026-07-21-truthiness-cast-regex-concurrency-closures-go-reference.md
untracked	raw-performance-evidence	archive-raw	1233	40120	9a053ff9a956aa40bdeef3230a897f6d6b025e32ba54595251a6dd2808f4b9f2	v12/docs/perf-baselines/2026-07-21-truthiness-cast-regex-concurrency-closures-interpreter-reference.json
untracked	supporting-performance-report	archive-supporting	34	5556	2710b82c719f79873c721eed509c68ccbf740537c64aec546d8a1439626a73b5	v12/docs/perf-baselines/2026-07-21-truthiness-cast-regex-concurrency-closures-interpreter-reference.md
untracked	raw-performance-evidence	archive-raw	184	6102	1083c576077f15e7864f18b1272efaa13984d35c201e7f7a2037374a8d403a92	v12/docs/perf-baselines/2026-07-21-truthiness-cast-sudoku-quotient-c2-compiled.json
untracked	supporting-performance-report	archive-supporting	14	769	b76fdbd800bef461a0cf7951f3d25548e405088f9fd0ac5d5c12701d6fde5845	v12/docs/perf-baselines/2026-07-21-truthiness-cast-sudoku-quotient-c2-compiled.md
untracked	raw-performance-evidence	archive-raw	64	1967	99f569ca05b0afdf8183edff35eefc31c5eded8cb60e120773da75fb68cd73a0	v12/docs/perf-baselines/2026-07-21-truthiness-cast-sudoku-quotient-c2-go-reference.json
untracked	supporting-performance-report	archive-supporting	12	529	820a6efb6d21c34de22b05a48123ef7c5cd94bc97a732525bc0378bc0a659105	v12/docs/perf-baselines/2026-07-21-truthiness-cast-sudoku-quotient-c2-go-reference.md
untracked	raw-performance-evidence	archive-raw	70	2618	fa0559a336d9e2149900247b58c46997f1c0aaad8aba206bb4a0303324f56296	v12/docs/perf-baselines/2026-07-21-truthiness-cast-sudoku-quotient-closure-reach.json
untracked	governing-decision-record	reviewed-governing	127	6059	f592815ae8cbe074da37d7508af84a88ebdfdb8828894404be56cefc51496421	v12/docs/perf-baselines/2026-07-21-truthiness-cast-sudoku-quotient-closure-refresh.md
untracked	raw-performance-evidence	archive-raw	30	674	26a04d46282efd83d23d03f8c1ae9c3e091d19a522032e1773bc801ba43ad371	v12/docs/perf-baselines/2026-07-21-truthiness-cast-sudoku-quotient-compiled-reach.json
untracked	supporting-performance-report	archive-supporting	9	546	1a529b569aa922f358cebc2f5c9f38af243298e5d72a711fc2bc0e7f45bc1be7	v12/docs/perf-baselines/2026-07-21-truthiness-cast-sudoku-quotient-compiled-reach.md
untracked	raw-performance-evidence	archive-raw	184	6102	f94eb33bdf9f560cc6f0bb26f4bb28ca0f1a2a6a5a7a00a7b5f69075a4cca4fc	v12/docs/perf-baselines/2026-07-21-truthiness-cast-sudoku-quotient-compiled.json
untracked	supporting-performance-report	archive-supporting	14	769	9092fc67064483965e79cd203047c0ab556146dfb3d92e0536c8316e8095d1e0	v12/docs/perf-baselines/2026-07-21-truthiness-cast-sudoku-quotient-compiled.md
untracked	raw-performance-evidence	archive-raw	64	1967	f2750c555e4c0f888065fb859b316355f02ebff24d5f0c29891fb962c0b540af	v12/docs/perf-baselines/2026-07-21-truthiness-cast-sudoku-quotient-go-reference.json
untracked	supporting-performance-report	archive-supporting	12	529	2ccf28547c1f522cfcf3253d87a3debff545df194a266e1ab625b0cb533c5111	v12/docs/perf-baselines/2026-07-21-truthiness-cast-sudoku-quotient-go-reference.md
untracked	governing-decision-record	reviewed-governing	130	6656	83c7901ca2d6caabe12c9010b14753234d4a9e9739bfe9b005ef62b589843395	v12/docs/perf-baselines/2026-07-21-truthiness-cast-target-guard-refresh.md
untracked	raw-performance-evidence	archive-raw	446	15130	9307ed901c24daaa90f880a68fc71740f243a2f8b0315b7962967030f09bc9e4	v12/docs/perf-baselines/2026-07-21-truthiness-cast-target-guards-bytecode.json
untracked	supporting-performance-report	archive-supporting	15	1017	e8a8ba12c4292812f8299cc9cb116c96057b0b2a28beec7f53676c009a9dbb9c	v12/docs/perf-baselines/2026-07-21-truthiness-cast-target-guards-bytecode.md
untracked	raw-performance-evidence	archive-raw	673	22605	ced7f885aac3364870086f9af07372d84424e2c035188b00fab6a5ffa2c68737	v12/docs/perf-baselines/2026-07-21-truthiness-cast-target-guards-compiled.json
untracked	supporting-performance-report	archive-supporting	17	1215	d820939d582bf4f577ec5aaa4b7e76069bd779ebb5e87491732a26420fdcbdc8	v12/docs/perf-baselines/2026-07-21-truthiness-cast-target-guards-compiled.md
untracked	raw-performance-evidence	archive-raw	184	6024	a8d3f77eb7c1c90f4f869b260802d97b3114cb6368796035c23004d6e57dff3d	v12/docs/perf-baselines/2026-07-21-truthiness-cast-target-guards-fib-c2-compiled.json
untracked	supporting-performance-report	archive-supporting	14	749	4804ad9b54f6200a9c949aa8562ad4cb025cf13be89d43e30e31b6ed8d2c8224	v12/docs/perf-baselines/2026-07-21-truthiness-cast-target-guards-fib-c2-compiled.md
untracked	raw-performance-evidence	archive-raw	64	1949	66a82a7da50bdd5a23d04fba352f916107ac8ec89a63e056b031e00dfd81f5d6	v12/docs/perf-baselines/2026-07-21-truthiness-cast-target-guards-fib-c2-go-reference.json
untracked	supporting-performance-report	archive-supporting	12	520	6f35aaa2100a9783244c0b9d8f9b99f16a1921d780f31f01a881eb2cf760ceae	v12/docs/perf-baselines/2026-07-21-truthiness-cast-target-guards-fib-c2-go-reference.md
untracked	raw-performance-evidence	archive-raw	220	6971	d645e7f02ff1348c3f4f456c30ebaeda38ca50989065927f7b2050b48b3e8dc5	v12/docs/perf-baselines/2026-07-21-truthiness-cast-target-guards-go-reference.json
untracked	supporting-performance-report	archive-supporting	15	1121	91b9373070e436e4c2c72496329283331a45cb4391696818535dd0f994c69c30	v12/docs/perf-baselines/2026-07-21-truthiness-cast-target-guards-go-reference.md
untracked	raw-performance-evidence	archive-raw	243	7721	1859c2fee74e1d28a811c2adb4c68f2dda7faa7cbdd5bb043094c21d0a29e5c3	v12/docs/perf-baselines/2026-07-21-truthiness-cast-target-guards-interpreter-reference.json
untracked	supporting-performance-report	archive-supporting	16	1341	92389d0781b5b76363f47b71fe3a514188037595d0574e57efe0b03dfd0a5273	v12/docs/perf-baselines/2026-07-21-truthiness-cast-target-guards-interpreter-reference.md
untracked	raw-performance-evidence	archive-raw	106	2883	32a849b86f7cfb4dea2abc77da4b8a8f22a6b12a15e2fdbd82a043411d908c26	v12/docs/perf-baselines/2026-07-21-truthiness-cast-text-byte-next-closure-compiled-reach.json
untracked	supporting-performance-report	archive-supporting	13	952	b99137025119406c6c900533eb648f1c371d01402e22dde58561a0d6d2f8e7e5	v12/docs/perf-baselines/2026-07-21-truthiness-cast-text-byte-next-closure-compiled-reach.md
untracked	raw-performance-evidence	archive-raw	78	2425	e5e6a33ae61f0b511296ed2963e81102e9699a2b57342b707efd2ac4225b6fc6	v12/docs/perf-baselines/2026-07-21-truthiness-cast-text-byte-next-closure-reach.json
untracked	governing-decision-record	reviewed-governing	123	6484	2161ecbb57ff33a94d384070d943fc50a00be5aa1e746cd43252c1736b77bfab	v12/docs/perf-baselines/2026-07-21-truthiness-cast-text-byte-next-closure-refresh.md
untracked	raw-performance-evidence	archive-raw	663	22879	0b16eacb8943dc9c1f3a850155e5b0b32980d7fe71d8e0cc9fa8c7aff9bb2c00	v12/docs/perf-baselines/2026-07-21-truthiness-cast-text-byte-next-closures-bytecode.json
untracked	supporting-performance-report	archive-supporting	16	1241	f9c189fdd0cb0645f6df8bce95b5b9e3c86cfc7e1ba1a34e504278027b2e8925	v12/docs/perf-baselines/2026-07-21-truthiness-cast-text-byte-next-closures-bytecode.md
untracked	raw-performance-evidence	archive-raw	116	3644	bf76c6ffca7c26564085be796dfbc2dc604b0614ce2571dba24797d02912de99	v12/docs/perf-baselines/2026-07-21-truthiness-cast-text-byte-next-closures-compiled-c2-go-reference.json
untracked	supporting-performance-report	archive-supporting	13	733	1df55cfdef4072b68f9b9e13824db42939fbd1a6b0dc1b3ca541777ebe9b4a91	v12/docs/perf-baselines/2026-07-21-truthiness-cast-text-byte-next-closures-compiled-c2-go-reference.md
untracked	raw-performance-evidence	archive-raw	363	12209	27805b64b6424c6e80662228976944a284ca7f299cba1a176a8985c90cc5dfd0	v12/docs/perf-baselines/2026-07-21-truthiness-cast-text-byte-next-closures-compiled-c2.json
untracked	supporting-performance-report	archive-supporting	15	953	33c3cedc43483493a6a79f2a71cef30dea1963960eb12445bacea370ee004b01	v12/docs/perf-baselines/2026-07-21-truthiness-cast-text-byte-next-closures-compiled-c2.md
untracked	raw-performance-evidence	archive-raw	860	29338	fa60ea9a5810085e554a92ab84a94e7ff3e7ccc2c6ae93d215e6f4e72f413101	v12/docs/perf-baselines/2026-07-21-truthiness-cast-text-byte-next-closures-compiled.json
untracked	supporting-performance-report	archive-supporting	18	1479	12e392f26a7a499a7b15f845efb1c6ad45e96b52fceefcafe5a418d575cc7679	v12/docs/perf-baselines/2026-07-21-truthiness-cast-text-byte-next-closures-compiled.md
untracked	raw-performance-evidence	archive-raw	272	8716	4b5af7bdc91abfc97bcb4b63aa490a3be6eaea898bf62428817234e104c2aae0	v12/docs/perf-baselines/2026-07-21-truthiness-cast-text-byte-next-closures-go-reference.json
untracked	supporting-performance-report	archive-supporting	16	1368	0e07307038e87e528f9747803e28c01545d226ca3464b77cd57f51053e731393	v12/docs/perf-baselines/2026-07-21-truthiness-cast-text-byte-next-closures-go-reference.md
untracked	raw-performance-evidence	archive-raw	353	11336	84cbe514b1b55f40b05d30c0f1da9998479cdd052f2507534d2572e94a47a0ce	v12/docs/perf-baselines/2026-07-21-truthiness-cast-text-byte-next-closures-interpreter-reference.json
untracked	supporting-performance-report	archive-supporting	18	1822	a5b74bb525e9f02516cb3dac54161971cf41e66fbb0ba4230b998ea4ed181922	v12/docs/perf-baselines/2026-07-21-truthiness-cast-text-byte-next-closures-interpreter-reference.md
untracked	raw-performance-evidence	archive-raw	72	1910	c0ef0b9a25828e4be170f935109a2b3f54ab3d643806dddd68844290c7cd1924	v12/docs/perf-baselines/2026-07-21-truthiness-cast-wide-text-closure-compiled-reach.json
untracked	supporting-performance-report	archive-supporting	11	801	09ae8c8e52cb9763c53e63d556279529dba5285f59de472afde9793a11174315	v12/docs/perf-baselines/2026-07-21-truthiness-cast-wide-text-closure-compiled-reach.md
untracked	raw-performance-evidence	archive-raw	78	2661	464712df320bfd60da1616f5844657714cf501ea16d554a241439faeb9f647db	v12/docs/perf-baselines/2026-07-21-truthiness-cast-wide-text-closure-reach.json
untracked	governing-decision-record	reviewed-governing	126	6714	2f64b3d965b7658f8b5d5e90b6da74302355e8ee320fa5908226927f80a0ac4b	v12/docs/perf-baselines/2026-07-21-truthiness-cast-wide-text-closure-refresh.md
untracked	raw-performance-evidence	archive-raw	1101	38237	a4f2cdbe9a17e061b4d6c912abf5df14059c2316462c8aa459eaf088f4cb1723	v12/docs/perf-baselines/2026-07-21-truthiness-cast-wide-text-closures-bytecode.json
untracked	supporting-performance-report	archive-supporting	18	1640	4dc1727bf0d7814b7868a71117f6587576b2543ec1313dc2e62b8378cd8b229f	v12/docs/perf-baselines/2026-07-21-truthiness-cast-wide-text-closures-bytecode.md
untracked	raw-performance-evidence	archive-raw	510	17294	96c841a5ff94a5c93a3e69b7fda31e1970ad4a40e049fe0de0c712f0ff45a44c	v12/docs/perf-baselines/2026-07-21-truthiness-cast-wide-text-closures-compiled.json
untracked	supporting-performance-report	archive-supporting	16	1127	c7524509f025d5b6d65dc73cb7bd0e45cf305be8fef0968e52be6d794a0d1ef5	v12/docs/perf-baselines/2026-07-21-truthiness-cast-wide-text-closures-compiled.md
untracked	raw-performance-evidence	archive-raw	168	5346	f18bff7d59c3d7b4d0f33c048188e0feeb0646b3aba548a0a81f11b2d1d98698	v12/docs/perf-baselines/2026-07-21-truthiness-cast-wide-text-closures-go-reference.json
untracked	supporting-performance-report	archive-supporting	14	951	1efc1072177395b261238e396739a58c1c7b8a60e5d8fdf78725a4fa5fc13bfa	v12/docs/perf-baselines/2026-07-21-truthiness-cast-wide-text-closures-go-reference.md
untracked	raw-performance-evidence	archive-raw	573	18532	d4f66e4c4fafb12a8de20e801e3646d8b041db06768fcf184e1af3385d52a406	v12/docs/perf-baselines/2026-07-21-truthiness-cast-wide-text-closures-interpreter-reference.json
untracked	supporting-performance-report	archive-supporting	22	2760	f654c3e6866844ecf5f44e3a3c743aca0d84829c9b9c8086270bae4969d15eb8	v12/docs/perf-baselines/2026-07-21-truthiness-cast-wide-text-closures-interpreter-reference.md
untracked	raw-performance-evidence	archive-raw	133	4142	1433ab52573d362f2672376eefc485b38c09a0937a6b467fd0a9b49b9ad0f7bd	v12/docs/perf-baselines/2026-07-21-truthiness-cast-wide-text-closures-python-c2-reference.json
untracked	supporting-performance-report	archive-supporting	14	874	02f18b036e05e74086aa8f14598ef1bfe0fcd0e3d5def6e05c8aa5b5162cb4f3	v12/docs/perf-baselines/2026-07-21-truthiness-cast-wide-text-closures-python-c2-reference.md
untracked	governing-decision-record	reviewed-governing	134	6371	6118a8630f2da7b04773fa4c1720a3ad31244e5f84100323037554b84370f0ab	v12/docs/perf-baselines/2026-07-21-validated-job-file-entry-application-gate.md
untracked	raw-performance-evidence	archive-raw	65	15891	9ca7550a29350678498e34faeacf2d3c280b61b6993d81ddb41f9f700f49bf1b	v12/docs/perf-baselines/2026-07-21-validated-job-file-entry-bytecode-profile.pb.gz
untracked	raw-performance-evidence	archive-raw	68	5669	467223252d373d21c85e4aa63a11ee2214f09accc0a40aaaaf1dcb3793977384	v12/docs/perf-baselines/2026-07-21-validated-job-file-entry-bytecode-profile.txt
untracked	raw-performance-evidence	archive-raw	413	14306	1e940ea6cbe08b33719423549405132b0aebe58e2a9d6b431f64c82b9a2d476d	v12/docs/perf-baselines/2026-07-21-validated-job-file-entry-comparison-c.json
untracked	supporting-performance-report	archive-supporting	16	1265	80e41a3c9faf7a8306bde86c316e61e6ff7d954d8776191919a77003918beff2	v12/docs/perf-baselines/2026-07-21-validated-job-file-entry-comparison-c.md
untracked	raw-performance-evidence	archive-raw	413	14289	e3cbe29ede948546f0b4c83947679ba9462cec2855d1e8df57dbe24a75065bf2	v12/docs/perf-baselines/2026-07-21-validated-job-file-entry-comparison-d.json
untracked	supporting-performance-report	archive-supporting	16	1265	2841be508607550721303ab0ec170d7d933110a8c11867598aceef45dc0503fe	v12/docs/perf-baselines/2026-07-21-validated-job-file-entry-comparison-d.md
untracked	raw-performance-evidence	archive-raw	40	11819	52412fb965ecc75859bcf7617fc7428a36490b71243f2c5410e2a0915e90690d	v12/docs/perf-baselines/2026-07-21-validated-job-file-entry-compiled-main-profile.pb.gz
untracked	raw-performance-evidence	archive-raw	59	4136	9e07e90e84a59ed2a7247a5fafbc9b810767bd14ca7d342221aed3c30c332bc3	v12/docs/perf-baselines/2026-07-21-validated-job-file-entry-compiled-main-profile.txt
untracked	raw-performance-evidence	archive-raw	64	1994	69e5e755cf6cd95588dd1b15924285b54fd911b93e905ad8b71b892fde372f40	v12/docs/perf-baselines/2026-07-21-validated-job-file-entry-go-reference-c.json
untracked	supporting-performance-report	archive-supporting	12	539	3668e9ae2443fdf88f90793bedb0bc8db596a5405c794f5797a1976b11da1973	v12/docs/perf-baselines/2026-07-21-validated-job-file-entry-go-reference-c.md
untracked	raw-performance-evidence	archive-raw	64	1995	e53f8820c1641beff8cab715f804d87a2db4e35c242fc804d869b243b7594f87	v12/docs/perf-baselines/2026-07-21-validated-job-file-entry-go-reference-d.json
untracked	supporting-performance-report	archive-supporting	12	539	0650891019e7abbec39644d3e327ddefdc61abdda7aed8f031ec40b05c709e5f	v12/docs/perf-baselines/2026-07-21-validated-job-file-entry-go-reference-d.md
untracked	raw-performance-evidence	archive-raw	133	4254	2cad8abf985b506f29078bb3457f37f424704fbf15a2fd2ecc89f57ad0dc41c3	v12/docs/perf-baselines/2026-07-21-validated-job-file-entry-interpreter-reference-c.json
untracked	supporting-performance-report	archive-supporting	14	934	5a497e0c5974579e68bbc8372c28014599b2ad845cae33c5109a790cd3ce289c	v12/docs/perf-baselines/2026-07-21-validated-job-file-entry-interpreter-reference-c.md
untracked	raw-performance-evidence	archive-raw	133	4254	f4104e78992b4cf4bae60a743e81f6f64236121a3b0bb8f12fe5858929433b0d	v12/docs/perf-baselines/2026-07-21-validated-job-file-entry-interpreter-reference-d.json
untracked	supporting-performance-report	archive-supporting	14	934	2b30af3416a8e72ad685c7e1895dd0f3d0e0bcac0efe65649bff302e19218012	v12/docs/perf-baselines/2026-07-21-validated-job-file-entry-interpreter-reference-d.md
untracked	raw-performance-evidence	archive-raw	671	23442	c1a9b533b641208d7947f34fd0c3e9572c6336071b6b7cc23ed4c1256bc51888	v12/docs/perf-baselines/2026-07-21-validated-job-file-entry-preserved-bytecode.json
untracked	raw-performance-evidence	archive-raw	7317	250549	5d806a961c9c1c7e40f2ad744a24f386c3a7f0f4a41b14b89ae5e3fe0c6fcc99	v12/docs/perf-baselines/2026-07-21-validated-job-file-entry-preserved-compiled.json
untracked	raw-performance-evidence	archive-raw	2304	74761	fb0c8a576bebd1bd280e68c9b8d00bf86ec420f1c3de08025531f8fd5d9c38a1	v12/docs/perf-baselines/2026-07-21-validated-job-file-entry-preserved-go-reference.json
untracked	raw-performance-evidence	archive-raw	353	11479	769194112510479d45b0649bf7f2a091806d738ed17b82fc0d4daae03e7131b7	v12/docs/perf-baselines/2026-07-21-validated-job-file-entry-preserved-interpreter-reference.json
untracked	raw-performance-evidence	archive-raw	241	8254	9147c36b9ee0c588b0efa1bc2081717899e85c332b357c8acc447abf9b6c01b0	v12/docs/perf-baselines/2026-07-21-validated-job-file-entry-promotion-bytecode.json
untracked	raw-performance-evidence	archive-raw	192	6480	d7b5c031f4e051b6074e8f330f1741bc0a100b8d86567cfafc21effcea7ccce4	v12/docs/perf-baselines/2026-07-21-validated-job-file-entry-promotion-compiled.json
untracked	raw-performance-evidence	archive-raw	110	159815	eb59292b56a447694cf68299355e17452a1bb441a085ee30bd04e92ed1024a8a	v12/docs/perf-baselines/2026-07-21-validated-job-file-entry-scoreboard.json
untracked	supporting-performance-report	archive-supporting	154	15958	06ded9458ac4c03f42a49ecfec471a3160a155625f53160ee29298c93577113a	v12/docs/perf-baselines/2026-07-21-validated-job-file-entry-scoreboard.md
untracked	governing-decision-record	reviewed-governing	146	6941	fd1c08d09f0368f3b25b13774254a8fc23adb3546506f941e9910b17d8935511	v12/docs/perf-baselines/2026-07-21-weighted-feature-interaction-triple-audit.md
untracked	governing-decision-record	reviewed-governing	133	6458	853f45a03db3965bacaeb3f56812120f674f67ccf83f1580b0108caa9bb0a0cd	v12/docs/perf-baselines/2026-07-22-binary-event-log-application-gate.md
untracked	raw-performance-evidence	archive-raw	413	14167	45efef1233c3a147e0fe676f3ebf027b3f6220095b63659118e14140b4772f1c	v12/docs/perf-baselines/2026-07-22-binary-event-log-cohort-a-comparison.json
untracked	supporting-performance-report	archive-supporting	16	1231	6136d28512993a9168b835fe76c3c1d910daed5d635ca7ed6f246685af314525	v12/docs/perf-baselines/2026-07-22-binary-event-log-cohort-a-comparison.md
untracked	raw-performance-evidence	archive-raw	413	14166	62695d77ed1c4b0b3cc0b64127fbf080d6ba061127477a9ace413911c33b5a0c	v12/docs/perf-baselines/2026-07-22-binary-event-log-cohort-b-comparison.json
untracked	supporting-performance-report	archive-supporting	16	1231	3aee1a303df89a94614d60a28e0e40ddf62569238fd1d60998c39e3e23d8e394	v12/docs/perf-baselines/2026-07-22-binary-event-log-cohort-b-comparison.md
untracked	raw-performance-evidence	archive-raw	64	1972	bdf019ff9a99ba8d398b280fe7128695c6fb2250f4177357bf2cbbe0db1a320e	v12/docs/perf-baselines/2026-07-22-binary-event-log-go-reference-a.json
untracked	supporting-performance-report	archive-supporting	12	533	f6571687a4b57cee12007c045b246304a977890b1d66ed24fb84f470b1521d02	v12/docs/perf-baselines/2026-07-22-binary-event-log-go-reference-a.md
untracked	raw-performance-evidence	archive-raw	64	1973	b41ef17c6f4fbcb19cb7966a7ce7c47b013ea3cfc2a90e3d70f3218bf24a58ae	v12/docs/perf-baselines/2026-07-22-binary-event-log-go-reference-b.json
untracked	supporting-performance-report	archive-supporting	12	533	e48b7c76d1d3c88c4c62faee616763bbf09bad36ab222bb1f632b4badbf9f831	v12/docs/perf-baselines/2026-07-22-binary-event-log-go-reference-b.md
untracked	raw-performance-evidence	archive-raw	5959	170019	9785e88a7d8190d06a98df9f5c4ff0aa24b4bb5ba655bd57688d391582ec03cd	v12/docs/perf-baselines/2026-07-22-binary-event-log-interaction-triple-frontier.json
untracked	supporting-performance-report	archive-supporting	182	45112	fbbe13300c4b3a537e64bae988c4583a043d00c4f7bd943f85a86acfd233f683	v12/docs/perf-baselines/2026-07-22-binary-event-log-interaction-triple-frontier.md
untracked	raw-performance-evidence	archive-raw	133	4223	a1f1e10da3d8df5c363a3fdc451423aab29bcc6b4357b60f8b7cc9c9e1615bd9	v12/docs/perf-baselines/2026-07-22-binary-event-log-interpreter-reference-a.json
untracked	supporting-performance-report	archive-supporting	14	922	6c6f4770ee21f5f27f288c2e43789edd9d1ddb17fdc9be5b488526a1704352bb	v12/docs/perf-baselines/2026-07-22-binary-event-log-interpreter-reference-a.md
untracked	raw-performance-evidence	archive-raw	133	4224	ed9f08b559e9eb1b137cd9567a1338da839ee223bafc954c0b490f8bed06e88a	v12/docs/perf-baselines/2026-07-22-binary-event-log-interpreter-reference-b.json
untracked	supporting-performance-report	archive-supporting	14	922	23537fae5822042defeda8b8a84a8037aa900486ab11acef9887390915048766	v12/docs/perf-baselines/2026-07-22-binary-event-log-interpreter-reference-b.md
untracked	raw-performance-evidence	archive-raw	4797	245700	1447888548177c154cf180be0885a10fe8075e780067c4470d5148b9551ff370	v12/docs/perf-baselines/2026-07-22-binary-event-log-performance-frontier.json
untracked	supporting-performance-report	archive-supporting	301	55391	7bc106182d641296061323ae6fc6c95e6e94bdd81771840382594fa33cbc8f02	v12/docs/perf-baselines/2026-07-22-binary-event-log-performance-frontier.md
untracked	raw-performance-evidence	archive-raw	241	8198	61869b74b6d4376542a470b178bee7097fb714655905497c901fdbeb9334cdc9	v12/docs/perf-baselines/2026-07-22-binary-event-log-promotion-bytecode.json
untracked	raw-performance-evidence	archive-raw	192	6407	3a74113680a7b758b3876005b2e627529de78992e4961e2d2ebbfc5763b9dc18	v12/docs/perf-baselines/2026-07-22-binary-event-log-promotion-compiled.json
untracked	raw-performance-evidence	archive-raw	112	163965	3109b7252bc2dc57048d22c61bbdbf968680c0de0ce623d7c4f541f4de93d8c1	v12/docs/perf-baselines/2026-07-22-binary-event-log-scoreboard.json
untracked	supporting-performance-report	archive-supporting	159	16565	f91d08fe97002adde06a5ba8610b54b93b00be0df08c7e8d435c0274cb055860	v12/docs/perf-baselines/2026-07-22-binary-event-log-scoreboard.md
untracked	raw-performance-evidence	archive-raw	8	272	d8126a7ee93174b48c3c597839bac1620f3ab7b6babe10e23eb0f95c1d3bc28b	v12/docs/perf-baselines/2026-07-22-binary-event-log-stdlib-source-state.json
untracked	raw-performance-evidence	archive-raw	81	3640	1302c2cd3f6ca5bcf04b91c11406a387b500bc27074a9da08f9ac7736b456d19	v12/docs/perf-baselines/2026-07-22-bytecode-array-slot-value-role-census.json
untracked	governing-decision-record	reviewed-governing	66	3103	3c5318981ea6106874abb822a3c57499ff890bbce8c02f4a85e8cfe6ce6bda35	v12/docs/perf-baselines/2026-07-22-bytecode-array-slot-value-role-census.md
untracked	raw-performance-evidence	archive-raw	79	3962	6b6cb744151f73e3ab1c627fbed7180d6e6feadbcfb4e2344a5e84c794b84a95	v12/docs/perf-baselines/2026-07-22-bytecode-cross-feature-allocation-owner-matrix.json
untracked	governing-decision-record	reviewed-governing	198	10541	b1af7b8f16827bde617461d8c9921cf38602273af5901f2702732d4fe8bc2745	v12/docs/perf-baselines/2026-07-22-bytecode-cross-feature-allocation-owner-matrix.md
untracked	raw-performance-evidence	archive-raw	49	3691	459174b621b023d01c91b603e9d9af2d8637ebee278a8728aed0af10a32c3221	v12/docs/perf-baselines/2026-07-22-bytecode-cross-feature-exact-leaf-matrix.json
untracked	governing-decision-record	reviewed-governing	152	8501	abcbd11b3fc8c89619925fca85a5a04870c6141d24e6243a55e627a003776307	v12/docs/perf-baselines/2026-07-22-bytecode-cross-feature-exact-leaf-matrix.md
untracked	raw-performance-evidence	archive-raw	90	2810	cf373c4466607de19ab81ff1f65ca9826fb96be7b6ea4bef0522efae94ef8182	v12/docs/perf-baselines/2026-07-22-bytecode-generic-union-type-resolution-gate.json
untracked	governing-decision-record	reviewed-governing	139	7129	648a070f38a0131b0c303d47dbb60fbb3265023343308f02e3786b81c4388c00	v12/docs/perf-baselines/2026-07-22-bytecode-generic-union-type-resolution-gate.md
untracked	raw-performance-evidence	archive-raw	40	2366	78b0bb1468371354da71319a3e43bdefc04ce06637fe4cc09ea9d858c6af03a3	v12/docs/perf-baselines/2026-07-22-bytecode-instruction-local-generic-union-cache-gate.json
untracked	governing-decision-record	reviewed-governing	127	6387	7d64e362182d28e01827ee16e27cbe495281dbb3da77f1bead4acda67bc149a4	v12/docs/perf-baselines/2026-07-22-bytecode-instruction-local-generic-union-cache-gate.md
untracked	raw-performance-evidence	archive-raw	94	5029	576c04297f2a63e4d4e863b9a92f92f3d5c44b73d6dec9b2ad34f5e361758a7e	v12/docs/perf-baselines/2026-07-22-bytecode-integer-load-carrier-consumer-census.json
untracked	governing-decision-record	reviewed-governing	78	4265	d699ec95c91fc5917f8791d34db40951d1832bcc922b78046ca144d73e4f12fe	v12/docs/perf-baselines/2026-07-22-bytecode-integer-load-carrier-consumer-census.md
untracked	raw-performance-evidence	archive-raw	1493	66350	95725bbe10bdd7fc4511535546fd76de340cc61bb8f52a13690ae8ddd9347d14	v12/docs/perf-baselines/2026-07-22-bytecode-native-hot-tier-design-budget.json
untracked	governing-decision-record	reviewed-governing	172	11519	326803044750393a9d79f5d6531d3aaa375fe6f779a735f09fa18e8d46a257e4	v12/docs/perf-baselines/2026-07-22-bytecode-native-hot-tier-design-budget.md
untracked	raw-performance-evidence	archive-raw	48	4292	41e26052a8c7eb73cf0023c37f42a6b4248c35c5bb657dcdaabb6c65719b220a	v12/docs/perf-baselines/2026-07-22-bytecode-post-provenance-profile-error-name-gate.json
untracked	governing-decision-record	reviewed-governing	134	7074	06cfe98270b0e8d7ad1f5bb9541c11d7486d3f0b1ca66f3ca3dd6bc3f5ed0dd8	v12/docs/perf-baselines/2026-07-22-bytecode-post-provenance-profile-error-name-gate.md
untracked	raw-performance-evidence	archive-raw	78	3945	a8e56ad0475c5c0a4cf9f980658e2643c64b2cf1e8153092f496cec9e04a8580	v12/docs/perf-baselines/2026-07-22-bytecode-return-frame-composition-census.json
untracked	governing-decision-record	reviewed-governing	124	6782	17c360b80c1c002957dcce238eb441bbbe589b9a4bba3ce2e29071700dd2a2c0	v12/docs/perf-baselines/2026-07-22-bytecode-return-frame-composition-census.md
untracked	raw-performance-evidence	archive-raw	178	7693	2d2057f1d66674de917d78dcd8be2b2ba63bca2544144c671a1ef5f2e523f3c9	v12/docs/perf-baselines/2026-07-22-bytecode-semantic-region-tier-feasibility.json
untracked	governing-decision-record	reviewed-governing	83	4554	6d75f991380e1669e9c1dac75218ee2f73a46e0564e9a267f599c720bbd15107	v12/docs/perf-baselines/2026-07-22-bytecode-semantic-region-tier-feasibility.md
untracked	raw-performance-evidence	archive-raw	91	4973	14eaad1ecd7ae68534860fd3083bc42e46690eedc4cf893ed8c6424d24d5c3b3	v12/docs/perf-baselines/2026-07-22-bytecode-six-application-allocation-owner-matrix.json
untracked	governing-decision-record	reviewed-governing	195	10493	0a434c594d3f4c7e976b291a7caf8f456ff857b1165dd7cae6c040dcd1006ae8	v12/docs/perf-baselines/2026-07-22-bytecode-six-application-allocation-owner-matrix.md
untracked	raw-performance-evidence	archive-raw	48	3622	0d73e1a872d6951c35195b358a8250faf20c6df768117a6de3197569c1c20af0	v12/docs/perf-baselines/2026-07-22-bytecode-six-application-clean-cpu-owner-refresh.json
untracked	governing-decision-record	reviewed-governing	138	7557	865377ecfa393a23274055ed4bb92764401f29139af8ec8315f4d2b9aa2e02db	v12/docs/perf-baselines/2026-07-22-bytecode-six-application-clean-cpu-owner-refresh.md
untracked	raw-performance-evidence	archive-raw	85	2598	b78f468d3d39ec0b59f05c295920cdfd2ec3dfe2d3801948531dc62bc0786c71	v12/docs/perf-baselines/2026-07-22-bytecode-three-shape-post-compiler-refresh.json
untracked	governing-decision-record	reviewed-governing	92	5962	51ecbd8dec499352740a5a4244b44c5b58c56c30ab5a585ebcfea24349298c3c	v12/docs/perf-baselines/2026-07-22-bytecode-three-shape-post-compiler-refresh.md
untracked	raw-performance-evidence	archive-raw	96	6126	3e128a90c1276e7c1db54a2d3e0a8335f87a300229f1b5eb678fad211d9d73cb	v12/docs/perf-baselines/2026-07-22-bytecode-typechecked-generic-union-call-gate.json
untracked	governing-decision-record	reviewed-governing	150	7333	e3b80e0bc47243979bb9593f291bafff2761e9fd18b598204fa248cecc7251df	v12/docs/perf-baselines/2026-07-22-bytecode-typechecked-generic-union-call-gate.md
untracked	governing-decision-record	reviewed-governing	98	5091	28c02a2c26602ae4273eb36a65e7df3149c8b0ef488ac3bea829b0dae2501e68	v12/docs/perf-baselines/2026-07-22-compiled-execution-context-recommendation-reconciliation.md
untracked	raw-performance-evidence	archive-raw	64	2474	cdf4dca6e1d4261bf74cec27c122dbfb0af737a8b0578ee71293d0f429901718	v12/docs/perf-baselines/2026-07-22-compiled-full-typed-semantic-boundary-census.json
untracked	supporting-performance-report	archive-supporting	166	9199	3a23968c5eea37fdf541406f93ea101e158630ebf22a4fa590f32798f2c7db88	v12/docs/perf-baselines/2026-07-22-compiled-full-typed-semantic-boundary-census.md
untracked	raw-performance-evidence	archive-raw	29	3583	b01a0c00a966696a4f206efcdf037c1ad2fa648c4927ff1f598cbdc74f38c865	v12/docs/perf-baselines/2026-07-22-compiled-generated-helper-emission-gate.json
untracked	supporting-performance-report	archive-supporting	121	6553	d598229671b61c69675bc38ac1d283143f626ea485f070f51fb68370a46f8d66	v12/docs/perf-baselines/2026-07-22-compiled-generated-helper-emission-gate.md
untracked	raw-performance-evidence	archive-raw	142	5906	0a3858877e5e18b9b0bcf88bfff8ceb5254f01eb850b2d20440c9d8a123efe1e	v12/docs/perf-baselines/2026-07-22-compiled-generated-static-closure-reach-census.json
untracked	supporting-performance-report	archive-supporting	172	9723	b4378209d04cc7393b2993f6fc0302bae1ebf0c39ff3189ccf3c4f0ec6753764	v12/docs/perf-baselines/2026-07-22-compiled-generated-static-closure-reach-census.md
untracked	raw-performance-evidence	archive-raw	45	1682	6d6a23c215fcb43250fc7af86eb4f5909e77a7efc5f829e4624aeb49220d8f14	v12/docs/perf-baselines/2026-07-22-compiled-generator-native-reach-ledger-gate.json
untracked	supporting-performance-report	archive-supporting	95	5194	eec51e3a5394adbc4bc6dcccea24b52bbd0ad1ead954f89d93568e669a4885b2	v12/docs/perf-baselines/2026-07-22-compiled-generator-native-reach-ledger-gate.md
untracked	raw-performance-evidence	archive-raw	161	6491	9daa230ff1322df098ecc96f69a7e182675add4dfd7d06d5a72fce3a60c0fb8d	v12/docs/perf-baselines/2026-07-22-compiled-generic-union-direct-known-method-gate.json
untracked	governing-decision-record	reviewed-governing	97	5055	38fd5276e831662da0f35941f8e910218e4fe700cfc30e21bd2512550409f74a	v12/docs/perf-baselines/2026-07-22-compiled-generic-union-direct-known-method-gate.md
untracked	raw-performance-evidence	archive-raw	55	5546	e8aeebbd1f037b9485d65aea8b1cc8d35aa60af6159e741fe555e8668ec5c581	v12/docs/perf-baselines/2026-07-22-compiled-generic-union-post-direct-profile-gate.json
untracked	supporting-performance-report	archive-supporting	102	5373	006c30371f1c65b214d81bc9500e586d3c5763f80a4f0e0425e926a692e77700	v12/docs/perf-baselines/2026-07-22-compiled-generic-union-post-direct-profile-gate.md
untracked	raw-performance-evidence	archive-raw	762	14945	d05d2a0bdc57938cd08a936f4f29e18c89998ea0151889bf4442a5e78d6aa8a2	v12/docs/perf-baselines/2026-07-22-compiled-lazy-native-environment-direct-abi-gate.json
untracked	supporting-performance-report	archive-supporting	130	6719	f109f6ec1bc6137f2c9bcafa4c48511cfa5474616f6b13734ee5ee95920f1c64	v12/docs/perf-baselines/2026-07-22-compiled-lazy-native-environment-direct-abi-gate.md
untracked	raw-performance-evidence	archive-raw	130	6064	02a93ebf6bb329866f47ffa6e9340d8e0d817ce618293a27fe64e124d3cd2433	v12/docs/perf-baselines/2026-07-22-compiled-nominal-result-allocation-shape-census.json
untracked	governing-decision-record	reviewed-governing	123	6194	7a7bb7b766c22fffaf215a56335cb238e23644a4992130641c70c316ed679d29	v12/docs/perf-baselines/2026-07-22-compiled-nominal-result-allocation-shape-census.md
untracked	raw-performance-evidence	archive-raw	4841	250091	da248abb992d75746790e8d09906436bad124c5265db50e649b328cb8d0d6f56	v12/docs/perf-baselines/2026-07-22-compiled-nominal-result-allocation-shape-frontier.json
untracked	supporting-performance-report	archive-supporting	305	56312	94747a301fc5645889885251d8d2957b17db6a2f50a717f9ec08e9cbdc951368	v12/docs/perf-baselines/2026-07-22-compiled-nominal-result-allocation-shape-frontier.md
untracked	raw-performance-evidence	archive-raw	5959	170019	57c2bc440d6ded3c3bf4cc4a1b2c2b746ccb10072889dbb72f209a97ca813f7d	v12/docs/perf-baselines/2026-07-22-compiled-nominal-result-allocation-shape-interaction-triple-frontier.json
untracked	supporting-performance-report	archive-supporting	182	45112	fbbe13300c4b3a537e64bae988c4583a043d00c4f7bd943f85a86acfd233f683	v12/docs/perf-baselines/2026-07-22-compiled-nominal-result-allocation-shape-interaction-triple-frontier.md
untracked	raw-performance-evidence	archive-raw	95	9164	1aca245f0bb7777792659cb3c482edf360c8113e654031b67a87198f716b7ff8	v12/docs/perf-baselines/2026-07-22-compiled-post-abi-current-profile-refresh.json
untracked	governing-decision-record	reviewed-governing	142	7451	7a5b4716926bb4902a3a225f3963f95d01a73e684568e9aad93c1b1f3f8ce8d7	v12/docs/perf-baselines/2026-07-22-compiled-post-abi-current-profile-refresh.md
untracked	raw-performance-evidence	archive-raw	536	10804	09d35c95e57f44a007a8e569b17398a6a0cf312eba99466b5ee43dda9f1ef2ca	v12/docs/perf-baselines/2026-07-22-compiled-split-receiver-method-abi-gate.json
untracked	supporting-performance-report	archive-supporting	125	6085	be750368726131ee737092cade99831686e33c94e5f5ddab9c13c93d7c4cd1e0	v12/docs/perf-baselines/2026-07-22-compiled-split-receiver-method-abi-gate.md
untracked	raw-performance-evidence	archive-raw	670	12639	f5f8193b7bb5a2d46a51e8ec78fb2eea1aeb43b9b1e894e6c59dcaa751840bd7	v12/docs/perf-baselines/2026-07-22-compiled-static-match-type-expression-gate.json
untracked	governing-decision-record	reviewed-governing	113	5749	60207e63c90e9908b4dd5d5c0a84bbd4f9406a4d04b9d88fd5dab3448c6ae0bd	v12/docs/perf-baselines/2026-07-22-compiled-static-match-type-expression-gate.md
untracked	raw-performance-evidence	archive-raw	101	5996	dd90f8f95d9369a82ca1477b36fce491e6b3742e8379784ee944ee1cb291dff2	v12/docs/perf-baselines/2026-07-22-compiled-struct-definition-typed-key-gate.json
untracked	supporting-performance-report	archive-supporting	100	5532	6283bd55bbee5cebf93fb04f8f2cb11c4d3e8de814737927097728f5454dfaa3	v12/docs/perf-baselines/2026-07-22-compiled-struct-definition-typed-key-gate.md
untracked	raw-performance-evidence	archive-raw	59	5311	caec936dc145caa88d6d7e37697a9680e6d0c41f36bf4ae49d946ce3ad351238	v12/docs/perf-baselines/2026-07-22-compiled-typed-semantic-boundary-census.json
untracked	governing-decision-record	reviewed-governing	140	7317	4d596745dd24ebeab27e72e4ed7080ff3558cbdb5ee43aca71eabbe9f8735c2a	v12/docs/perf-baselines/2026-07-22-compiled-typed-semantic-boundary-census.md
untracked	raw-performance-evidence	archive-raw	413	14455	25ff977c33dfc29e58f0e26fab84a79967da6e3ba72821d019fb652d6df67361	v12/docs/perf-baselines/2026-07-22-concurrent-stencil-reduction-application-comparison-cohort-b.json
untracked	supporting-performance-report	archive-supporting	16	1305	4bb7cfb3c61222c85eb3943650a86a3fddcda728f981e601177a8b5123c1694b	v12/docs/perf-baselines/2026-07-22-concurrent-stencil-reduction-application-comparison-cohort-b.md
untracked	raw-performance-evidence	archive-raw	413	14440	25afebbac93bbdd88dc56629235542c33815bfe1ee473411192d59ebe29fa9c7	v12/docs/perf-baselines/2026-07-22-concurrent-stencil-reduction-application-comparison.json
untracked	supporting-performance-report	archive-supporting	16	1287	8add13744ab3f882559c286c27b3f6cee49e8a9fd399e91f323cdc2d4ddcffa3	v12/docs/perf-baselines/2026-07-22-concurrent-stencil-reduction-application-comparison.md
untracked	raw-performance-evidence	archive-raw	78	2888	723c1d0908bf89fa77e39461d305d756149aedb341cf894ee13169a95f7e01d2	v12/docs/perf-baselines/2026-07-22-concurrent-stencil-reduction-application-gate.json
untracked	governing-decision-record	reviewed-governing	141	7224	57c898a10bccabd5dcfa609b808e0ec193bcd3eac38daab6229f29ab98bbfd07	v12/docs/perf-baselines/2026-07-22-concurrent-stencil-reduction-application-gate.md
untracked	raw-performance-evidence	archive-raw	58	1590	5c31918ad25849e2933930b3d8850b40e813e0876fdb7d162a4f005a952e649d	v12/docs/perf-baselines/2026-07-22-concurrent-stencil-reduction-bytecode-profile-run1.json
untracked	raw-performance-evidence	archive-raw	58	1590	040326bc3933fe2e20f02170f04760a849913bbf2243882ed068f6f52f78fd36	v12/docs/perf-baselines/2026-07-22-concurrent-stencil-reduction-bytecode-profile-run2.json
untracked	raw-performance-evidence	archive-raw	58	1590	a7ce07eb5f2972d2ce6eb1c237636174798b74178fdfae7ef0c1343e7e9693ab	v12/docs/perf-baselines/2026-07-22-concurrent-stencil-reduction-bytecode-profile-run3.json
untracked	raw-performance-evidence	archive-raw	89	8587	000d2d3e18ed8368fe9af06e14d5a07985431461d0b85ea94129b6ab33e1c862	v12/docs/perf-baselines/2026-07-22-concurrent-stencil-reduction-bytecode-profile-top.txt
untracked	raw-performance-evidence	archive-raw	84	2511	2ee071cfd5f46b6c95f0f803d6d2fdf92d2fe91a5f1e2740723255c689ca24cf	v12/docs/perf-baselines/2026-07-22-concurrent-stencil-reduction-compiled-profile-runs.json
untracked	raw-performance-evidence	archive-raw	58	4008	7ca6ac693533325663b629b7acc290ab7ef1fbcc3ae66574565adce4f7c23177	v12/docs/perf-baselines/2026-07-22-concurrent-stencil-reduction-compiled-profile-top.txt
untracked	raw-performance-evidence	archive-raw	64	2008	d422a7570a0673562c8c7f7198c9ed1215764cf4f4849269100a7b4770bf32d3	v12/docs/perf-baselines/2026-07-22-concurrent-stencil-reduction-go-reference-cohort-b.json
untracked	supporting-performance-report	archive-supporting	12	545	89cd9805671da0007fee7018eb4c7c60414c7f6f3e375c324b8c77f3e97fa37c	v12/docs/perf-baselines/2026-07-22-concurrent-stencil-reduction-go-reference-cohort-b.md
untracked	raw-performance-evidence	archive-raw	64	2008	95a6276a68379ba72cc18285fe807f5685fd80e81944a4c46d15745631dc0df7	v12/docs/perf-baselines/2026-07-22-concurrent-stencil-reduction-go-reference.json
untracked	supporting-performance-report	archive-supporting	12	545	141f243783b66d591b67ee71d644351f9bf55a1b70053d0798b1f6235a4b9789	v12/docs/perf-baselines/2026-07-22-concurrent-stencil-reduction-go-reference.md
untracked	raw-performance-evidence	archive-raw	6457	187485	fd5ae4c248827f050e9e2b69d06ddc295dd3c98a32c09f067be70fb5470dea49	v12/docs/perf-baselines/2026-07-22-concurrent-stencil-reduction-interaction-triple-frontier.json
untracked	supporting-performance-report	archive-supporting	182	49684	021e2daf50ccfbd8862d944bc54a1645a3c2af7d39356204127ff736adbac504	v12/docs/perf-baselines/2026-07-22-concurrent-stencil-reduction-interaction-triple-frontier.md
untracked	raw-performance-evidence	archive-raw	133	4276	38da4f383312aa920bd501fb4d54fec8653a6a881384299e89abdb3655757a7d	v12/docs/perf-baselines/2026-07-22-concurrent-stencil-reduction-interpreter-reference-cohort-b.json
untracked	supporting-performance-report	archive-supporting	14	946	a933ef28263c9e2323b33afb51eab8a29220e4a4c59b8e09653804fd24bd8ae2	v12/docs/perf-baselines/2026-07-22-concurrent-stencil-reduction-interpreter-reference-cohort-b.md
untracked	raw-performance-evidence	archive-raw	133	4278	0172cf85b461c56f589f65e19fe2c684664d8e55c3b8fc56934fea7e60f438d4	v12/docs/perf-baselines/2026-07-22-concurrent-stencil-reduction-interpreter-reference.json
untracked	supporting-performance-report	archive-supporting	14	946	766b0fc04c37d67bbabc652baa67484114153e6c1cdca009fed6993c20192254	v12/docs/perf-baselines/2026-07-22-concurrent-stencil-reduction-interpreter-reference.md
untracked	raw-performance-evidence	archive-raw	5088	267301	582f8c89fe22cffa7141206cd50fbd15bb0b1d751501c0d14412a14bf3d5679e	v12/docs/perf-baselines/2026-07-22-concurrent-stencil-reduction-performance-frontier.json
untracked	supporting-performance-report	archive-supporting	305	58536	548b08c2b316010a0a83832722aa2c005c45fcad8fa2bf5bed622465cffe32aa	v12/docs/perf-baselines/2026-07-22-concurrent-stencil-reduction-performance-frontier.md
untracked	supporting-performance-report	archive-supporting	100	5083	cf3c82536fb47385ad3fa951014aaddab119e38616e06bf1e1a5a6c6b1af8cd7	v12/docs/perf-baselines/2026-07-22-concurrent-stencil-reduction-scorecard-reconciliation.md
untracked	raw-performance-evidence	archive-raw	349	15266	d17dcff5d070dfba8bfb9b591436f1f55a40c4a522b30a7402a5da0fbda4710d	v12/docs/perf-baselines/2026-07-22-cross-engine-structural-strategy-reconciliation.json
untracked	governing-decision-record	reviewed-governing	111	6736	635aaab7865d72aeb7bc402e6137e6ded1cb31dabf792fbe88f26616f9e084a9	v12/docs/perf-baselines/2026-07-22-cross-engine-structural-strategy-reconciliation.md
untracked	raw-performance-evidence	archive-raw	492	17219	2e1fa6bee7894a41fc24c8ee5cfad86e3d4aa60503616b826f8b6d1abe156a85	v12/docs/perf-baselines/2026-07-22-current-bytecode-architecture-target-budget.json
untracked	supporting-performance-report	archive-supporting	79	6973	846c7d9f2d8add30ab3d9afa9b7119c8e7c4b3dd3672fd56aca0776418df458d	v12/docs/perf-baselines/2026-07-22-current-bytecode-architecture-target-budget.md
untracked	raw-performance-evidence	archive-raw	1	106850	45409c46b259dd54f0e0e0d14a4f51beab36077417f49d88870ced8e2515f51e	v12/docs/perf-baselines/2026-07-22-current-bytecode-interpreter-reference.json
untracked	governing-decision-record	reviewed-governing	136	8318	43c075f5080a716bf07b4ce1bfc313da4609ae78614272dbe092a0fa0249ad79	v12/docs/perf-baselines/2026-07-22-current-bytecode-interpreter-scorecard-reconciliation.md
untracked	raw-performance-evidence	archive-raw	1	9709	8ac03f8f2ac7886028958161cf7593be7b9dfd452db7c3286602d8ae3a1bcaeb	v12/docs/perf-baselines/2026-07-22-current-bytecode-interpreter-status-reference.json
untracked	raw-performance-evidence	archive-raw	1	200505	ae0777bf8ef066faf40446cbf907ee8df36dd017c0ec5a7034e7044e37b0a6b0	v12/docs/perf-baselines/2026-07-22-current-bytecode-scorecard.json
untracked	raw-performance-evidence	archive-raw	1	14557	00a440731e69c5e753c4b6c91be029b80f3eede8f59910d387450ab6eb877b00	v12/docs/perf-baselines/2026-07-22-current-bytecode-status-scorecard.json
untracked	raw-performance-evidence	archive-raw	449	16563	39ecad5aa38641b92460c97462bd444638f4c36708b1c5d2356f0f7f02663987	v12/docs/perf-baselines/2026-07-22-current-compiled-architecture-target-budget.json
untracked	supporting-performance-report	archive-supporting	82	6764	b3aa0cb12cecbfbfaba072eebb920c8dcdf7c119827bb704a8d36ed51b3455e0	v12/docs/perf-baselines/2026-07-22-current-compiled-architecture-target-budget.md
untracked	raw-performance-evidence	archive-raw	1	58401	4e55ccdf0f8e1af1d82a3da3a974e609befded1a9aa0f6ab55b9dd49496241dc	v12/docs/perf-baselines/2026-07-22-current-compiled-go-reference.json
untracked	governing-decision-record	reviewed-governing	140	8192	c7240e4d3d3e58b0b2fd3852b4f7a1debe9df3f02d2162f23c89025b12f6b329	v12/docs/perf-baselines/2026-07-22-current-compiled-go-scorecard-reconciliation.md
untracked	raw-performance-evidence	archive-raw	1	179322	49559d73bf353291f9b202b7d46ded729e56fc6f6dbd8f285cb3447c4d504d67	v12/docs/perf-baselines/2026-07-22-current-compiled-scorecard.json
untracked	raw-performance-evidence	archive-raw	1	247	d813e506717988bd0b2a453394a23157fc97bfa5d45ee4f2fd824f1b7b8003ea	v12/docs/perf-baselines/2026-07-22-current-compiled-stdlib-source-state.json
untracked	raw-performance-evidence	archive-raw	237	8046	9d9537265c736a3ce77dc2c6bad2bf53cd436527ef68637633c983597e6b1116	v12/docs/perf-baselines/2026-07-22-current-cross-engine-architecture-target-budget-reconciliation.json
untracked	governing-decision-record	reviewed-governing	72	3795	0ebba58edaddd8d688d96f7095ec9093e59563afaac55b8c59cb10a8d7a43300	v12/docs/perf-baselines/2026-07-22-current-cross-engine-architecture-target-budget-reconciliation.md
untracked	supporting-performance-report	archive-supporting	72	3792	e7b0a067f9c8482cd26bcc4a209b72bf5a9f8bb26176e8d8ff446c0bee0dd6f5	v12/docs/perf-baselines/2026-07-22-current-cross-engine-architecture-target-budget.md
untracked	raw-performance-evidence	archive-raw	290	14206	c2bab5eabb369b14e94c55ba0fd8dbc28198d5b5fb7b6d2a5a9ef69a388f24e3	v12/docs/perf-baselines/2026-07-22-portable-vm-backend-abi-dependency-adr.json
untracked	supporting-performance-report	archive-supporting	129	7815	feafbc9c1c0a0f689965202448d148aa354e2064a9110e55cefdcc80d5b88e24	v12/docs/perf-baselines/2026-07-22-portable-vm-backend-abi-dependency-adr.md
untracked	raw-performance-evidence	archive-raw	309	9854	dbcf056e81d0c20011ff733d75aec5cc8aac6818d8593fa899f7da1d07c458b9	v12/docs/perf-baselines/2026-07-22-runtime-contract-performance-evidence-reconciliation.json
untracked	governing-decision-record	reviewed-governing	49	4258	44640a2cbef807bf9f715d98e8035a6df936ba8852467340565ec2e860cf7080	v12/docs/perf-baselines/2026-07-22-runtime-contract-performance-evidence-reconciliation.md
untracked	raw-performance-evidence	archive-raw	320	7856	b74c632cab8dd1a7b19a9856a23dc6a5042456480fe4af30e3c48754415f4073	v12/docs/perf-baselines/2026-07-22-runtime-contract-pre-reconciliation-invalidation.json
untracked	supporting-performance-report	archive-supporting	62	5977	ec4663de531f695e508950b269972b7a7a2bc8c5a9c70e837c3ac470cfb2bb9e	v12/docs/perf-baselines/2026-07-22-runtime-contract-pre-reconciliation-invalidation.md
untracked	raw-performance-evidence	archive-raw	1312	42655	ae6dd31a89876fc4caec53f01496600b7775686f8766b6a1f09bdbaf9700261c	v12/docs/perf-baselines/2026-07-22-runtime-contract-reconciliation-90s-coverage-extra-go-reference.json
untracked	supporting-performance-report	archive-supporting	36	5616	56bf385f6b100783dc44e97ca7304efd30847ccc65184c38acbdbe9a58ca20a1	v12/docs/perf-baselines/2026-07-22-runtime-contract-reconciliation-90s-coverage-extra-go-reference.md
untracked	raw-performance-evidence	archive-raw	2773	90357	23f2c211b681ed1ad29daf15e705f6cc9a37cec301e92b08e4f26d5f086cb5d9	v12/docs/perf-baselines/2026-07-22-runtime-contract-reconciliation-90s-coverage-extra-interpreter-reference-selected.json
untracked	supporting-performance-report	archive-supporting	62	12096	b9cb0c712d3be7f04c68d96c22b9ad73a7d28e10243dc9a3e1790333422bb700	v12/docs/perf-baselines/2026-07-22-runtime-contract-reconciliation-90s-coverage-extra-interpreter-reference-selected.md
untracked	raw-performance-evidence	archive-raw	1312	45569	393d0b233c381a2e2a90f17103cbf491ee82d19cc3e9e32e5de45fe83e82beb7	v12/docs/perf-baselines/2026-07-22-runtime-contract-reconciliation-bytecode-iterator-reverse.json
untracked	supporting-performance-report	archive-supporting	19	1850	3cd9ca711c12bc25b5e0f6d70c43081d4ea16437cfc42fd23e5fbd0af2f95aa4	v12/docs/perf-baselines/2026-07-22-runtime-contract-reconciliation-bytecode-iterator-reverse.md
untracked	raw-performance-evidence	archive-raw	1312	45579	ca3a5d8b351768de46ce4065c0648bbc9ae07d096911d4540888e3924f000bec	v12/docs/perf-baselines/2026-07-22-runtime-contract-reconciliation-bytecode-iterator.json
untracked	supporting-performance-report	archive-supporting	19	1850	f3471693ecbc2085b646767b1c0253aec0a5e8bbfb48d573d5a3c790cb9c3dbd	v12/docs/perf-baselines/2026-07-22-runtime-contract-reconciliation-bytecode-iterator.md
untracked	raw-performance-evidence	archive-raw	1421	49963	3e834e3f9bf7a74ef6b893bcb1c26a5305afc73cdfe0aec226b49f2906f74e2f	v12/docs/perf-baselines/2026-07-22-runtime-contract-reconciliation-preserved-compiled-iterator.json
untracked	supporting-performance-report	archive-supporting	14	717	19d76f1d5af46fd3a73c3167e0dc6aadf9c0f883ed5fd65ebef104c1038d0e70	v12/docs/perf-baselines/2026-07-22-runtime-contract-reconciliation-preserved-compiled-iterator.md
untracked	raw-performance-evidence	archive-raw	96	3058	c7d99d8c59927356e7d5b5fe9dcf2c6d5a50848bde6dbc71d7ea3577aaec39eb	v12/docs/perf-baselines/2026-07-22-semantic-abi-codec-layout-spike.json
untracked	raw-performance-evidence	archive-raw	174	4937	dd370d022b626312afc2e0b99b160a1aba51967e3e98619cb00e280e804c5297	v12/docs/perf-baselines/2026-07-22-semantic-abi-shadow-image-lowering.json
untracked	supporting-performance-report	archive-supporting	141	6537	50a091af994285b3b961eb2b24cefea8a78b5a34d60618207ab62564e8989e14	v12/docs/perf-baselines/2026-07-22-sensor-calibration-application-gate.md
untracked	raw-performance-evidence	archive-raw	64	1977	270f1655196a9662bba82bef23068d07c914dd426659ceb759a7eb5461f34473	v12/docs/perf-baselines/2026-07-22-sensor-calibration-go-reference.json
untracked	supporting-performance-report	archive-supporting	12	534	bef93a59680730e913c69a4456f33e937e7a048c22f6f8808e84aa663b3cbf5d	v12/docs/perf-baselines/2026-07-22-sensor-calibration-go-reference.md
untracked	raw-performance-evidence	archive-raw	6208	177459	5903543ac699de0f4c95c9d86e9809bf72824bfba1f9e36b3bdf9d828d6135f1	v12/docs/perf-baselines/2026-07-22-sensor-calibration-interaction-triple-frontier.json
untracked	supporting-performance-report	archive-supporting	182	46981	6e2aaf813cab1653d644e365ca2db74a40893c23ee71f1385b38a20ce76a366a	v12/docs/perf-baselines/2026-07-22-sensor-calibration-interaction-triple-frontier.md
untracked	raw-performance-evidence	archive-raw	133	4231	d0f8f3462d6fd29fcdef723e1333cc0d2304da92e4401d13ead59088e31a98f9	v12/docs/perf-baselines/2026-07-22-sensor-calibration-interpreter-reference.json
untracked	supporting-performance-report	archive-supporting	14	925	67df1fe9be009886643c3ad77056e5b735171d06b95b891b4f3ffc274a5112a4	v12/docs/perf-baselines/2026-07-22-sensor-calibration-interpreter-reference.md
untracked	raw-performance-evidence	archive-raw	241	8226	b0cdaeb3c22f50ea07eb6724b4956947ad586b847589097158f8e0530031caa4	v12/docs/perf-baselines/2026-07-22-sensor-calibration-promotion-bytecode.json
untracked	supporting-performance-report	archive-supporting	14	863	c4e589ae9e51fddd1523fad2580d1dc76167cefa62bc0dc25f93df3bb50dbc1f	v12/docs/perf-baselines/2026-07-22-sensor-calibration-promotion-bytecode.md
untracked	raw-performance-evidence	archive-raw	192	6423	025682b15dc4a1a90584402fc51c708843ba6fcfbaa42da176446be7aa6028f2	v12/docs/perf-baselines/2026-07-22-sensor-calibration-promotion-compiled.json
untracked	supporting-performance-report	archive-supporting	14	768	b5f1abf86962642f8966258db6d25b2e6d86812440e7a05a422c8d9e9849b253	v12/docs/perf-baselines/2026-07-22-sensor-calibration-promotion-compiled.md
untracked	raw-performance-evidence	archive-raw	114	161564	bb0fa34ded4b7dc2f13a76fa1f227bbe8adc2e785dd01810ebff62d96c15103f	v12/docs/perf-baselines/2026-07-22-sensor-calibration-scoreboard.json
untracked	supporting-performance-report	archive-supporting	140	13774	6ca1a1605da890327c71211eac128f9855659100e454f65e8acd14c4af33ce32	v12/docs/perf-baselines/2026-07-22-sensor-calibration-scoreboard.md
untracked	supporting-performance-report	archive-supporting	136	7350	a5abd0f03becfcd3a5f20e4662222af90cd24728dc4b570a30a919677ca00d4a	v12/docs/perf-baselines/2026-07-22-sensor-calibration-scorecard-reconciliation.md
untracked	raw-performance-evidence	archive-raw	309	15035	0a96933a1a5279340753c5c28640664175a22e8b9cc0b51b9b920849fe3b0a74	v12/docs/perf-baselines/2026-07-22-shared-runtime-closed-region-cutover-decision.json
untracked	supporting-performance-report	archive-supporting	120	6613	a55c6440f581ea21949ed2d18e49b31845fc99d94803bb4175adb422828c8c92	v12/docs/perf-baselines/2026-07-22-shared-runtime-closed-region-cutover-decision.md
untracked	raw-performance-evidence	archive-raw	309	15035	af75cf8944ab49a1663130dcf9a2d46efeebe1e60ad6d6f5c4f0896db99aa999	v12/docs/perf-baselines/2026-07-22-shared-runtime-closed-region-cutover.json
untracked	raw-performance-evidence	archive-raw	281	14066	a6a1d399aa97ab921c580d9a1fd9a2e6aff7d10be858a05492c7b4a3c195d062	v12/docs/perf-baselines/2026-07-22-shared-runtime-semantic-abi-feasibility.json
untracked	supporting-performance-report	archive-supporting	179	10829	47e7a90ec71a09428ef1ed369433f99a3b86db9cbe788d9d04f733deac9ac2c3	v12/docs/perf-baselines/2026-07-22-shared-runtime-semantic-abi-feasibility.md
untracked	raw-performance-evidence	archive-raw	66	1969	474b9f976dfd415ec1813ea764402c669d5092cc3fa0b4cbe6d4e997fd43ab36	v12/docs/perf-baselines/2026-07-22-shared-value-heap-conformance-contract.json
untracked	raw-performance-evidence	archive-raw	66	2073	cc8ad12a69f89c5f860ea07730e41a25d4f3fdf19c820559228138fe738c9b21	v12/docs/perf-baselines/2026-07-22-shared-value-heap-contract-reconciliation.json
untracked	raw-performance-evidence	archive-raw	64	1928	0b1a459faad03039107fb7b401c0bea1b276f819db0abf66ef65693e803fdadc	v12/docs/perf-baselines/2026-07-22-shared-value-heap-go-binding-conformance.json
untracked	raw-performance-evidence	archive-raw	202	7453	08e17c09125aab9f38454350f9f1c8b3eea7abac22b5938fc8bb6366ba69a524	v12/docs/perf-baselines/2026-07-22-shared-value-heap-production-pilot.json
untracked	governing-decision-record	reviewed-governing	106	5833	9a9d091aa5ff59b5310c4d3a2f040fab6add4352f505af8758eb2a7009d6b6d6	v12/docs/perf-baselines/2026-07-22-shared-value-heap-production-pilot.md
untracked	raw-performance-evidence	archive-raw	80	2168	8fc76058e88906e2b38da0680c6458224498908053ec123868b996cb0c65a430	v12/docs/perf-baselines/2026-07-23-array-map-direct64-cap4096-guard.json
untracked	raw-performance-evidence	archive-raw	373	12192	ceeb7b2fd8e2f89423f1f45155d6f769f4dbca108aae053300ecd4a7dbbeca90	v12/docs/perf-baselines/2026-07-23-compiler-contract-reconciliation-bytecode-b.json
untracked	supporting-performance-report	archive-supporting	15	1153	214d6e2d7e04a86680525690096b6468fa227f0dbb59f3b859b9a41454af274e	v12/docs/perf-baselines/2026-07-23-compiler-contract-reconciliation-bytecode-b.md
untracked	raw-performance-evidence	archive-raw	373	12197	2bd6a839521b3d71eb4ad45d9f0baab08c8eeebe65e5fb96cc061d9b032d6039	v12/docs/perf-baselines/2026-07-23-compiler-contract-reconciliation-bytecode.json
untracked	supporting-performance-report	archive-supporting	15	1153	2b32eaed5b09ed5c9e03c8cca1c531877054cfe9be1b15266457d870b67af87f	v12/docs/perf-baselines/2026-07-23-compiler-contract-reconciliation-bytecode.md
untracked	raw-performance-evidence	archive-raw	715	23444	f537f6e695b91a25e34031051aedd3c26c2b9013b28cbcbeecc63992106aa0e9	v12/docs/perf-baselines/2026-07-23-compiler-contract-reconciliation-compiled-b.json
untracked	supporting-performance-report	archive-supporting	18	1691	e0f306144dad31948f315e0e06f70da6185e8833bd3820e63ec21e051ec7931f	v12/docs/perf-baselines/2026-07-23-compiler-contract-reconciliation-compiled-b.md
untracked	raw-performance-evidence	archive-raw	835	27325	a7174342ce58653339757e153a18db652a2cbb1aacea9d7c26ee829e103ac619	v12/docs/perf-baselines/2026-07-23-compiler-contract-reconciliation-compiled-final-a.json
untracked	supporting-performance-report	archive-supporting	19	1872	d3af75c559d8bda7a979a64e4a126032bde2d2218f7eaeb45aef59910913a123	v12/docs/perf-baselines/2026-07-23-compiler-contract-reconciliation-compiled-final-a.md
untracked	raw-performance-evidence	archive-raw	835	27331	ec7e5fbafb907235b4bf4b0018d57cb0bd2b3024c975cd7957ae42d043e80ef4	v12/docs/perf-baselines/2026-07-23-compiler-contract-reconciliation-compiled-final-b.json
untracked	supporting-performance-report	archive-supporting	19	1872	e308070f98e8249e086a1b8874781be7701a733a74621bea6db4b2f834c77c17	v12/docs/perf-baselines/2026-07-23-compiler-contract-reconciliation-compiled-final-b.md
untracked	raw-performance-evidence	archive-raw	833	26917	f64867a35f20023db5c8ff61f0289ae874d7236781d95f34d848366291acb1ec	v12/docs/perf-baselines/2026-07-23-compiler-contract-reconciliation-compiled.json
untracked	supporting-performance-report	archive-supporting	19	1800	114c43d4b9da39a0ab152f5cb1f91ea1837c7628408e225afb315438a1d81a86	v12/docs/perf-baselines/2026-07-23-compiler-contract-reconciliation-compiled.md
untracked	raw-performance-evidence	archive-raw	253	7771	d0dec951a8ae01ec8d1179258c95b6782f8593582bacc279577e1797a9405bbf	v12/docs/perf-baselines/2026-07-23-compiler-full-suite-contract-reconciliation.json
untracked	governing-decision-record	reviewed-governing	153	7801	adaf0e199606f4bbdd98079f968a69d9ed692994f7cf101148ddfdefcf0109c6	v12/docs/perf-baselines/2026-07-23-compiler-full-suite-contract-reconciliation.md
untracked	supporting-performance-report	archive-supporting	129	6212	f8abe14b07cb85f92893dd2c0f4fc55856bbbb41f277df08ae55d92a1de8b8c5	v12/docs/perf-baselines/2026-07-23-concurrent-audio-voices-application-gate.md
untracked	raw-performance-evidence	archive-raw	49	3723	78c90502d21954d5ed9d376610945e3019880db76711ad6dcfd597ca05891566	v12/docs/perf-baselines/2026-07-23-concurrent-audio-voices-bytecode-profile-top.txt
untracked	raw-performance-evidence	archive-raw	390	12620	a907f5010ab38baa9a5988d7a427350182326d27bd85c32eb7f5a2d69cbc0eb7	v12/docs/perf-baselines/2026-07-23-concurrent-audio-voices-bytecode-trace.json
untracked	raw-performance-evidence	archive-raw	397	13757	d8bc16596a93fb083944d7e61c67207674f26500292fbfb993d6d3c2603fdfb1	v12/docs/perf-baselines/2026-07-23-concurrent-audio-voices-cohort-a.json
untracked	supporting-performance-report	archive-supporting	16	1263	656603592feaabbd88803ff23850e762fc91854a7dc7d5021eb75a7262e0f210	v12/docs/perf-baselines/2026-07-23-concurrent-audio-voices-cohort-a.md
untracked	raw-performance-evidence	archive-raw	397	13762	7b37694c465fd4880866a9ac55001afe7a45af6f68e99636f7ec4c5aaffe45d8	v12/docs/perf-baselines/2026-07-23-concurrent-audio-voices-cohort-b.json
untracked	supporting-performance-report	archive-supporting	16	1263	4378026e1d509b38c4c2c47ea502a1ea43af03abb15c1dda01a224eb86c7c78f	v12/docs/perf-baselines/2026-07-23-concurrent-audio-voices-cohort-b.md
untracked	raw-performance-evidence	archive-raw	40	2622	3ce782c8e9b61dea2da0f54793e129a9f06bcda0d9edb7498f132de60b7fdb43	v12/docs/perf-baselines/2026-07-23-concurrent-audio-voices-compiled-profile-top.txt
untracked	raw-performance-evidence	archive-raw	6972	414292	d5343f2ac726b8f2ed2f4345cda58b474834a9f2dd007150342117f568185c11	v12/docs/perf-baselines/2026-07-23-concurrent-audio-voices-cross-mode-performance-frontier.json
untracked	supporting-performance-report	archive-supporting	323	68630	e4b1dc745eb37f2ed16edc343285470399af759b400a7565e708d4740b6d1e6c	v12/docs/perf-baselines/2026-07-23-concurrent-audio-voices-cross-mode-performance-frontier.md
untracked	raw-performance-evidence	archive-raw	64	1998	868c090a05e76393d5aa272a6a282b28fbf83b194608dc7f833669210401e90c	v12/docs/perf-baselines/2026-07-23-concurrent-audio-voices-go-a.json
untracked	supporting-performance-report	archive-supporting	12	540	444ab1d13ee35610e3ba3d38266eb0745e45d75adeb7f44f28b36e57d1d873e2	v12/docs/perf-baselines/2026-07-23-concurrent-audio-voices-go-a.md
untracked	raw-performance-evidence	archive-raw	64	1998	fa1b41b018b85efce28b33597c6f7a2e07ae406d843e92a41d3b4cbd8c9e5705	v12/docs/perf-baselines/2026-07-23-concurrent-audio-voices-go-b.json
untracked	supporting-performance-report	archive-supporting	12	540	f1261d119dbe0eb3ca962961b1576cf72e32322783860a9c02e23bfadf028abb	v12/docs/perf-baselines/2026-07-23-concurrent-audio-voices-go-b.md
untracked	raw-performance-evidence	archive-raw	9388	295315	f4c38464d9b8c97b9937ac36f71866ec560829ceb31ff87cb251570bdc6e91aa	v12/docs/perf-baselines/2026-07-23-concurrent-audio-voices-interaction-triple-frontier.json
untracked	supporting-performance-report	archive-supporting	182	88467	4d9aa28c560b1c47c7cb2ce6914d84ca8388e51a8c4b22a0dcbf76350fcfa0e9	v12/docs/perf-baselines/2026-07-23-concurrent-audio-voices-interaction-triple-frontier.md
untracked	raw-performance-evidence	archive-raw	133	4257	0ac00a114c00a61fcb94af4a84fa3dcefbf36e36d3f56e8f6526200fdc1373d5	v12/docs/perf-baselines/2026-07-23-concurrent-audio-voices-interpreter-a.json
untracked	supporting-performance-report	archive-supporting	14	936	d7eba8e2d7489da1507c6b8a6f8a0b3c85f344a39465385da0da9731e63ffa81	v12/docs/perf-baselines/2026-07-23-concurrent-audio-voices-interpreter-a.md
untracked	raw-performance-evidence	archive-raw	133	4259	1f1bca7d64ffa5dd04290b01455f5c43db477a750a6877bcd152e9258a3318c8	v12/docs/perf-baselines/2026-07-23-concurrent-audio-voices-interpreter-b.json
untracked	supporting-performance-report	archive-supporting	14	936	0527532c638a364137b0aa52e2c9a29bc34d809f964687ab4d167dfb9b1ecb3a	v12/docs/perf-baselines/2026-07-23-concurrent-audio-voices-interpreter-b.md
untracked	raw-performance-evidence	archive-raw	230	5089	904f8a9e47673c17c350dd924d8b140c1da7d4e2b0c6d9ba1542c1b5a03dbea4	v12/docs/perf-baselines/2026-07-23-concurrent-audio-voices-performance-closure-report.json
untracked	supporting-performance-report	archive-supporting	62	4936	f35a2c030c371d6fa724f62088965f873b04722de1517a355ae39841ce893515	v12/docs/perf-baselines/2026-07-23-concurrent-audio-voices-performance-closure-report.md
untracked	raw-performance-evidence	archive-raw	297	8170	6b6cb06ac9fe6f8c77ef5021ccff2c3ad7e36276bfce6409794aa9284eb88a5d	v12/docs/perf-baselines/2026-07-23-concurrent-audio-voices-pre-reconciliation-invalidation.json
untracked	supporting-performance-report	archive-supporting	62	6142	49c2dc4bf445f5d6762288c3d5e49811e05d1c9aaed9655c46415451ecd252ed	v12/docs/perf-baselines/2026-07-23-concurrent-audio-voices-pre-reconciliation-invalidation.md
untracked	supporting-performance-report	archive-supporting	116	6237	17635aa847dee0340969c3a0d293bd278e2a7b3ccdbce555330c186f0b6a577f	v12/docs/perf-baselines/2026-07-23-concurrent-audio-voices-scorecard-reconciliation.md
untracked	raw-performance-evidence	archive-raw	134	197920	0d6658d086231596062cd32d2511295f4a7d01c4ddb0f33824f1cc68ca17823a	v12/docs/perf-baselines/2026-07-23-concurrent-audio-voices-scorecard.json
untracked	supporting-performance-report	archive-supporting	170	17428	473dcbeadbe43e0ae01495ee0a603a94bde3863c43cfb3c92fc7f101072b3d95	v12/docs/perf-baselines/2026-07-23-concurrent-audio-voices-scorecard.md
untracked	raw-performance-evidence	archive-raw	8	272	d8126a7ee93174b48c3c597839bac1620f3ab7b6babe10e23eb0f95c1d3bc28b	v12/docs/perf-baselines/2026-07-23-concurrent-audio-voices-stdlib-source-state.json
untracked	supporting-performance-report	archive-supporting	127	6502	23434e8a755978f1b2070b706e53490aca722f2b0221686d185c1a4eb6167063	v12/docs/perf-baselines/2026-07-23-concurrent-graph-visitors-application-gate.md
untracked	raw-performance-evidence	archive-raw	224	23283	c89c34a0c1b59d061b58b4e51bebd91ad770c6817dd64907993cf7c70b85680a	v12/docs/perf-baselines/2026-07-23-concurrent-graph-visitors-bytecode-bounded-profile-top.txt
untracked	raw-performance-evidence	archive-raw	197	19429	876d1cc68934cd90d39ec405d849e2835fec7e0c0faf3f8a931bcb4591e184b6	v12/docs/perf-baselines/2026-07-23-concurrent-graph-visitors-bytecode-profile-top.txt
untracked	raw-performance-evidence	archive-raw	56	1555	6a6358cceb4590c01b1c108ea7cf14912a19c5817ba4ea1c5b627e210ad2c8fe	v12/docs/perf-baselines/2026-07-23-concurrent-graph-visitors-bytecode-runtime-bounded-profile-run1.json
untracked	raw-performance-evidence	archive-raw	56	1555	14e43fa906b8433d85a70a97c883d07d6f6d1fc505db5ae1002837f3089a1c56	v12/docs/perf-baselines/2026-07-23-concurrent-graph-visitors-bytecode-runtime-bounded-profile-run2.json
untracked	raw-performance-evidence	archive-raw	56	1555	eb640cd208aa0234a2963a28df96b1d6b915fe8a0b2a49134ccca2105dbecb89	v12/docs/perf-baselines/2026-07-23-concurrent-graph-visitors-bytecode-runtime-bounded-profile-run3.json
untracked	raw-performance-evidence	archive-raw	56	1559	a28034977575e7f3e05e19225a93789c2018a5ad27dc880e152fa46163f37d7b	v12/docs/perf-baselines/2026-07-23-concurrent-graph-visitors-bytecode-runtime-direct256-smoke.json
untracked	raw-performance-evidence	archive-raw	56	1557	a27f576db493590b49656327dae6a94e22b511fdcd44ce18ca68de7ff05f832e	v12/docs/perf-baselines/2026-07-23-concurrent-graph-visitors-bytecode-runtime-direct64-cap4096-smoke.json
untracked	raw-performance-evidence	archive-raw	56	1559	629605948890f3857646aa513881a467a2e81bf0dcc57a65c56aa6472e07ec19	v12/docs/perf-baselines/2026-07-23-concurrent-graph-visitors-bytecode-runtime-direct64-smoke.json
untracked	raw-performance-evidence	archive-raw	56	1564	6434698d6e2117ac759e0a40a2c3df2f8c4aad8eb04ae977ddfc4ee6c8f50515	v12/docs/perf-baselines/2026-07-23-concurrent-graph-visitors-bytecode-runtime-profile-run1.json
untracked	raw-performance-evidence	archive-raw	56	1564	a26afe6226b82be39ae8865f399a540bbc306cd54fe5a40d096d17e7cece363c	v12/docs/perf-baselines/2026-07-23-concurrent-graph-visitors-bytecode-runtime-profile-run2.json
untracked	raw-performance-evidence	archive-raw	56	1564	ccd95854573310e7c1428aedc54e19a4e55c2b5c3cdcda400141317f35d6fb36	v12/docs/perf-baselines/2026-07-23-concurrent-graph-visitors-bytecode-runtime-profile-run3.json
untracked	raw-performance-evidence	archive-raw	6300	174682	ce8d254da8bf797833c31b77a2647e0ffcbdedb4c1620710a3ccb69cd55a9ea4	v12/docs/perf-baselines/2026-07-23-concurrent-graph-visitors-bytecode-runtime-stats-direct256.json
untracked	raw-performance-evidence	archive-raw	6300	174682	76d64cb7f26dee459bcb5206a82ebfcc4d18a6e7159f7133485b4baeaa286d2e	v12/docs/perf-baselines/2026-07-23-concurrent-graph-visitors-bytecode-runtime-stats-direct64-cap4096.json
untracked	raw-performance-evidence	archive-raw	6300	174682	8bcc73b3598d37bb85e6551076315f3243ace56f0b1efe209b0fa2310a61fc60	v12/docs/perf-baselines/2026-07-23-concurrent-graph-visitors-bytecode-runtime-stats-direct64.json
untracked	raw-performance-evidence	archive-raw	56	1557	9d31209413e2491682f4a0f9a4653f6e7bedca4b0f0236b1e1bac9fd28653d60	v12/docs/perf-baselines/2026-07-23-concurrent-graph-visitors-bytecode-runtime-stats-run.json
untracked	raw-performance-evidence	archive-raw	6300	174682	fede9200fa57586f28c3486138b203f56c49d2a33ecf2102626ecf8cf7dc601b	v12/docs/perf-baselines/2026-07-23-concurrent-graph-visitors-bytecode-runtime-stats.json
untracked	raw-performance-evidence	archive-raw	80	2224	648a5cb3c18b785ab6c90c04b7bf69b67539a61811bce085d7a71de7caf98c3e	v12/docs/perf-baselines/2026-07-23-concurrent-graph-visitors-cap4096-candidate.json
untracked	raw-performance-evidence	archive-raw	397	13784	f930ca0d349a48aebb940ffe61886a81b70c8f8013fead14ff334dd58d41f280	v12/docs/perf-baselines/2026-07-23-concurrent-graph-visitors-comparison-a.json
untracked	supporting-performance-report	archive-supporting	16	1276	6520233ec743e2c0619bd53440e813ce8e629acd46f349a49559736773a236e0	v12/docs/perf-baselines/2026-07-23-concurrent-graph-visitors-comparison-a.md
untracked	raw-performance-evidence	archive-raw	397	13790	1f389361487e576580458801439ba3c5c62e2082621a1a0d6c527f6ddf5f6cc5	v12/docs/perf-baselines/2026-07-23-concurrent-graph-visitors-comparison-b.json
untracked	supporting-performance-report	archive-supporting	16	1276	9e6f9873e60b8d131c1e684219b38126955cb9ee85181df8ded71292481eaeb0	v12/docs/perf-baselines/2026-07-23-concurrent-graph-visitors-comparison-b.md
untracked	raw-performance-evidence	archive-raw	58	1718	0b42a7ffe0d212dae9b0c070278cad9d60a5281dd700d30e980d0883d097f85d	v12/docs/perf-baselines/2026-07-23-concurrent-graph-visitors-compiled-profile-run1.json
untracked	raw-performance-evidence	archive-raw	58	1718	da7476444015c18aec4ac0bede5870c14637ca1c9d273304f2391469be255711	v12/docs/perf-baselines/2026-07-23-concurrent-graph-visitors-compiled-profile-run2.json
untracked	raw-performance-evidence	archive-raw	58	1718	0b88bcf962112453d8050dbdcfd9b2bbb8696e2339c02d6e43085526ed685d97	v12/docs/perf-baselines/2026-07-23-concurrent-graph-visitors-compiled-profile-run3.json
untracked	raw-performance-evidence	archive-raw	102	7353	ab68b60f9f7da9cd91c35fd26c7abd62662f2be8be198bc5b8bc59303cb14a08	v12/docs/perf-baselines/2026-07-23-concurrent-graph-visitors-compiled-profile-top.txt
untracked	raw-performance-evidence	archive-raw	80	2224	db313d02cf9e880ebbb68a2b273626909eb8626f87595d209ae6f07d99476b0f	v12/docs/perf-baselines/2026-07-23-concurrent-graph-visitors-direct64-cap4096-candidate.json
untracked	raw-performance-evidence	archive-raw	64	2001	a00ab375f127a2633d2af3a47493b595a59221ad5e285ce1974cb2f318cafe8f	v12/docs/perf-baselines/2026-07-23-concurrent-graph-visitors-go-reference-a.json
untracked	supporting-performance-report	archive-supporting	12	542	3378b15500d06a99f5c4376ce92da42778efd21f6fceb9ae39cb67c1e2f79e89	v12/docs/perf-baselines/2026-07-23-concurrent-graph-visitors-go-reference-a.md
untracked	raw-performance-evidence	archive-raw	64	2001	5476e3c5962a7cdb4a79b4a827e4729d2fa4fe43f5d748007019441205b46849	v12/docs/perf-baselines/2026-07-23-concurrent-graph-visitors-go-reference-b.json
untracked	supporting-performance-report	archive-supporting	12	542	c6c00abcd761c085ec421ecd9956025277fba397783add9cf34cc0996719ef92	v12/docs/perf-baselines/2026-07-23-concurrent-graph-visitors-go-reference-b.md
untracked	raw-performance-evidence	archive-raw	8195	255245	88da0458ffc94f32c26b6c88053fc64038517dc7596da4a05e38d874a3eb83da	v12/docs/perf-baselines/2026-07-23-concurrent-graph-visitors-interaction-triple-frontier.json
untracked	supporting-performance-report	archive-supporting	182	75695	b6359e378e8400e673892bf9dca75ca1a79a3c79fcb4afc6bff76a44b27fbf12	v12/docs/perf-baselines/2026-07-23-concurrent-graph-visitors-interaction-triple-frontier.md
untracked	raw-performance-evidence	archive-raw	133	4267	7790e75918b31d35b6efbd10432a12a3059f7e00cd6894dccd4ea6da2faa8b97	v12/docs/perf-baselines/2026-07-23-concurrent-graph-visitors-interpreter-reference-a.json
untracked	supporting-performance-report	archive-supporting	14	940	3957c109a96d7f2c22d40a8b07f6ed293aced237490fe66f20c5be1e53aecbf9	v12/docs/perf-baselines/2026-07-23-concurrent-graph-visitors-interpreter-reference-a.md
untracked	raw-performance-evidence	archive-raw	133	4264	bd1499a7c0994bee9579a0b77059f0925bbf759f8d923eb4f351a33d3318572b	v12/docs/perf-baselines/2026-07-23-concurrent-graph-visitors-interpreter-reference-b.json
untracked	supporting-performance-report	archive-supporting	14	940	e10d0831abd8055704e7fbd7e19119da6da48868779042988e0d443424a4555c	v12/docs/perf-baselines/2026-07-23-concurrent-graph-visitors-interpreter-reference-b.md
untracked	raw-performance-evidence	archive-raw	230	5089	904f8a9e47673c17c350dd924d8b140c1da7d4e2b0c6d9ba1542c1b5a03dbea4	v12/docs/perf-baselines/2026-07-23-concurrent-graph-visitors-performance-evidence-ledger.json
untracked	supporting-performance-report	archive-supporting	62	4936	f35a2c030c371d6fa724f62088965f873b04722de1517a355ae39841ce893515	v12/docs/perf-baselines/2026-07-23-concurrent-graph-visitors-performance-evidence-ledger.md
untracked	raw-performance-evidence	archive-raw	6240	355974	1faa6fcad8cb58f6abeb91398debd93e4f33f318755da5411c45c9bc8670c401	v12/docs/perf-baselines/2026-07-23-concurrent-graph-visitors-performance-frontier.json
untracked	supporting-performance-report	archive-supporting	317	65206	da7aad170a524fa116b9e6d88a537b85076cd4146bee0a85833a6b78cc9a9c86	v12/docs/perf-baselines/2026-07-23-concurrent-graph-visitors-performance-frontier.md
untracked	raw-performance-evidence	archive-raw	80	2229	12c2a8385c3ebad796311127f7313ad084fc678a59dc4c1248a3217ea035dac7	v12/docs/perf-baselines/2026-07-23-concurrent-graph-visitors-restored-control.json
untracked	supporting-performance-report	archive-supporting	113	5821	02c91cf2b9df97f237eba994fed56082b78b84a0d986ff7bbbf03e0c72c0cc27	v12/docs/perf-baselines/2026-07-23-concurrent-graph-visitors-scorecard-reconciliation.md
untracked	raw-performance-evidence	archive-raw	128	187635	94042960595d5c3b452b6e4e3d1acf5a0372acfd02b7705baebc2be9778740d5	v12/docs/perf-baselines/2026-07-23-concurrent-graph-visitors-scorecard.json
untracked	supporting-performance-report	archive-supporting	161	16361	03b664622e65a57a46ab2d4d7b7a23c700f6b0e285032d0ccfa89524b3025718	v12/docs/perf-baselines/2026-07-23-concurrent-graph-visitors-scorecard.md
untracked	raw-performance-evidence	archive-raw	8	272	d8126a7ee93174b48c3c597839bac1620f3ab7b6babe10e23eb0f95c1d3bc28b	v12/docs/perf-baselines/2026-07-23-concurrent-graph-visitors-stdlib-source-state.json
untracked	supporting-performance-report	archive-supporting	115	5615	4cc1a09e521287897522162e9404db841a5be9dbc1e872a98a9fb0921e2ce71a	v12/docs/perf-baselines/2026-07-23-concurrent-packet-codecs-application-gate.md
untracked	raw-performance-evidence	archive-raw	43	3462	1aeda559b77526602080badd55c4f9df8d4592e44560ccc6c4d11bf7166d0e13	v12/docs/perf-baselines/2026-07-23-concurrent-packet-codecs-bytecode-profile-top.txt
untracked	raw-performance-evidence	archive-raw	397	13784	42b40b76162a9f0d1aa7234633b7aa53a64470f58397016147045a6342c0632e	v12/docs/perf-baselines/2026-07-23-concurrent-packet-codecs-cohort-a.json
untracked	supporting-performance-report	archive-supporting	16	1270	2dde85c0db15900565b81bc481b3af125516cae7d77c076a64e3f0cca9cd3032	v12/docs/perf-baselines/2026-07-23-concurrent-packet-codecs-cohort-a.md
untracked	raw-performance-evidence	archive-raw	397	13780	377dd2b0f8cb857d9d2bb90e2597a7b84e64c76553414bbd8ffe1b692e667268	v12/docs/perf-baselines/2026-07-23-concurrent-packet-codecs-cohort-b.json
untracked	supporting-performance-report	archive-supporting	16	1268	b18bcd3c7072bfa7bef51da4659131bbe8f7a70ffdfde0cbf00a95c2e80032ce	v12/docs/perf-baselines/2026-07-23-concurrent-packet-codecs-cohort-b.md
untracked	raw-performance-evidence	archive-raw	40	2577	259fce683c83182aab880dca31cfbcfa0d10623560114798ebccfad78e5fd59d	v12/docs/perf-baselines/2026-07-23-concurrent-packet-codecs-compiled-profile-top.txt
untracked	raw-performance-evidence	archive-raw	7212	435568	8a38340d1932894192956de34a1c93322ef9002e68bff5ddd9c2af5b39f73c46	v12/docs/perf-baselines/2026-07-23-concurrent-packet-codecs-cross-mode-performance-frontier.json
untracked	supporting-performance-report	archive-supporting	325	69848	377a8b000d41107a38118f88bf9d9eb18a8218c5139fc9748573967f0dd6b319	v12/docs/perf-baselines/2026-07-23-concurrent-packet-codecs-cross-mode-performance-frontier.md
untracked	raw-performance-evidence	archive-raw	9729	307680	23b6786a1c456b869237d2b030d1415ddc68c65aaba4bfc0bfdfa285ebf70fa8	v12/docs/perf-baselines/2026-07-23-concurrent-packet-codecs-feature-interaction-triple-frontier.json
untracked	supporting-performance-report	archive-supporting	182	93087	7e69b5575c886a5740a16641ccc6b7d5fa18950c0ec38d878f1a2ed693c1f0ac	v12/docs/perf-baselines/2026-07-23-concurrent-packet-codecs-feature-interaction-triple-frontier.md
untracked	raw-performance-evidence	archive-raw	64	2000	46707a5e348e52f85f588febd2425f65ef73d11af89d1fbb91b87457917d0d47	v12/docs/perf-baselines/2026-07-23-concurrent-packet-codecs-go-a.json
untracked	supporting-performance-report	archive-supporting	12	541	76daeeddb4a382e3ce88f54807b0e18d755281aefe758266552fb9a96915f50c	v12/docs/perf-baselines/2026-07-23-concurrent-packet-codecs-go-a.md
untracked	raw-performance-evidence	archive-raw	64	1999	247614aff5f1d5559b736d6c901001e1fa53bdfa38aa60e85dd78526aa84f966	v12/docs/perf-baselines/2026-07-23-concurrent-packet-codecs-go-b.json
untracked	supporting-performance-report	archive-supporting	12	541	3092e83528df7161b594afdde105a007654bc4ba9c2e2f06b85fd974068861d7	v12/docs/perf-baselines/2026-07-23-concurrent-packet-codecs-go-b.md
untracked	raw-performance-evidence	archive-raw	133	4261	f635d94f1b198b49f58070be1e8da8d994f89e9ada7e7bd83f032ffc925ce50e	v12/docs/perf-baselines/2026-07-23-concurrent-packet-codecs-interpreter-a.json
untracked	supporting-performance-report	archive-supporting	14	938	b69f1f1f20f17c1be1193930bfef424eb64397fd148b20e2ff08308741c3727b	v12/docs/perf-baselines/2026-07-23-concurrent-packet-codecs-interpreter-a.md
untracked	raw-performance-evidence	archive-raw	133	4262	4e027b804d76f50da935a52f07d88bd2422f9e9ec75580bfd33d428479da6a75	v12/docs/perf-baselines/2026-07-23-concurrent-packet-codecs-interpreter-b.json
untracked	supporting-performance-report	archive-supporting	14	938	df57f039ec677a6f53d714910d124995ab447d0b146334fe346eb0b6c04937af	v12/docs/perf-baselines/2026-07-23-concurrent-packet-codecs-interpreter-b.md
untracked	supporting-performance-report	archive-supporting	43	2274	465739312f2b07da16b56b10899aedf1b4568cef95cc3e7af6f697f3b7281441	v12/docs/perf-baselines/2026-07-23-concurrent-packet-codecs-scorecard-reconciliation.md
untracked	raw-performance-evidence	archive-raw	136	201394	032a01afa314cb7f42e5d3dfa457b45fff8c28dd36b46c8e841fdf5c12704e2e	v12/docs/perf-baselines/2026-07-23-concurrent-packet-codecs-scorecard.json
untracked	supporting-performance-report	archive-supporting	173	17804	75f992d5969728c269ec25fbeb489a238388cac93153f65d5827eeb95e7763e3	v12/docs/perf-baselines/2026-07-23-concurrent-packet-codecs-scorecard.md
untracked	raw-performance-evidence	archive-raw	8	272	d8126a7ee93174b48c3c597839bac1620f3ab7b6babe10e23eb0f95c1d3bc28b	v12/docs/perf-baselines/2026-07-23-concurrent-packet-codecs-stdlib-source-state.json
untracked	supporting-performance-report	archive-supporting	137	6954	6d521b83f938f7b8c2f6fac7a83fb290e1c138307d0c9e9da9adb9a155d72b45	v12/docs/perf-baselines/2026-07-23-concurrent-policy-callbacks-application-gate.md
untracked	raw-performance-evidence	archive-raw	109	11008	60bf955a69d02f01f8852dc1a2d63bd9b27602022dada29c0314a1662515ab34	v12/docs/perf-baselines/2026-07-23-concurrent-policy-callbacks-bytecode-profile-top.txt
untracked	raw-performance-evidence	archive-raw	7386	206708	66f0f8e3e303e15a6152799d34ff4c0dd22cba70419371bd24bb76dd9d135e5b	v12/docs/perf-baselines/2026-07-23-concurrent-policy-callbacks-bytecode-runtime-stats.json
untracked	raw-performance-evidence	archive-raw	80	2222	f8e587831d753ec67af99fd359df49123a6095cf2755917d659e9badfd3f904c	v12/docs/perf-baselines/2026-07-23-concurrent-policy-callbacks-cap4096-guard-b.json
untracked	raw-performance-evidence	archive-raw	80	2221	c630a27ae032aea8754bf608229ce5fd6b46f65971c5d24756751a3f467bb789	v12/docs/perf-baselines/2026-07-23-concurrent-policy-callbacks-cap4096-guard.json
untracked	raw-performance-evidence	archive-raw	413	14425	61bb25b66edb0560fe22845847cf920322054bfa2a693a1468aafa3dbe9432de	v12/docs/perf-baselines/2026-07-23-concurrent-policy-callbacks-comparison-a.json
untracked	supporting-performance-report	archive-supporting	16	1285	69a5d1f08fd698cc77cfbd1d0932bf992754d3d20914422e8ffcc9a89168f7a2	v12/docs/perf-baselines/2026-07-23-concurrent-policy-callbacks-comparison-a.md
untracked	raw-performance-evidence	archive-raw	413	14429	ca328e23613ad33949fdcc1c4ed31481303b451a36979261286f8b8a1a793518	v12/docs/perf-baselines/2026-07-23-concurrent-policy-callbacks-comparison-b.json
untracked	supporting-performance-report	archive-supporting	16	1285	163b320ce4f357809e7ca0611c627e14c08de8b82c5b5867249c79694480a48e	v12/docs/perf-baselines/2026-07-23-concurrent-policy-callbacks-comparison-b.md
untracked	raw-performance-evidence	archive-raw	88	6764	6654ffb19de2f71fd9040c9245dedcb6d3289058b0bb3c16b4f9b60e2ae15c27	v12/docs/perf-baselines/2026-07-23-concurrent-policy-callbacks-compiled-profile-top.txt
untracked	raw-performance-evidence	archive-raw	80	2224	b7524fdddfc6325763a92c37040530b3b1477c3cd21b5cafd11ee697f2d31d9b	v12/docs/perf-baselines/2026-07-23-concurrent-policy-callbacks-direct64-cap4096-guard.json
untracked	raw-performance-evidence	archive-raw	64	2005	2a6634436c653298158806634a04c3f92a71b79551014fd614bfef2967e9336a	v12/docs/perf-baselines/2026-07-23-concurrent-policy-callbacks-go-reference-a.json
untracked	supporting-performance-report	archive-supporting	12	544	59d2ce0fd3ca9820931320d82a7e840658a8a25992a7da8ba2006ec79d83271a	v12/docs/perf-baselines/2026-07-23-concurrent-policy-callbacks-go-reference-a.md
untracked	raw-performance-evidence	archive-raw	64	2005	7b016c17804e9f4fdad5e29d2cd6d8de7a8149a9695b18bdada31a8d1e126117	v12/docs/perf-baselines/2026-07-23-concurrent-policy-callbacks-go-reference-b.json
untracked	supporting-performance-report	archive-supporting	12	544	55a38f3f6130c999a64f8efc553180db1ea8bcc680bf31d1207046cfd8a53408	v12/docs/perf-baselines/2026-07-23-concurrent-policy-callbacks-go-reference-b.md
untracked	raw-performance-evidence	archive-raw	7388	223218	71f2d799450f84531c50a2d6ccfd618be24ad0cbed47c5caa67d9b43fa33014a	v12/docs/perf-baselines/2026-07-23-concurrent-policy-callbacks-interaction-triple-frontier.json
untracked	supporting-performance-report	archive-supporting	182	62079	7dd87d3183087912a8c7625d6ece1e2a4bfb15fef345caea14d0d75253844e7c	v12/docs/perf-baselines/2026-07-23-concurrent-policy-callbacks-interaction-triple-frontier.md
untracked	raw-performance-evidence	archive-raw	133	4275	1645b082ca5ccc302fa6bc480c01c2ae652b135605c13803b86c28f6cf4288c3	v12/docs/perf-baselines/2026-07-23-concurrent-policy-callbacks-interpreter-reference-a.json
untracked	supporting-performance-report	archive-supporting	14	944	92412a7dbffd68b5da4d55d2a97c5c6b3e0395fdf604dcc389b83966f9cba514	v12/docs/perf-baselines/2026-07-23-concurrent-policy-callbacks-interpreter-reference-a.md
untracked	raw-performance-evidence	archive-raw	133	4275	99a6b9343f077b67ff84dd4923a3750ce2a37f949d61ff7d7108ab0477ac5f3a	v12/docs/perf-baselines/2026-07-23-concurrent-policy-callbacks-interpreter-reference-b.json
untracked	supporting-performance-report	archive-supporting	14	944	5f0ed714128f783bbe61af0300a82dd0c547ea11ce5082aa021750428a0b3c41	v12/docs/perf-baselines/2026-07-23-concurrent-policy-callbacks-interpreter-reference-b.md
untracked	raw-performance-evidence	archive-raw	5598	303289	b9d06dd528ac7e8945e356b56bccd986d9b00b210fd81fe0b655aaddb39d8be4	v12/docs/perf-baselines/2026-07-23-concurrent-policy-callbacks-performance-frontier.json
untracked	supporting-performance-report	archive-supporting	311	61533	03225d43ab9c0851a52ee9a33c45e9dbb85fa1ff18fde63b2d8df54428cede7d	v12/docs/perf-baselines/2026-07-23-concurrent-policy-callbacks-performance-frontier.md
untracked	raw-performance-evidence	archive-raw	80	2225	ab83c85039c2d4f2ebe6c5b16ec87438c7847d0754f66c1f480dd5d14eea43b2	v12/docs/perf-baselines/2026-07-23-concurrent-policy-callbacks-restored-control-b.json
untracked	raw-performance-evidence	archive-raw	80	2220	edef9cc8bda37948ac1aa163a508b48d2124d019577cf21e72be4336011a31df	v12/docs/perf-baselines/2026-07-23-concurrent-policy-callbacks-restored-control.json
untracked	supporting-performance-report	archive-supporting	94	4757	ccd21757baeae16680d7914b697c1b6e158b5e8e06616fba48bef25c44b644ff	v12/docs/perf-baselines/2026-07-23-concurrent-policy-callbacks-scorecard-reconciliation.md
untracked	raw-performance-evidence	archive-raw	122	177185	b999a4b735d505949150e5472de95120650c4c867d960ea433e7d0442cfe1bf8	v12/docs/perf-baselines/2026-07-23-concurrent-policy-callbacks-scorecard.json
untracked	supporting-performance-report	archive-supporting	152	15263	20b2bb52373129d5da1f45dd0964065cdbfa93f05d18930d9865650dc36f4b0a	v12/docs/perf-baselines/2026-07-23-concurrent-policy-callbacks-scorecard.md
untracked	raw-performance-evidence	archive-raw	8	272	d8126a7ee93174b48c3c597839bac1620f3ab7b6babe10e23eb0f95c1d3bc28b	v12/docs/perf-baselines/2026-07-23-concurrent-policy-callbacks-stdlib-source-state.json
untracked	supporting-performance-report	archive-supporting	99	4435	9db8acafbb327e032813c6fbb3120ff6f8891bb692586ac77a68b74580cfd6a4	v12/docs/perf-baselines/2026-07-23-concurrent-scene-tiles-application-gate.md
untracked	raw-performance-evidence	archive-raw	41	3042	73cd5ca80d3d90da85cbe898a4941e89583277f65c9b8628165bcc29f5d08db9	v12/docs/perf-baselines/2026-07-23-concurrent-scene-tiles-bytecode-profile-top.txt
untracked	raw-performance-evidence	archive-raw	440	14086	90dc41cbb6d9f6439d8ed48c664c855049308690849baf9eb0025a5eaf39faa5	v12/docs/perf-baselines/2026-07-23-concurrent-scene-tiles-bytecode-trace.json
untracked	raw-performance-evidence	archive-raw	397	13720	506199f7a82043d400e2ac227adf356d12efc62ab469e82609d8aab3b47ed3f9	v12/docs/perf-baselines/2026-07-23-concurrent-scene-tiles-cohort-a.json
untracked	supporting-performance-report	archive-supporting	16	1239	5f7cd436ec4f5dbfe6feb8dc91dae703ecc25b693fa2472720b2f8c6afcba94d	v12/docs/perf-baselines/2026-07-23-concurrent-scene-tiles-cohort-a.md
untracked	raw-performance-evidence	archive-raw	397	13718	cf6467e7312223de6bc1b57d6f59f39ed6027bacf2b502d4ec47611ffdad16f5	v12/docs/perf-baselines/2026-07-23-concurrent-scene-tiles-cohort-b.json
untracked	supporting-performance-report	archive-supporting	16	1239	07c7cf32242640b3f66f1ea2dd67fd8e9c3f0b605cb018290a64e5e4a708a586	v12/docs/perf-baselines/2026-07-23-concurrent-scene-tiles-cohort-b.md
untracked	raw-performance-evidence	archive-raw	28	1775	e5d919114cb869f3c7e5a2e9e043048f7a3cd77288ab1e8fd911bc0e493d3541	v12/docs/perf-baselines/2026-07-23-concurrent-scene-tiles-compiled-profile-top.txt
untracked	raw-performance-evidence	archive-raw	6718	393687	a8fb1a1e17a3f9c059ed5adba29483b87ae7acd75616e238146b36fa67154821	v12/docs/perf-baselines/2026-07-23-concurrent-scene-tiles-cross-mode-performance-frontier.json
untracked	supporting-performance-report	archive-supporting	321	67429	722f122da0184181232cb13b7814060bfc8efb785cbbd8edb5858584098ad65b	v12/docs/perf-baselines/2026-07-23-concurrent-scene-tiles-cross-mode-performance-frontier.md
untracked	raw-performance-evidence	archive-raw	64	1995	518710801a4292d89ccede66384e11c673dc1b0088f4a948d3de1de571c1611a	v12/docs/perf-baselines/2026-07-23-concurrent-scene-tiles-go-a.json
untracked	supporting-performance-report	archive-supporting	12	539	15a722d13a04004581849534f6415fc33af6269ee5593c7fe54dd724ecbb4890	v12/docs/perf-baselines/2026-07-23-concurrent-scene-tiles-go-a.md
untracked	raw-performance-evidence	archive-raw	64	1995	9112ca9d6ae3916741bdcbfd15c8338c8b4aa5bf887189e8d9e9301d34dc289b	v12/docs/perf-baselines/2026-07-23-concurrent-scene-tiles-go-b.json
untracked	supporting-performance-report	archive-supporting	12	539	f60c43e21b25f86719f0d9201ebb0dd1c0c121664de0349eb06037985f208c42	v12/docs/perf-baselines/2026-07-23-concurrent-scene-tiles-go-b.md
untracked	raw-performance-evidence	archive-raw	9047	283404	bfc655af9ee81e4a5f94641ee2985d0a84ea34e8df2470d18aaf54afd575ab1f	v12/docs/perf-baselines/2026-07-23-concurrent-scene-tiles-interaction-triple-frontier.json
untracked	supporting-performance-report	archive-supporting	182	84009	24267e7c131312d2f04b6c0d316ee72193032135dc48b7a54c42ea6aa9294395	v12/docs/perf-baselines/2026-07-23-concurrent-scene-tiles-interaction-triple-frontier.md
untracked	raw-performance-evidence	archive-raw	133	4254	64d07d626937f91322587bb7ece7af816baa52a5432120f33e5f7657c09ee077	v12/docs/perf-baselines/2026-07-23-concurrent-scene-tiles-interpreter-a.json
untracked	supporting-performance-report	archive-supporting	14	934	53b2c00e14c3def0715916ba3e03677bf8ec2e4e497843ee8aa32ab36e60a144	v12/docs/perf-baselines/2026-07-23-concurrent-scene-tiles-interpreter-a.md
untracked	raw-performance-evidence	archive-raw	133	4253	0e0f6a868e86ebf2259f16516911cdd81ba4ae31ebafc07c869f168146cbfb90	v12/docs/perf-baselines/2026-07-23-concurrent-scene-tiles-interpreter-b.json
untracked	supporting-performance-report	archive-supporting	14	934	8dafd666beee19de7679519fc919b53645da17a1e49eba5aff7ade864f5ea0c1	v12/docs/perf-baselines/2026-07-23-concurrent-scene-tiles-interpreter-b.md
untracked	raw-performance-evidence	archive-raw	230	5089	904f8a9e47673c17c350dd924d8b140c1da7d4e2b0c6d9ba1542c1b5a03dbea4	v12/docs/perf-baselines/2026-07-23-concurrent-scene-tiles-performance-closure-report.json
untracked	supporting-performance-report	archive-supporting	62	4936	f35a2c030c371d6fa724f62088965f873b04722de1517a355ae39841ce893515	v12/docs/perf-baselines/2026-07-23-concurrent-scene-tiles-performance-closure-report.md
untracked	supporting-performance-report	archive-supporting	97	5037	8443ed3238fd3fd955063b819049bac830fda11474028ad6927e61aa1d10e3ad	v12/docs/perf-baselines/2026-07-23-concurrent-scene-tiles-scorecard-reconciliation.md
untracked	raw-performance-evidence	archive-raw	132	194466	0f371b6387e10db91c6d438498a8a21f1ec6817d79992ac9eef808c1d9d31fd3	v12/docs/perf-baselines/2026-07-23-concurrent-scene-tiles-scorecard.json
untracked	supporting-performance-report	archive-supporting	167	17057	63a50187cf89278ab3de8f945d76c75a04432cb0224ddee40d6dd48d6bc8a203	v12/docs/perf-baselines/2026-07-23-concurrent-scene-tiles-scorecard.md
untracked	raw-performance-evidence	archive-raw	8	272	d8126a7ee93174b48c3c597839bac1620f3ab7b6babe10e23eb0f95c1d3bc28b	v12/docs/perf-baselines/2026-07-23-concurrent-scene-tiles-stdlib-source-state.json
untracked	raw-performance-evidence	archive-raw	88	3260	35aa4161f9da39be8205992d6e3a35e6faae56036329c2547a9b788eed0ebbee	v12/docs/perf-baselines/2026-07-23-concurrent-signal-dispatch-application-gate.json
untracked	governing-decision-record	reviewed-governing	138	7030	b0dbed48f065254f9d3ad3ce86cc0e564c532e94b9cc8f9cd398c2f3143cafbd	v12/docs/perf-baselines/2026-07-23-concurrent-signal-dispatch-application-gate.md
untracked	raw-performance-evidence	archive-raw	58	1584	25b07b4bd19cc23f838330226477fbda48f579ca4101ba50b43c393c256f4286	v12/docs/perf-baselines/2026-07-23-concurrent-signal-dispatch-bytecode-profile-run1.json
untracked	raw-performance-evidence	archive-raw	58	1584	f029d58d98adf3b55ce82a1b7f5dc37c820b4f9af3b2509608b8954ab1722b35	v12/docs/perf-baselines/2026-07-23-concurrent-signal-dispatch-bytecode-profile-run2.json
untracked	raw-performance-evidence	archive-raw	58	1584	83e79da6737921bc091dfb7319a368e0f773d4217233ae6cc90ebf829dd1f8e2	v12/docs/perf-baselines/2026-07-23-concurrent-signal-dispatch-bytecode-profile-run3.json
untracked	raw-performance-evidence	archive-raw	59	5355	dc4a30d601cc808bdb2c491cb950583f40dcb223d337ad655c35b6b58735ad1f	v12/docs/perf-baselines/2026-07-23-concurrent-signal-dispatch-bytecode-profile-top.txt
untracked	raw-performance-evidence	archive-raw	413	14405	2a256a1782514493f5fbe73801ff747a078448ae00c23a7fc4701a34b68efe1e	v12/docs/perf-baselines/2026-07-23-concurrent-signal-dispatch-comparison-a.json
untracked	supporting-performance-report	archive-supporting	16	1281	fd4031abcbb066563f061bfb06db82c95fac5fcb8e16fe4b9cbd52214dae5945	v12/docs/perf-baselines/2026-07-23-concurrent-signal-dispatch-comparison-a.md
untracked	raw-performance-evidence	archive-raw	413	14404	4e94513b127f6e579f872960647d735f28ff1bc2a0042032f5bf866646331335	v12/docs/perf-baselines/2026-07-23-concurrent-signal-dispatch-comparison-b.json
untracked	supporting-performance-report	archive-supporting	16	1281	4d7857a3c6325350a0a5382ba50346d391e9c65b411697b71cdee7c0ef15403e	v12/docs/perf-baselines/2026-07-23-concurrent-signal-dispatch-comparison-b.md
untracked	raw-performance-evidence	archive-raw	58	4119	d18672fa9c31d139545a14d77fce435d2960d27be2f177d88c5dfbf5688fbc6c	v12/docs/perf-baselines/2026-07-23-concurrent-signal-dispatch-compiled-clean-profile-top.txt
untracked	raw-performance-evidence	archive-raw	60	1742	44cf3d0a114e381d623c6902171745128ee49da531121d1b9727a6d4567ffa1f	v12/docs/perf-baselines/2026-07-23-concurrent-signal-dispatch-compiled-profile-run1.json
untracked	raw-performance-evidence	archive-raw	60	1744	2a951be3e621ab649cd3e93deceda2ca0c72b29c18292011dde6a66550ab40b0	v12/docs/perf-baselines/2026-07-23-concurrent-signal-dispatch-compiled-profile-run2.json
untracked	raw-performance-evidence	archive-raw	60	1744	0c6af0e97787aa50d2a3a2d9484bc52f95698cd5fd0bd0c3945080d1b23c2740	v12/docs/perf-baselines/2026-07-23-concurrent-signal-dispatch-compiled-profile-run3.json
untracked	raw-performance-evidence	archive-raw	48	3057	98eeb0ae7160364a3fb080e3d0d380ca12b3390f59342a7a7920affcf6ec5337	v12/docs/perf-baselines/2026-07-23-concurrent-signal-dispatch-compiled-profile-top.txt
untracked	raw-performance-evidence	archive-raw	64	2004	b75c05ce8ddb1349602dad3a3266686c36f08483b05dc22b1942af327df1a2b1	v12/docs/perf-baselines/2026-07-23-concurrent-signal-dispatch-go-reference-a.json
untracked	supporting-performance-report	archive-supporting	12	543	9f9b920465f85c8fc7eb632f9e5674985fa38a54176fa322c9e0399b7f666b80	v12/docs/perf-baselines/2026-07-23-concurrent-signal-dispatch-go-reference-a.md
untracked	raw-performance-evidence	archive-raw	64	2004	0ea8613e936bfa3f46a938d10ce58972b9eed0753294916f4cf27d4309aa0711	v12/docs/perf-baselines/2026-07-23-concurrent-signal-dispatch-go-reference-b.json
untracked	supporting-performance-report	archive-supporting	12	543	7d26d8d56d395c89df0e67032533c1e38b25fa094f256007212cebf6ffefe9f1	v12/docs/perf-baselines/2026-07-23-concurrent-signal-dispatch-go-reference-b.md
untracked	raw-performance-evidence	archive-raw	6752	198697	60dd98a8aa0d4d94dbec808efea56a683521333de3ee4e0185f42ea604f795c3	v12/docs/perf-baselines/2026-07-23-concurrent-signal-dispatch-interaction-triple-frontier.json
untracked	supporting-performance-report	archive-supporting	182	53306	77c7b2bfd1d525117d1e5aec449907f05bf61120f93f1f54fde0e6f5aaca21fd	v12/docs/perf-baselines/2026-07-23-concurrent-signal-dispatch-interaction-triple-frontier.md
untracked	raw-performance-evidence	archive-raw	133	4270	1109ea6fd8ff0c830383849a829f905aa23be75a400a7d4944479ee659b7ef2b	v12/docs/perf-baselines/2026-07-23-concurrent-signal-dispatch-interpreter-reference-a.json
untracked	supporting-performance-report	archive-supporting	14	942	5771d62b2ea367dd641db208a9b85e73f1f6ee59969de73aff784926b15088fb	v12/docs/perf-baselines/2026-07-23-concurrent-signal-dispatch-interpreter-reference-a.md
untracked	raw-performance-evidence	archive-raw	133	4268	63dd63e0846ee098f4d289e9b1f3041838c3b3ee24e53024b4c7eff754f9efd1	v12/docs/perf-baselines/2026-07-23-concurrent-signal-dispatch-interpreter-reference-b.json
untracked	supporting-performance-report	archive-supporting	14	942	92d263ec7919f0b02277e2a80484210a20ab2b831ba1a52826b6c3eacd45b997	v12/docs/perf-baselines/2026-07-23-concurrent-signal-dispatch-interpreter-reference-b.md
untracked	raw-performance-evidence	archive-raw	5220	275918	75ca76dbcdd371f5ee6fce123d7fe6db4ae3cc5d12acd399970a44ff554209e2	v12/docs/perf-baselines/2026-07-23-concurrent-signal-dispatch-performance-frontier.json
untracked	supporting-performance-report	archive-supporting	307	59132	781593c6bb50c5d3330c575cbd757e88e90c47b8ccacb0db2bfd9fa0b7ca4ee7	v12/docs/perf-baselines/2026-07-23-concurrent-signal-dispatch-performance-frontier.md
untracked	governing-decision-record	reviewed-governing	98	4715	0ec388a85dc0aef0886588937b2d132912f18a11484d9ad30a315998eeb8148f	v12/docs/perf-baselines/2026-07-23-concurrent-signal-dispatch-scorecard-reconciliation.md
untracked	raw-performance-evidence	archive-raw	8	272	d8126a7ee93174b48c3c597839bac1620f3ab7b6babe10e23eb0f95c1d3bc28b	v12/docs/perf-baselines/2026-07-23-concurrent-signal-dispatch-stdlib-source-state.json
untracked	supporting-performance-report	archive-supporting	147	7447	961e0f2c1c920469f53b26444dc6ed47ba444eb7aa2c1d0c244246d382a6942e	v12/docs/perf-baselines/2026-07-23-concurrent-state-machines-application-gate.md
untracked	raw-performance-evidence	archive-raw	109	10948	8dea3580ab69bfce0f191ffa8cc8e8f20174d2286b80f1a74582256826b02800	v12/docs/perf-baselines/2026-07-23-concurrent-state-machines-bytecode-profile-top.txt
untracked	raw-performance-evidence	archive-raw	56	1545	ebcc20ff528a642f48cef4473d510c4d5fd3b9a3dd8253eebe50178a40c733bc	v12/docs/perf-baselines/2026-07-23-concurrent-state-machines-bytecode-runtime-profile-run1.json
untracked	raw-performance-evidence	archive-raw	56	1545	03f990242eb85cf5ddbba167ed1ae052dfaac49e6054e8726fc78406ff1e660a	v12/docs/perf-baselines/2026-07-23-concurrent-state-machines-bytecode-runtime-profile-run2.json
untracked	raw-performance-evidence	archive-raw	56	1545	3247c77876cc6b8ef9a9fae2e2a537339526afd9d4c7ba82b3af7eca807d54d1	v12/docs/perf-baselines/2026-07-23-concurrent-state-machines-bytecode-runtime-profile-run3.json
untracked	raw-performance-evidence	archive-raw	56	1544	7182e8fccdb618fa4bc6e259c38920edfeb4a07026448ebc8af48a823e060328	v12/docs/perf-baselines/2026-07-23-concurrent-state-machines-bytecode-runtime-stats-run.json
untracked	raw-performance-evidence	archive-raw	4322	118322	59c89b6ae061a80e04ac687b5f9cc69a458e450af0216bf601644e0ef726475a	v12/docs/perf-baselines/2026-07-23-concurrent-state-machines-bytecode-runtime-stats.json
untracked	raw-performance-evidence	archive-raw	80	2220	93346cbae9c463b6a3caefe8161821647ab456c444107da08e13c6d01e1329a2	v12/docs/perf-baselines/2026-07-23-concurrent-state-machines-cap4096-candidate-b.json
untracked	raw-performance-evidence	archive-raw	80	2220	6ed554c61e160ab94fee20298c86b99c7c4b106ad763492c71b26fd24ed62bac	v12/docs/perf-baselines/2026-07-23-concurrent-state-machines-cap4096-candidate.json
untracked	raw-performance-evidence	archive-raw	397	13796	2f5c0e23a88a50493966adbefa2f68e5ca8f47513faeb16605f6cdb893d01a66	v12/docs/perf-baselines/2026-07-23-concurrent-state-machines-comparison-a.json
untracked	supporting-performance-report	archive-supporting	16	1274	f5490b7ec86644547d7b26383e729cbfa689e01cedd3d38d8c2ed78a913a68e2	v12/docs/perf-baselines/2026-07-23-concurrent-state-machines-comparison-a.md
untracked	raw-performance-evidence	archive-raw	397	13796	4b38cdefda89c037559e37d9036412f6513f51e407653f11b5f57c2d6fa63228	v12/docs/perf-baselines/2026-07-23-concurrent-state-machines-comparison-b.json
untracked	supporting-performance-report	archive-supporting	16	1274	b7f487ce96453c4388e9ddf3e7f446d8e383a83d56add729bbbfc33c490aae7a	v12/docs/perf-baselines/2026-07-23-concurrent-state-machines-comparison-b.md
untracked	raw-performance-evidence	archive-raw	88	6429	4be0b6d2bf843d2555a0b4f4bf29fa7cc167b566522166132a7245e938226a25	v12/docs/perf-baselines/2026-07-23-concurrent-state-machines-compiled-profile-top.txt
untracked	raw-performance-evidence	archive-raw	80	2220	02328d83a32332b6018cba5e70b993f3a11d80719257942fef3e24e308e2c4ab	v12/docs/perf-baselines/2026-07-23-concurrent-state-machines-direct64-cap4096-guard.json
untracked	raw-performance-evidence	archive-raw	64	2002	8272c3afa14198a04c380b7813f2ac5a8a6d81521e4d3abd233df603b9c5e3f0	v12/docs/perf-baselines/2026-07-23-concurrent-state-machines-go-reference-a.json
untracked	supporting-performance-report	archive-supporting	12	542	3d2a3bcb134bfe21de565ff25e24c0b19a8cefb20951d8c64ef556b3dc18af22	v12/docs/perf-baselines/2026-07-23-concurrent-state-machines-go-reference-a.md
untracked	raw-performance-evidence	archive-raw	64	2001	75f8d622171fab4ae0498635e98a5cd8039059a241b7ea94a4850b3372d556cc	v12/docs/perf-baselines/2026-07-23-concurrent-state-machines-go-reference-b.json
untracked	supporting-performance-report	archive-supporting	12	542	9cdbd1ac462133f8e0f305901b09dcbfa4850709402c531077b42d4e0efde4cc	v12/docs/perf-baselines/2026-07-23-concurrent-state-machines-go-reference-b.md
untracked	raw-performance-evidence	archive-raw	7865	243024	03f939e6c355dd2d25b1496ce2667b26096e98d7d71bb0a5932e4898b099c9ac	v12/docs/perf-baselines/2026-07-23-concurrent-state-machines-interaction-triple-frontier.json
untracked	supporting-performance-report	archive-supporting	182	70882	32c97d3e7811260c47fa087f062943e19eb2fb8c99c71997bfcadcb05a8bcc2a	v12/docs/perf-baselines/2026-07-23-concurrent-state-machines-interaction-triple-frontier.md
untracked	raw-performance-evidence	archive-raw	133	4266	273188740fcb63da1be6d68f1b8168e7eb9cb89662fe530632a2acea7db8f0b6	v12/docs/perf-baselines/2026-07-23-concurrent-state-machines-interpreter-reference-a.json
untracked	supporting-performance-report	archive-supporting	14	940	f62623f2c29f07f85ec4908d748dd3c42e392c132015b1f84dc03bf19a8f2cab	v12/docs/perf-baselines/2026-07-23-concurrent-state-machines-interpreter-reference-a.md
untracked	raw-performance-evidence	archive-raw	133	4267	38ee74c25c88aaa57791ceabe862bd07f3a003586f02fd3b91d478738734dee6	v12/docs/perf-baselines/2026-07-23-concurrent-state-machines-interpreter-reference-b.json
untracked	supporting-performance-report	archive-supporting	14	940	3b4c13b074ced7ef04f4f3fa59488eed995b447e678ae51f626e686f27ddd0d0	v12/docs/perf-baselines/2026-07-23-concurrent-state-machines-interpreter-reference-b.md
untracked	raw-performance-evidence	archive-raw	6016	337192	1bd1f5584d3e5bee6e493465e94a5967941dcb5ce29d6b31fb9e87938ca86485	v12/docs/perf-baselines/2026-07-23-concurrent-state-machines-performance-frontier.json
untracked	supporting-performance-report	archive-supporting	315	63973	036690242f866d5a5f31c1573f2cb5c980384758d31f353958b290081cb81e23	v12/docs/perf-baselines/2026-07-23-concurrent-state-machines-performance-frontier.md
untracked	raw-performance-evidence	archive-raw	80	2220	db02590d2738ccb5463f041801394deea129ebea3994dd5f627825985da3f063	v12/docs/perf-baselines/2026-07-23-concurrent-state-machines-restored-control-b.json
untracked	raw-performance-evidence	archive-raw	80	2220	36804e5812e10cf5c0744880e2940220abf9753ab8e121baf36135d1ca7d9ac5	v12/docs/perf-baselines/2026-07-23-concurrent-state-machines-restored-control.json
untracked	supporting-performance-report	archive-supporting	98	4927	7696abe053b65a1cdb12b7ae71862b4ef26b9fd113e9eaafbff71db1a2b8a05b	v12/docs/perf-baselines/2026-07-23-concurrent-state-machines-scorecard-reconciliation.md
untracked	raw-performance-evidence	archive-raw	126	184174	fa1139e766b8784b00e1c9a7e85fc13e98c908b1893ce56575f92bf9c77d2d99	v12/docs/perf-baselines/2026-07-23-concurrent-state-machines-scorecard.json
untracked	supporting-performance-report	archive-supporting	158	15997	8bba0152c406dc623ff56cae55d38ca70d5c9dc6fe0bb1cbadb5816edb8f7456	v12/docs/perf-baselines/2026-07-23-concurrent-state-machines-scorecard.md
untracked	raw-performance-evidence	archive-raw	8	272	d8126a7ee93174b48c3c597839bac1620f3ab7b6babe10e23eb0f95c1d3bc28b	v12/docs/perf-baselines/2026-07-23-concurrent-state-machines-stdlib-source-state.json
untracked	supporting-performance-report	archive-supporting	148	7587	1430b636df30539f48ad2748d103861bf6c4ab2b2612b4a60c11d6f45055d023	v12/docs/perf-baselines/2026-07-23-concurrent-stateful-pipeline-application-gate.md
untracked	raw-performance-evidence	archive-raw	129	12682	7d3f3e6f454f08a90665e5c1f284fb9197cc9a7a8e99c9cd5f6d5d67e80c45b2	v12/docs/perf-baselines/2026-07-23-concurrent-stateful-pipeline-bytecode-profile-top.txt
untracked	raw-performance-evidence	archive-raw	4602	127401	3acb7bf10b81c4d6891456a87a8cb34f70ae4d030eb113f05a1321eaac71d710	v12/docs/perf-baselines/2026-07-23-concurrent-stateful-pipeline-bytecode-runtime-stats.json
untracked	raw-performance-evidence	archive-raw	80	2233	5db66ede66948c4197544efa6fdebecfed242ff40ba26b9551fea17d1eb01125	v12/docs/perf-baselines/2026-07-23-concurrent-stateful-pipeline-cap4096-guard-b.json
untracked	raw-performance-evidence	archive-raw	80	2236	25ddd14a09462e4266a82c9c0113c03a9c6d076c3c295bc2448171e49a7aaa55	v12/docs/perf-baselines/2026-07-23-concurrent-stateful-pipeline-cap4096-guard.json
untracked	raw-performance-evidence	archive-raw	397	13848	35e0e884302920464da8066159ddb3308d2e334be72c9e3fdb07fdf573f1e2bc	v12/docs/perf-baselines/2026-07-23-concurrent-stateful-pipeline-comparison-a.json
untracked	supporting-performance-report	archive-supporting	16	1290	fcbdff67ffe0d7418339938420fb86de26766f82f873a1ced341a4df8a329689	v12/docs/perf-baselines/2026-07-23-concurrent-stateful-pipeline-comparison-a.md
untracked	raw-performance-evidence	archive-raw	397	13853	8ddf70c41fd4510f421c0671bdd95625386243b1a4227e87d23b0451a15f24ab	v12/docs/perf-baselines/2026-07-23-concurrent-stateful-pipeline-comparison-b.json
untracked	supporting-performance-report	archive-supporting	16	1290	3d9308e72b7764b6c02ddf1cd5149abc556e69f2fe218e1fd5e666920118251c	v12/docs/perf-baselines/2026-07-23-concurrent-stateful-pipeline-comparison-b.md
untracked	raw-performance-evidence	archive-raw	109	7868	944a611b2dbe7e453bc72b833abdd0a9551531b2c844521104b0e58fba0dc57b	v12/docs/perf-baselines/2026-07-23-concurrent-stateful-pipeline-compiled-profile-top.txt
untracked	raw-performance-evidence	archive-raw	80	2235	66c4762ce1e2bba0d576b7efa976311d6ab4aee26ec5d9f99701850a5f94eb99	v12/docs/perf-baselines/2026-07-23-concurrent-stateful-pipeline-direct64-cap4096-guard.json
untracked	raw-performance-evidence	archive-raw	64	2008	52c144d3a2398fe13e5d8a191f0a8468e472d7254885b6c12e9d348a6bd4df55	v12/docs/perf-baselines/2026-07-23-concurrent-stateful-pipeline-go-reference-a.json
untracked	supporting-performance-report	archive-supporting	12	545	d7586375dd63cd25a3e2e421a89288c1e325e526b52167ca38a3a055a832c72e	v12/docs/perf-baselines/2026-07-23-concurrent-stateful-pipeline-go-reference-a.md
untracked	raw-performance-evidence	archive-raw	64	2008	d204e54cd3ef107306ab2d784f1b7b1987d2b2115fda54a951d2a271bd4ab0f5	v12/docs/perf-baselines/2026-07-23-concurrent-stateful-pipeline-go-reference-b.json
untracked	supporting-performance-report	archive-supporting	12	545	879ba107dafc42cda46a0edcdc263ea48141ed199e08e62ceee33db850e2e708	v12/docs/perf-baselines/2026-07-23-concurrent-stateful-pipeline-go-reference-b.md
untracked	raw-performance-evidence	archive-raw	7683	235130	aed87107e0d911f96227f61be14e3cb95880cf171a3e0630fc5cf4c7ccf7db10	v12/docs/perf-baselines/2026-07-23-concurrent-stateful-pipeline-interaction-triple-frontier.json
untracked	supporting-performance-report	archive-supporting	182	65941	81d9ba53edebe9431860107d09a2f38d541a02c9147374e97c5c3e0f4fbec4b7	v12/docs/perf-baselines/2026-07-23-concurrent-stateful-pipeline-interaction-triple-frontier.md
untracked	raw-performance-evidence	archive-raw	133	4278	71f530e165ce26f2d10c891b6c8981d2115239abff7a37a241c5b51bbf186a8f	v12/docs/perf-baselines/2026-07-23-concurrent-stateful-pipeline-interpreter-reference-a.json
untracked	supporting-performance-report	archive-supporting	14	946	e16c9b0182434ec89c5e9d33864667de72bb73798441d6d2c48ae2f4c468c84e	v12/docs/perf-baselines/2026-07-23-concurrent-stateful-pipeline-interpreter-reference-a.md
untracked	raw-performance-evidence	archive-raw	133	4277	aa3d3fe46bfe254830942f7da37a47528de21e8dedb0a27afee5b559dcc95937	v12/docs/perf-baselines/2026-07-23-concurrent-stateful-pipeline-interpreter-reference-b.json
untracked	supporting-performance-report	archive-supporting	14	946	161b311b31d2941fcc1d2da321267a1f7cdfdd146f560fb72604279093d96fef	v12/docs/perf-baselines/2026-07-23-concurrent-stateful-pipeline-interpreter-reference-b.md
untracked	raw-performance-evidence	archive-raw	5802	320264	e975a817407d2d2cd4604f8e66419de6b138e17a6fa9d4eedf4c925411ea0345	v12/docs/perf-baselines/2026-07-23-concurrent-stateful-pipeline-performance-frontier.json
untracked	supporting-performance-report	archive-supporting	313	62912	1f916b65473da08d55c0e20b5048ea320727caf9514a0c202674a4f86638e41a	v12/docs/perf-baselines/2026-07-23-concurrent-stateful-pipeline-performance-frontier.md
untracked	raw-performance-evidence	archive-raw	80	2234	1f6dc745fb02a087d1a2fbe57e0c36ede1439a8626ec759e81d0283cee4a9fdc	v12/docs/perf-baselines/2026-07-23-concurrent-stateful-pipeline-restored-control-b.json
untracked	raw-performance-evidence	archive-raw	80	2234	a417a63e3c10d0c804414e5017236d7e27d6724e6d90af3aee075319740c53a4	v12/docs/perf-baselines/2026-07-23-concurrent-stateful-pipeline-restored-control.json
untracked	supporting-performance-report	archive-supporting	97	4873	0aeef64ad18c15e52ab8c71872cd295fc33db166c5d5a6a51d50a45f91807b58	v12/docs/perf-baselines/2026-07-23-concurrent-stateful-pipeline-scorecard-reconciliation.md
untracked	raw-performance-evidence	archive-raw	124	180702	20e449d6b17660f409a1379e826ce2a50d24aef6ad88d6a11cbd7bc6d300c855	v12/docs/perf-baselines/2026-07-23-concurrent-stateful-pipeline-scorecard.json
untracked	supporting-performance-report	archive-supporting	155	15635	1c4b84d5e925ef78bf329bd37dc7e8a2a1247681119325d0ab6090fe0f137f21	v12/docs/perf-baselines/2026-07-23-concurrent-stateful-pipeline-scorecard.md
untracked	raw-performance-evidence	archive-raw	8	272	d8126a7ee93174b48c3c597839bac1620f3ab7b6babe10e23eb0f95c1d3bc28b	v12/docs/perf-baselines/2026-07-23-concurrent-stateful-pipeline-stdlib-source-state.json
untracked	supporting-performance-report	archive-supporting	136	6927	16ca6eff12c8e25a51965cd9a5f3f911b0015f9ecab92edbc6db3fbdbbfb74ec	v12/docs/perf-baselines/2026-07-23-concurrent-transform-chain-application-gate.md
