state	family	disposition	lines	bytes	sha256	path
untracked	raw-performance-evidence	archive-raw	69	6700	d2b92cb6de72940e6e417006cba1eac4a7a390bc3bd12e8cffd631ce861fb7dd	v12/docs/perf-baselines/2026-07-23-concurrent-transform-chain-bytecode-profile-top.txt
untracked	raw-performance-evidence	archive-raw	5208	144664	2f46d56442f241ffe39f4dfb1db0dd02a6f39e9d01e30f8d47af6dfb506bdb53	v12/docs/perf-baselines/2026-07-23-concurrent-transform-chain-bytecode-runtime-stats.json
untracked	raw-performance-evidence	archive-raw	413	14404	fda5552e461293e83b4bce4ced4ab5ee26aaa35aa4242f4b21447440e5c88ac1	v12/docs/perf-baselines/2026-07-23-concurrent-transform-chain-comparison-a.json
untracked	supporting-performance-report	archive-supporting	16	1283	ab5e94b9223a061768bf68381b8617f0ee9bd954083af5fd6b9480a9f49b726e	v12/docs/perf-baselines/2026-07-23-concurrent-transform-chain-comparison-a.md
untracked	raw-performance-evidence	archive-raw	413	14406	91e0a8107dd6f08e9b5c66577f90c5f4bce655877c0d8350339a8201c70210c0	v12/docs/perf-baselines/2026-07-23-concurrent-transform-chain-comparison-b.json
untracked	supporting-performance-report	archive-supporting	16	1283	439e9576845030251fae668df80c8429a13086041b6a36aee8c2e6727586451d	v12/docs/perf-baselines/2026-07-23-concurrent-transform-chain-comparison-b.md
untracked	raw-performance-evidence	archive-raw	49	2936	ec5af881333e393a8c58226c910cb4bd56ca1d0f727d939820d54de17db02b51	v12/docs/perf-baselines/2026-07-23-concurrent-transform-chain-compiled-profile-top.txt
untracked	raw-performance-evidence	archive-raw	80	2244	05dbbae44b63b45474e66ee739797701884047f4cf502e8af518a2a5842c2f86	v12/docs/perf-baselines/2026-07-23-concurrent-transform-chain-direct64-cap4096-guard.json
untracked	raw-performance-evidence	archive-raw	64	2004	7a66d40a33cdc9b918e86a85c69378e28053219f3b5843398c268817968b9ff3	v12/docs/perf-baselines/2026-07-23-concurrent-transform-chain-go-reference-a.json
untracked	supporting-performance-report	archive-supporting	12	543	a3f7d31c8980f01ea8bd69585aede8255d8af6960eb2528c254fe5b1a5a78efa	v12/docs/perf-baselines/2026-07-23-concurrent-transform-chain-go-reference-a.md
untracked	raw-performance-evidence	archive-raw	64	2002	da15a8e811ee364a3f97dbab5895da40808da327041578d7ffc335ea42ec9dc6	v12/docs/perf-baselines/2026-07-23-concurrent-transform-chain-go-reference-b.json
untracked	supporting-performance-report	archive-supporting	12	543	54e3ef7d9d0e484ed86f00d55356b0ca44e59aa6b69a3afa17254517768728d1	v12/docs/perf-baselines/2026-07-23-concurrent-transform-chain-go-reference-b.md
untracked	raw-performance-evidence	archive-raw	7047	209976	4c2e303f8c4451a26ffeac9b80207d1413ccc2448ef1e91102416cc5bebdefeb	v12/docs/perf-baselines/2026-07-23-concurrent-transform-chain-interaction-triple-frontier.json
untracked	supporting-performance-report	archive-supporting	182	56939	fcd2637d1e7d200b5018cf22cd8c7a1ce8712d025da5082ee55452dd0d4dcdec	v12/docs/perf-baselines/2026-07-23-concurrent-transform-chain-interaction-triple-frontier.md
untracked	raw-performance-evidence	archive-raw	133	4279	ba4da520ca6135563b2e0177b9d02baca675264ceeb8d3d4c1d7fdcb6b4b28ce	v12/docs/perf-baselines/2026-07-23-concurrent-transform-chain-interpreter-reference-a.json
untracked	supporting-performance-report	archive-supporting	14	942	7ac6c8e5328cdf7c81a025e50f32307239c1f79005606b6fcdb8513ebfddb503	v12/docs/perf-baselines/2026-07-23-concurrent-transform-chain-interpreter-reference-a.md
untracked	raw-performance-evidence	archive-raw	133	4268	097534451fd6a8e3db52eefd0c718ff93fa16976c6fdd2f1b53d54532c852b8a	v12/docs/perf-baselines/2026-07-23-concurrent-transform-chain-interpreter-reference-b.json
untracked	supporting-performance-report	archive-supporting	14	942	766d3f620d9d539c097d02d9285f974fd5e3830eb2c72076ae548f787f397571	v12/docs/perf-baselines/2026-07-23-concurrent-transform-chain-interpreter-reference-b.md
untracked	raw-performance-evidence	archive-raw	5404	287817	e872c92e35aaf09e445f35aef8c55198c211c7edcb0e3a105e57a220f44da8ff	v12/docs/perf-baselines/2026-07-23-concurrent-transform-chain-performance-frontier.json
untracked	supporting-performance-report	archive-supporting	309	60198	a55f43c9a2a0982c072fc5cdfae838e9d61f8884dd6810e00454bf7eb986482b	v12/docs/perf-baselines/2026-07-23-concurrent-transform-chain-performance-frontier.md
untracked	supporting-performance-report	archive-supporting	94	4750	33abd1feb495d953ff1e7e93b87aedbeaec01137747b79a9ce0d49c98e40e5b0	v12/docs/perf-baselines/2026-07-23-concurrent-transform-chain-scorecard-reconciliation.md
untracked	raw-performance-evidence	archive-raw	120	173274	860c46d3c7def3427aa9a74493b00460f1dc6becdac627c446383e43c7be004b	v12/docs/perf-baselines/2026-07-23-concurrent-transform-chain-scorecard.json
untracked	supporting-performance-report	archive-supporting	149	14893	06233d7db5eda7fec15d332df4ce125b42ed2de68e5e4aa35aebad133a5b414f	v12/docs/perf-baselines/2026-07-23-concurrent-transform-chain-scorecard.md
untracked	raw-performance-evidence	archive-raw	8	272	d8126a7ee93174b48c3c597839bac1620f3ab7b6babe10e23eb0f95c1d3bc28b	v12/docs/perf-baselines/2026-07-23-concurrent-transform-chain-stdlib-source-state.json
untracked	supporting-performance-report	archive-supporting	101	4516	4701c5ec99fa8199908151f3ae410bc083e1921f7f738a5cc505d3397d4d8ad9	v12/docs/perf-baselines/2026-07-23-concurrent-tree-folds-application-gate.md
untracked	raw-performance-evidence	archive-raw	233	7966	e8cbd6c065aba9b12b427a7f4aa14460bb6ce131eb4c2d1dde314eb10640c856	v12/docs/perf-baselines/2026-07-23-concurrent-tree-folds-bytecode-cohort-b.json
untracked	supporting-performance-report	archive-supporting	14	862	7fd18272d0056e935d593abcbbe73430cdac607a41f95e6626792eed2a64255f	v12/docs/perf-baselines/2026-07-23-concurrent-tree-folds-bytecode-cohort-b.md
untracked	raw-performance-evidence	archive-raw	30	2176	66dafd8094f7f4d644219a5854230f7b7a4230e3bfd803a8cbd2a04eb02c2595	v12/docs/perf-baselines/2026-07-23-concurrent-tree-folds-bytecode-profile-top.txt
untracked	raw-performance-evidence	archive-raw	430	13802	060d6a642067d77a93e7c1f77535b4e7d61270fab150260214aff357e12590e0	v12/docs/perf-baselines/2026-07-23-concurrent-tree-folds-bytecode-trace.json
untracked	raw-performance-evidence	archive-raw	230	5089	904f8a9e47673c17c350dd924d8b140c1da7d4e2b0c6d9ba1542c1b5a03dbea4	v12/docs/perf-baselines/2026-07-23-concurrent-tree-folds-closure-ledger.json
untracked	supporting-performance-report	archive-supporting	62	4936	f35a2c030c371d6fa724f62088965f873b04722de1517a355ae39841ce893515	v12/docs/perf-baselines/2026-07-23-concurrent-tree-folds-closure-ledger.md
untracked	raw-performance-evidence	archive-raw	397	13703	32a8296668f1a7deb82105b042785f4314e93e7d30485bb59bb9a8783af7e023	v12/docs/perf-baselines/2026-07-23-concurrent-tree-folds-cohort-a.json
untracked	supporting-performance-report	archive-supporting	16	1235	b4061fa18ef90a95975e00aee99034a3479ba3bbee9afe4d50d21c493357849f	v12/docs/perf-baselines/2026-07-23-concurrent-tree-folds-cohort-a.md
untracked	raw-performance-evidence	archive-raw	397	13706	ecc5a8bdb0d5a9185037e4f9fa98f37d27f28a184eb3e9bc9de77b5f18860544	v12/docs/perf-baselines/2026-07-23-concurrent-tree-folds-cohort-b.json
untracked	supporting-performance-report	archive-supporting	16	1235	854585a6de4a5afbc18d6ffca7620f504b3f85513f355d932b22e795edf66051	v12/docs/perf-baselines/2026-07-23-concurrent-tree-folds-cohort-b.md
untracked	raw-performance-evidence	archive-raw	106	3213	b7c1f1d1f12af5d5d4b5af5675abce90643ed5d2f7c1608a2f63b54e04f7486e	v12/docs/perf-baselines/2026-07-23-concurrent-tree-folds-compiled-cohort-b.json
untracked	raw-performance-evidence	archive-raw	24	1413	e39010a09a40d74b272c422c6aa90879827758f5e57126627a9850d70dfed1bc	v12/docs/perf-baselines/2026-07-23-concurrent-tree-folds-compiled-profile-top.txt
untracked	raw-performance-evidence	archive-raw	64	1994	9e44f5882b9ef276b5848511a7d45ff4e9be63c2bdf182caee8152a897a7fb2b	v12/docs/perf-baselines/2026-07-23-concurrent-tree-folds-go-a.json
untracked	supporting-performance-report	archive-supporting	12	538	84b86152b81e79dfa0a2b49960d93f15dd6a3910d357fcb287153b4e267c48fa	v12/docs/perf-baselines/2026-07-23-concurrent-tree-folds-go-a.md
untracked	raw-performance-evidence	archive-raw	64	1992	46cd26c0b053a7d63cfa5b489edb53d252e01480be35984c486ba7945dc1ea81	v12/docs/perf-baselines/2026-07-23-concurrent-tree-folds-go-b.json
untracked	supporting-performance-report	archive-supporting	12	538	8e4ca276ce82610f7d6782de0292c3a688833d5c8ba90a314d86a694f4a4db90	v12/docs/perf-baselines/2026-07-23-concurrent-tree-folds-go-b.md
untracked	raw-performance-evidence	archive-raw	8706	271676	9b12a7eb37cca3e791646549ec046de51dd03665cf4fb4842880d635aed2bff3	v12/docs/perf-baselines/2026-07-23-concurrent-tree-folds-interaction-triple-frontier.json
untracked	supporting-performance-report	archive-supporting	182	79705	4a35985cbaf57e946638415dfceea09f122ea3594b03e6ff788a04501c4083f7	v12/docs/perf-baselines/2026-07-23-concurrent-tree-folds-interaction-triple-frontier.md
untracked	raw-performance-evidence	archive-raw	133	4248	948eec3ce516b4c7fa22dff5f589a9968b290d901cc646f96f3a663807e4394a	v12/docs/perf-baselines/2026-07-23-concurrent-tree-folds-interpreter-a.json
untracked	supporting-performance-report	archive-supporting	14	932	362f01fc1c0e364b091e021fd6334c365119bb885331208ce30d5cbc5e941294	v12/docs/perf-baselines/2026-07-23-concurrent-tree-folds-interpreter-a.md
untracked	raw-performance-evidence	archive-raw	133	4251	0b5b9088e635322e6a4242b51580ae8a0032dcac4d2d27f8385337e0cc584e38	v12/docs/perf-baselines/2026-07-23-concurrent-tree-folds-interpreter-b.json
untracked	supporting-performance-report	archive-supporting	14	932	e0d9a2321d1f5018bc88931dae0fe880465b247aa3f48acd94a6ac6f02b62318	v12/docs/perf-baselines/2026-07-23-concurrent-tree-folds-interpreter-b.md
untracked	raw-performance-evidence	archive-raw	6474	374056	7ea82124fc51000c25a49c2d3b6b60d0430ea50926d8c1b99ef0ed30fa6ee9a7	v12/docs/perf-baselines/2026-07-23-concurrent-tree-folds-performance-frontier.json
untracked	supporting-performance-report	archive-supporting	319	66111	70a2539d5ddc25268c072907c5a0e78560f4b9c993f37c8bfe00694faf3564fb	v12/docs/perf-baselines/2026-07-23-concurrent-tree-folds-performance-frontier.md
untracked	supporting-performance-report	archive-supporting	88	4333	d1f9a4a0d57bd6b312727f85146d1a6ef8cb5b43a4579251e9d9c3ad9ea50eff	v12/docs/perf-baselines/2026-07-23-concurrent-tree-folds-scorecard-reconciliation.md
untracked	raw-performance-evidence	archive-raw	130	191044	4ab3f289373dc13dabc9dbe7f863883d1141936912f06fddc76f5b0ef854a1f4	v12/docs/perf-baselines/2026-07-23-concurrent-tree-folds-scorecard.json
untracked	supporting-performance-report	archive-supporting	164	16708	50cd790a4e88de52f340419875296fcb600fb5fb0569328eaafa00b02c83bfcb	v12/docs/perf-baselines/2026-07-23-concurrent-tree-folds-scorecard.md
untracked	raw-performance-evidence	archive-raw	80	2223	5f67af75ad34e7742724b4734f91f8b3f3eb2734ce6ca88d20fddaa4ffc20978	v12/docs/perf-baselines/2026-07-23-iterator-collect-cap4096-guard.json
untracked	raw-performance-evidence	archive-raw	80	2225	367fa37659b160bb42ef1ea75c83f076542e705d7d1d7e28d2bdf13cea7d81dd	v12/docs/perf-baselines/2026-07-23-iterator-collect-direct64-cap4096-guard.json
untracked	raw-performance-evidence	archive-raw	80	2222	c16dafa5a4e37dafb086642873af2977b67539263b543b50002d0ceac14f8b23	v12/docs/perf-baselines/2026-07-23-iterator-collect-restored-control.json
untracked	raw-performance-evidence	archive-raw	80	2192	3180b767f14c1c36113270b574d2e037bb57653011951ad9392920efff83ac40	v12/docs/perf-baselines/2026-07-23-string-split-join-direct64-cap4096-guard.json
untracked	raw-performance-evidence	archive-raw	335	11410	6d41e043c21682b4b5b45b88f61bde99b706a30692fb864a1f178485f2e6113b	v12/docs/perf-baselines/2026-07-24-bytecode-three-unlike-semantic-owner-refresh.json
untracked	governing-decision-record	reviewed-governing	198	9201	ec4e136b4a268d022d7608576840e1698b08ec1d1f135d9f1be011f2856a4ee6	v12/docs/perf-baselines/2026-07-24-bytecode-three-unlike-semantic-owner-refresh.md
untracked	raw-performance-evidence	archive-raw	110	4171	62a82fab41f5a0d87a9d0adfb5039d5dcadaae4ab5ca1ef69df1453430bb13ce	v12/docs/perf-baselines/2026-07-24-compiled-callable-environment-localization-retained.json
untracked	governing-decision-record	reviewed-governing	174	8742	dce987951a68290112314336f0d5b65763bd9c87be5535c1c18b95cc80c1a5f5	v12/docs/perf-baselines/2026-07-24-compiled-callable-environment-localization-retained.md
untracked	governing-decision-record	reviewed-governing	138	6896	c81f5bb7800ab43e9837a35cb14e73de7e282a2ccf06ff018da574d414b010ca	v12/docs/perf-baselines/2026-07-24-compiled-context-effect-regression-gate.md
untracked	raw-performance-evidence	archive-raw	105	3877	52e1f9aabf1a38ba6182975278d88acd333e19b13e43caf97a2c3a3f74cfb919	v12/docs/perf-baselines/2026-07-24-compiled-environment-independent-callable-entries-retained.json
untracked	governing-decision-record	reviewed-governing	190	9231	1609df5326e0c13e8df461fe7c29080df1b6ba96d11092e87e51db78db8319da	v12/docs/perf-baselines/2026-07-24-compiled-environment-independent-callable-entries-retained.md
untracked	supporting-performance-report	archive-supporting	104	4921	5625cb2b7fd931c5ada31115ad11aa7dfab9ccd2b738d32142b0cc58051dd838	v12/docs/perf-baselines/2026-07-24-compiled-native-interface-execution-context.md
untracked	raw-performance-evidence	archive-raw	126	4963	462bf810d63ed1f0c93ed7e99ffea832c727fa3e186f68064ee08380838fe231	v12/docs/perf-baselines/2026-07-24-compiled-qualified-struct-registry-fast-path-retained.json
untracked	governing-decision-record	reviewed-governing	200	9997	ef595b25c9943fd5fb0c33cc71f81c23c07e9054fdddece332f3a0d54dbbcdb2	v12/docs/perf-baselines/2026-07-24-compiled-qualified-struct-registry-fast-path-retained.md
untracked	governing-decision-record	reviewed-governing	135	6499	f1478c5c97b34d00b41f61b909dbea91be0181327f68acdb7948c5e7896c038e	v12/docs/perf-baselines/2026-07-24-compiled-static-native-closure.md
untracked	raw-performance-evidence	archive-raw	124	4753	b21912f8a528373882da808739f95973369a71f6dd1f6ed9b230621a5a83cc55	v12/docs/perf-baselines/2026-07-24-compiled-string-len-bytes-call-fast-path-retained.json
untracked	governing-decision-record	reviewed-governing	187	8676	6a86d8a0a3975f364cc9828fa674ffa6479d7df97ef0f28612fb4953e9d47491	v12/docs/perf-baselines/2026-07-24-compiled-string-len-bytes-call-fast-path-retained.md
untracked	governing-decision-record	reviewed-governing	145	6214	7bafb4efe129bc6e9899b8dd5757c08b790fc6d8f22458927f02d7b2099e0aa5	v12/docs/perf-baselines/2026-07-24-compiler-allocation-flat-cache-retained.md
untracked	governing-decision-record	reviewed-governing	107	4842	e7271d32751d91ec86c0f05f66ceded621b657849c3df0a31a02d995977b1507	v12/docs/perf-baselines/2026-07-24-compiler-type-normalization-fixed-point.md
untracked	raw-performance-evidence	archive-raw	106	3198	b2edd4098099288d3fdbb8d329d65d99a45cbc6c197c03a1c9acda9e972c24f9	v12/docs/perf-baselines/2026-07-24-context-caller-owned-wide-candidate.json
untracked	raw-performance-evidence	archive-raw	106	3200	06f175131370efca10f7d56f423ec9ee195dd98f3c7b9d3f7c85a92e7eb3c264	v12/docs/perf-baselines/2026-07-24-context-caller-owned-wide-default.json
untracked	raw-performance-evidence	archive-raw	106	3191	d60c90faafeb3047618d8800f3cefdf9947c93aa02be349ca09da8a05ad5f724	v12/docs/perf-baselines/2026-07-24-context-effect-pruned-mutex-work-candidate.json
untracked	raw-performance-evidence	archive-raw	106	3189	8208d216360494ad73d4493f8560b1dee86a4575840a3115579b618d01e75946	v12/docs/perf-baselines/2026-07-24-context-effect-pruned-mutex-work-default.json
untracked	raw-performance-evidence	archive-raw	106	3175	491e3ee6f32806860ded18fdb30d444d65c2b94b0dad29de6270fed714dee3b9	v12/docs/perf-baselines/2026-07-24-context-final-a-fixed-candidate.json
untracked	raw-performance-evidence	archive-raw	106	3175	fe8682e269fe370e058c0d4947545365fca9c0864a865e2915e4884432825d28	v12/docs/perf-baselines/2026-07-24-context-final-a-fixed-default.json
untracked	raw-performance-evidence	archive-raw	106	3191	09f202ea54305ddb33fd70e289024624a4e7f5947ef4f120d2af1f27d5fb90bf	v12/docs/perf-baselines/2026-07-24-context-final-a-mutex-work-candidate.json
untracked	raw-performance-evidence	archive-raw	106	3193	189733810b29ae42d72352189a6af4d260bbca01c19e8609bdb9974222d7298d	v12/docs/perf-baselines/2026-07-24-context-final-a-mutex-work-default.json
untracked	raw-performance-evidence	archive-raw	106	3224	170ffbb18ffa1981910bdf09490325ec3ef9a3d4949414585aa5a3cbbdd0aa81	v12/docs/perf-baselines/2026-07-24-context-final-a-packet-candidate.json
untracked	raw-performance-evidence	archive-raw	106	3223	c397d5b895a80d66cd55b3a4230fc77608b25af8e4af9c0f26c9c6064e246f47	v12/docs/perf-baselines/2026-07-24-context-final-a-packet-default.json
untracked	raw-performance-evidence	archive-raw	106	3178	8d008428c31c8e2abd1a5b7b666ff67c6157d01705121dbecea2dca481e6836a	v12/docs/perf-baselines/2026-07-24-context-final-a-rational-candidate.json
untracked	raw-performance-evidence	archive-raw	106	3175	134c50044aca663d531e2254719530f8c6cb7ee7b9d3c8ff169e81cf88d3929c	v12/docs/perf-baselines/2026-07-24-context-final-a-rational-default.json
untracked	raw-performance-evidence	archive-raw	106	3210	e1421a10a1c03c48d9455abd11feba2948d819091000538198576eb76ff8f21a	v12/docs/perf-baselines/2026-07-24-context-final-a-unicode-candidate.json
untracked	raw-performance-evidence	archive-raw	106	3210	561573d19b1af0ebf021d8221e54b0ca92f76fea2912036529740907d42addbc	v12/docs/perf-baselines/2026-07-24-context-final-a-unicode-default.json
untracked	raw-performance-evidence	archive-raw	106	3200	f7c7f28340e304a25cecbecc5d80485a9101a1fa2b4b9a9323467813fb3a0345	v12/docs/perf-baselines/2026-07-24-context-final-a-wide-candidate.json
untracked	raw-performance-evidence	archive-raw	106	3199	02d1b7d52b400ce1128fb56b123a9db7bcd1aa88357084ef261498a28f65a47a	v12/docs/perf-baselines/2026-07-24-context-final-a-wide-default.json
untracked	raw-performance-evidence	archive-raw	106	3177	3b567428f809358a1fdc18f39a976c9323e71156612511886adae8503a076dc5	v12/docs/perf-baselines/2026-07-24-context-method-proof-fixed-candidate.json
untracked	raw-performance-evidence	archive-raw	106	3178	669b3f77ac33b20bcea10a3363d3bade4843ebf4a0072ba685e5ff4e67f6ddf9	v12/docs/perf-baselines/2026-07-24-context-method-proof-fixed-default.json
untracked	raw-performance-evidence	archive-raw	106	3223	fb3c95cbcabe9c4c9073822e7209bc9cee0f38a4490c0253be1e295f8db98a33	v12/docs/perf-baselines/2026-07-24-context-method-proof-packet-candidate.json
untracked	raw-performance-evidence	archive-raw	106	3222	482a910708c6d5d737eb3eb5610665664daaf66c9298a1dc410ce51f998702c3	v12/docs/perf-baselines/2026-07-24-context-method-proof-packet-default.json
untracked	raw-performance-evidence	archive-raw	106	3176	74485773e033539813d03429037b5a5d65ceeb4773041d4d92ba874d88cbaa22	v12/docs/perf-baselines/2026-07-24-context-method-proof-rational-candidate.json
untracked	raw-performance-evidence	archive-raw	106	3177	0322070131bf1cfebfc100db3e922774e78a8c0060a7a01acbf74b4ddb32f2f3	v12/docs/perf-baselines/2026-07-24-context-method-proof-rational-default.json
untracked	raw-performance-evidence	archive-raw	106	3212	d78aa41dbfa5b7cdf56f51291bbc3370b2afaea235c25156748892e4239145d4	v12/docs/perf-baselines/2026-07-24-context-method-proof-unicode-candidate.json
untracked	raw-performance-evidence	archive-raw	106	3211	3edcfae5e37037402a0930d755acba7c899b0593da4aca5763e1b99f50e144ca	v12/docs/perf-baselines/2026-07-24-context-method-proof-unicode-default.json
untracked	raw-performance-evidence	archive-raw	106	3200	0f387a7314af4861a4547967746b7911084eec8b81d12a72f504dbac8b466fc5	v12/docs/perf-baselines/2026-07-24-context-method-proof-wide-candidate.json
untracked	raw-performance-evidence	archive-raw	106	3199	8c04a80decd95b2443b577c78d6f226e547ca19a9f45ab5e7c3afed5577e8b21	v12/docs/perf-baselines/2026-07-24-context-method-proof-wide-default.json
untracked	raw-performance-evidence	archive-raw	10168	349718	54183dcace637a7355802f82ca8667926e2e4f4d1b16daafa4197256b658902b	v12/docs/perf-baselines/2026-07-24-execution-context-candidate-compiled.json
untracked	supporting-performance-report	archive-supporting	75	11325	5920c4f47d4f9ab033622076e3bc73356df0a08b0f61b32dc4fb8b2ef9618255	v12/docs/perf-baselines/2026-07-24-execution-context-candidate-compiled.md
untracked	raw-performance-evidence	archive-raw	1669	57064	0c258dffffca799c3b5529c323c24ad0599f715343939e5fe3f1df52a1750405	v12/docs/perf-baselines/2026-07-24-execution-context-candidate-regression-repeat.json
untracked	supporting-performance-report	archive-supporting	24	2390	46a239317397d5db3030268e51aa8ac2ae112e153b111b5acb3d26943bc987ac	v12/docs/perf-baselines/2026-07-24-execution-context-candidate-regression-repeat.md
untracked	raw-performance-evidence	archive-raw	10168	349572	afb38a03ca141c444987d179d966515d7fc6be3176bcbde3dedaac107a487deb	v12/docs/perf-baselines/2026-07-24-execution-context-default-compiled.json
untracked	supporting-performance-report	archive-supporting	74	11291	7034d0de4761bf1da3d809508cc83589068ad1493ac4739867a04d31de154a03	v12/docs/perf-baselines/2026-07-24-execution-context-default-compiled.md
untracked	raw-performance-evidence	archive-raw	2003	68661	340863a0c2e2963f45164eb4698006c3dca7fb2a5bd21a28cf7a629a20849cce	v12/docs/perf-baselines/2026-07-24-execution-context-default-regression-repeat.json
untracked	supporting-performance-report	archive-supporting	25	2692	bb37eeeac838b83b96bf2b9c240b9e00e95d7a027dc3043acc8eb91fd34dfbeb	v12/docs/perf-baselines/2026-07-24-execution-context-default-regression-repeat.md
untracked	governing-decision-record	reviewed-governing	168	8365	987370d6ddeb9626fab96e34297ddeab7558130cb9a86b87f2caa8817ac0df42	v12/docs/perf-baselines/2026-07-24-execution-context-full-scorecard-reconciliation.md
untracked	raw-performance-evidence	archive-raw	3188	103792	0533e49801a4e2b4a614c7d11cf5489f8994353e60663fde9f6abe72323c91cd	v12/docs/perf-baselines/2026-07-24-execution-context-go-reference.json
untracked	supporting-performance-report	archive-supporting	72	13381	25d8ea2443b73f8e21bafa8d420758cdf7f8340ab809d6950862eb491dc354b8	v12/docs/perf-baselines/2026-07-24-execution-context-go-reference.md
untracked	raw-performance-evidence	archive-raw	284	6749	9195c5c8b5716e18402e6075932da05cccf04849ab840a9584958c41806ccd0b	v12/docs/perf-baselines/2026-07-24-execution-context-pre-reconciliation-invalidation.json
untracked	supporting-performance-report	archive-supporting	62	5411	a8098dc4c44c42d9b245cb757537c49527ac90744891bebcdc3bd0bc5dfc984d	v12/docs/perf-baselines/2026-07-24-execution-context-pre-reconciliation-invalidation.md
untracked	raw-performance-evidence	archive-raw	185	8164	10a7f4cf89e4c8d4790038549b7ef6da7d21dc28a5cd60a785438f87df48abef	v12/docs/perf-baselines/2026-07-24-interpreter-free-compiled-runtime-profile-refresh.json
untracked	governing-decision-record	reviewed-governing	150	7397	e73bcae1e6365fc3f7d5849f61a32a3198dfdbd8814d4cabaecb853cce930027	v12/docs/perf-baselines/2026-07-24-interpreter-free-compiled-runtime-profile-refresh.md
untracked	raw-performance-evidence	archive-raw	106	3175	0e5e8c22cb64046363fdafa91a2e550b5a98a5b70388e07d6ff69ec79f5bc2e1	v12/docs/perf-baselines/2026-07-24-method-proof-default-a-fixed-candidate.json
untracked	raw-performance-evidence	archive-raw	106	3179	fed1fc0e1d14d6e5ec8401d6fd7cdb5c2ab13835b3e6e7ff9fc8be6938365317	v12/docs/perf-baselines/2026-07-24-method-proof-default-a-fixed-old.json
untracked	raw-performance-evidence	archive-raw	106	3182	dad5917a1d88da6d9e19c4d01d20768f3499abea4ed54d60ff073a02c42e51e2	v12/docs/perf-baselines/2026-07-24-method-proof-default-a-mutex-work-candidate.json
untracked	raw-performance-evidence	archive-raw	106	3182	c1ce147c5543cc7383e05f8e8b088c260135876c08f50c4161fc8a128116e336	v12/docs/perf-baselines/2026-07-24-method-proof-default-a-mutex-work-old.json
untracked	raw-performance-evidence	archive-raw	106	3214	a069fa9ba0650f1b9adcf920904b8875649672a466e4e00159c7fa7b61f2ba88	v12/docs/perf-baselines/2026-07-24-method-proof-default-a-packet-candidate.json
untracked	raw-performance-evidence	archive-raw	106	3215	daeae6857ef3fe2a09799b436e1c8040ff0e30e59f0a9b245c53dc2399025112	v12/docs/perf-baselines/2026-07-24-method-proof-default-a-packet-old.json
untracked	raw-performance-evidence	archive-raw	106	3175	4dd430e96293f34c1db9cf0e2e46a3742f841ef7ca9b8eaacfa43bb67e999d49	v12/docs/perf-baselines/2026-07-24-method-proof-default-a-rational-candidate.json
untracked	raw-performance-evidence	archive-raw	106	3176	0ddeeffdee95a84217a39888928788adf6fe5c11076e42eb88a475e1d4fc81e3	v12/docs/perf-baselines/2026-07-24-method-proof-default-a-rational-old.json
untracked	raw-performance-evidence	archive-raw	106	3212	9d01451b1ecbb6e549ec909d327415a0143a6285afddf17a3c49f9d3c6c5f025	v12/docs/perf-baselines/2026-07-24-method-proof-default-a-unicode-candidate.json
untracked	raw-performance-evidence	archive-raw	106	3212	ec599d193b5ef4a71bb8f2f3c347487e59e4b456b43aed13acc96a02c9ebb5a6	v12/docs/perf-baselines/2026-07-24-method-proof-default-a-unicode-old.json
untracked	raw-performance-evidence	archive-raw	106	3199	bd868b4c8a9a9b0d33c1129711a3ad52d09ed637090cd8d630c5f4f55d923a6f	v12/docs/perf-baselines/2026-07-24-method-proof-default-a-wide-candidate.json
untracked	raw-performance-evidence	archive-raw	106	3199	ceb521ce1d9827f0b567fec1b987e3e5568ea46bfac807b014d3f67c7067b720	v12/docs/perf-baselines/2026-07-24-method-proof-default-a-wide-old.json
untracked	raw-performance-evidence	archive-raw	106	3180	650440b2d3a2a7d381e9eb2702250978f2209bcfe57ef5962b1c3a919cf99b94	v12/docs/perf-baselines/2026-07-24-method-proof-default-b-fixed-candidate.json
untracked	raw-performance-evidence	archive-raw	106	3176	16bf26a29079ed5e6c86e1d3b37bb4a80320ae10317ccc89d33f082744d1940d	v12/docs/perf-baselines/2026-07-24-method-proof-default-b-fixed-old.json
untracked	raw-performance-evidence	archive-raw	106	3184	15d0649ca3eb4664c8910030f9f21779c49239ed5d2b482cb88bcb63c722f72d	v12/docs/perf-baselines/2026-07-24-method-proof-default-b-mutex-work-candidate.json
untracked	raw-performance-evidence	archive-raw	106	3183	737d052dce85319e4c360083beebef4aa4d1bdae7ad457d378ad5da09a5b68f9	v12/docs/perf-baselines/2026-07-24-method-proof-default-b-mutex-work-old.json
untracked	raw-performance-evidence	archive-raw	106	3215	6052a030befb5cdfa967603f9a158101724fec689efac4b32a7902619b87a3da	v12/docs/perf-baselines/2026-07-24-method-proof-default-b-packet-candidate.json
untracked	raw-performance-evidence	archive-raw	106	3215	606798a995a98d4a36b21c32e9d22c73553a08d5c426be2600a4c1160e28eb3f	v12/docs/perf-baselines/2026-07-24-method-proof-default-b-packet-old.json
untracked	raw-performance-evidence	archive-raw	106	3177	2d05e928acc48ebfffe28b5df33f27e7a8f3cf8c8b3b1d2cad2a9c13ebf3bffe	v12/docs/perf-baselines/2026-07-24-method-proof-default-b-rational-candidate.json
untracked	raw-performance-evidence	archive-raw	106	3176	70ee1cc9bb03d58e53864576391fc19c6a26518c0aa9eac7ed36b3e75cd675e7	v12/docs/perf-baselines/2026-07-24-method-proof-default-b-rational-old.json
untracked	raw-performance-evidence	archive-raw	106	3210	b45efb1192f0ac272fe193a4ca5921d68c48c7e3cc5eb5e28b3a8d34ee06952a	v12/docs/perf-baselines/2026-07-24-method-proof-default-b-unicode-candidate.json
untracked	raw-performance-evidence	archive-raw	106	3209	aa232c76e66bbde68cae67af4b01e2e6ebc13b6357d8686360f9a132b5a6f870	v12/docs/perf-baselines/2026-07-24-method-proof-default-b-unicode-old.json
untracked	raw-performance-evidence	archive-raw	106	3199	152b21eec8bf97af0e6bc05f8c838d62097e7d62264d40b85ac39f03f216fbea	v12/docs/perf-baselines/2026-07-24-method-proof-default-b-wide-candidate.json
untracked	raw-performance-evidence	archive-raw	106	3199	6bec55f25a24d6eefed50c3ac11ec776d63004ffab1557c364bee4f3d1ecb478	v12/docs/perf-baselines/2026-07-24-method-proof-default-b-wide-old.json
untracked	raw-performance-evidence	archive-raw	166	5102	bad488dfc59a8e158c4f901554ba371b4b208c5fb7e4bf5c55545a9a6a9468ae	v12/docs/perf-baselines/2026-07-24-method-proof-default-c-packet-candidate.json
untracked	raw-performance-evidence	archive-raw	166	5103	933761de570c32ecf28b199358536ae62b7e9040211513f0b051a6a81fc41e29	v12/docs/perf-baselines/2026-07-24-method-proof-default-c-packet-old.json
untracked	raw-performance-evidence	archive-raw	166	5089	73ef9d00f91a0dd687348c2d2ff08e621220747e08e7d33d03f4e20bdc6391e0	v12/docs/perf-baselines/2026-07-24-method-proof-default-c-wide-candidate.json
untracked	raw-performance-evidence	archive-raw	166	5087	dc6545cbdb3a098a8ef91039be6d2f86c35870290e1a40bd986a82333ac9ee2e	v12/docs/perf-baselines/2026-07-24-method-proof-default-c-wide-old.json
untracked	raw-performance-evidence	archive-raw	106	3233	251d9e5459739639af2e8072c8a3c4c203d5717d09dc317a81300f5da5c2544f	v12/docs/perf-baselines/2026-07-24-native-generic-callable-dependency-wave-candidate.json
untracked	governing-decision-record	reviewed-governing	148	6488	eb6bebff505e623f6d15efb4bad1264022ec5da5968074d1892b5fe20881b86a	v12/docs/perf-baselines/2026-07-24-native-generic-callable-lowering.md
untracked	raw-performance-evidence	archive-raw	106	3202	b8cf34e8c359ba4c8b9cad876fe9ed802cfa37407f95f16207bffec332d80194	v12/docs/perf-baselines/2026-07-24-native-generic-callable-option-result-candidate.json
untracked	raw-performance-evidence	archive-raw	32	755	9f9f9723fcbda0a49afaf15114dd23e6c1d7868d852a39324ecbdc01b45f1109	v12/docs/perf-baselines/2026-07-24-native-generic-callable-validated-boundary-audit.json
untracked	raw-performance-evidence	archive-raw	108	3235	7acf5d51016dcac29edd114dbfd17abf86ae6681f7be99c16a2bea9fe98ba0f3	v12/docs/perf-baselines/2026-07-24-native-generic-callable-validated-candidate.json
untracked	raw-performance-evidence	archive-raw	108	3225	4088e728465f1eb4050809137a8c449d3b15ce7e8dbceac68f8a0a1d653c80f1	v12/docs/perf-baselines/2026-07-24-native-generic-callable-validated-go-reference.json
untracked	governing-decision-record	reviewed-governing	155	7048	839c40559bc66c580d97ee9b9a34f03b70e487c01726ce2c1b520427bedc3322	v12/docs/perf-baselines/2026-07-24-static-interpreter-dependency-cut-gate.md
untracked	raw-performance-evidence	archive-raw	166	5074	93f0bc652b73cfa34aa3a308146cadf0e9d77a34340baab9b5c4cd3c53f10775	v12/docs/perf-baselines/2026-07-24-static-interpreter-link-b-fixed-candidate.json
untracked	raw-performance-evidence	archive-raw	166	5060	a654bba51ed1e9287d9fc280d7b75e8c700b12fbe2d6caae63b655b10d03dc38	v12/docs/perf-baselines/2026-07-24-static-interpreter-link-b-fixed-old.json
untracked	raw-performance-evidence	archive-raw	166	5081	293a85d944a94a4a2e920c8987da31b8eb204d4d409480c8025179b42203311d	v12/docs/perf-baselines/2026-07-24-static-interpreter-link-b-mutex-work-candidate.json
untracked	raw-performance-evidence	archive-raw	166	5072	90f2e676e8c57728c0626f7890c0a6fbf0ca544270b4582ce971af1d7763f61e	v12/docs/perf-baselines/2026-07-24-static-interpreter-link-b-mutex-work-old.json
untracked	raw-performance-evidence	archive-raw	166	5099	6073430f6d11532cb0931cd252a4bf762e232b48d5b4811da91045933f435fbb	v12/docs/perf-baselines/2026-07-24-static-interpreter-link-b-packet-candidate.json
untracked	raw-performance-evidence	archive-raw	166	5105	1fe808f09d6f121bddeac4e28400ae982cb90e6eac435243a5ffa7d250899592	v12/docs/perf-baselines/2026-07-24-static-interpreter-link-b-packet-old.json
untracked	raw-performance-evidence	archive-raw	166	5066	a7b6f103e91725295d72d435b809cf607736b32c5ebf341dd07048eef14f4704	v12/docs/perf-baselines/2026-07-24-static-interpreter-link-b-rational-candidate.json
untracked	raw-performance-evidence	archive-raw	166	5061	c57b9a6d20e5d7269a9307d7f5bd2e99cb10cded2fb262a422178b872bffd063	v12/docs/perf-baselines/2026-07-24-static-interpreter-link-b-rational-old.json
untracked	raw-performance-evidence	archive-raw	166	5109	8dd61a481d727766acb9aaa4e6bae34d51d36710b514f66b8517671eba9f915c	v12/docs/perf-baselines/2026-07-24-static-interpreter-link-b-unicode-candidate.json
untracked	raw-performance-evidence	archive-raw	166	5101	2d768bb678b3dfbe903ff670c468388d56c89f556e1dec03d880bcc247f61084	v12/docs/perf-baselines/2026-07-24-static-interpreter-link-b-unicode-old.json
untracked	raw-performance-evidence	archive-raw	166	5080	384f218e414694d90620b1f872d7537bdc7121d4b3bab63c4edfd82d301b17a0	v12/docs/perf-baselines/2026-07-24-static-interpreter-link-b-wide-candidate.json
untracked	raw-performance-evidence	archive-raw	166	5089	800b3448c85b53509fec8994787196141069189b3952e58072f173ddf9fade4d	v12/docs/perf-baselines/2026-07-24-static-interpreter-link-b-wide-old.json
untracked	raw-performance-evidence	archive-raw	82	2426	b2f84bff15242290ca17b88666f7c3ad375e07dae2602a4eb40ca08c86fb3a96	v12/docs/perf-baselines/2026-07-24-static-interpreter-link-binarytrees-candidate.json
untracked	raw-performance-evidence	archive-raw	82	2426	691b1c2633f88acd1ba89fad1a92def6cfb4334df03c20f3eb950c9fa9ed997b	v12/docs/perf-baselines/2026-07-24-static-interpreter-link-binarytrees-exact-candidate.json
untracked	raw-performance-evidence	archive-raw	82	2419	3a473ea71d815fd418c265f5c6d2f15ae8c4be117fba4ca06092a411f6cd29c9	v12/docs/perf-baselines/2026-07-24-static-interpreter-link-binarytrees-exact-linked.json
untracked	raw-performance-evidence	archive-raw	82	2426	e54a0eb75a72e4f5dccaa5ae57b4c0aa863666d735712deb02cd27d2301f17a8	v12/docs/perf-baselines/2026-07-24-static-interpreter-link-binarytrees-old.json
untracked	raw-performance-evidence	archive-raw	166	5069	fbdaaaec3ea4780fff33003286defe224e2121e39dc6330a1db7292fba7cea38	v12/docs/perf-baselines/2026-07-24-static-interpreter-link-fixed-candidate.json
untracked	raw-performance-evidence	archive-raw	166	5066	65f0ff7bcaad6d1247551e45b3114c150cd528ea8b66062144c14db0438619b6	v12/docs/perf-baselines/2026-07-24-static-interpreter-link-fixed-old.json
untracked	raw-performance-evidence	archive-raw	166	5082	21409b1490569a484e7957b85cc2e020810cb75952054c8ba1a40264e57c74df	v12/docs/perf-baselines/2026-07-24-static-interpreter-link-mutex-work-candidate.json
untracked	raw-performance-evidence	archive-raw	166	5069	4be816ed1909c4d84ef472af4d0bc8f89b30bec7f0cbf31cc87b84d151758750	v12/docs/perf-baselines/2026-07-24-static-interpreter-link-mutex-work-old.json
untracked	raw-performance-evidence	archive-raw	166	5103	9c083eb5ff330404fa08a79fa25179f7094b7ae3dcf4240063d6ac2c5ff58e0a	v12/docs/perf-baselines/2026-07-24-static-interpreter-link-packet-candidate.json
untracked	raw-performance-evidence	archive-raw	166	5105	c291c2deb067f65aec312e08bb146b4c0e0258154b00afe2fcc045976dd408aa	v12/docs/perf-baselines/2026-07-24-static-interpreter-link-packet-old.json
untracked	raw-performance-evidence	archive-raw	166	5065	034e914e2cdfa6d45aa10d31a2483f4d9fa045a98d53457aa36abe5f0666b446	v12/docs/perf-baselines/2026-07-24-static-interpreter-link-rational-candidate.json
untracked	raw-performance-evidence	archive-raw	166	5066	3e81f3c7fc0f9c88bc0b21e089908f0cd76eaf71702e1605efff601e385723ff	v12/docs/perf-baselines/2026-07-24-static-interpreter-link-rational-old.json
untracked	raw-performance-evidence	archive-raw	166	5112	a21c236162feefff260fe4f159bffdeed6da3d993f2afbae98d02efce2e9e493	v12/docs/perf-baselines/2026-07-24-static-interpreter-link-unicode-candidate.json
untracked	raw-performance-evidence	archive-raw	166	5100	9dc5985a7d926ea5085e242166037ab92d14481304a066363c3a588e69247e0d	v12/docs/perf-baselines/2026-07-24-static-interpreter-link-unicode-old.json
untracked	raw-performance-evidence	archive-raw	166	5079	659c07421a4a2dc316db3461ed26963e94e842bc13afa2a840ac6730300ae83e	v12/docs/perf-baselines/2026-07-24-static-interpreter-link-wide-candidate.json
untracked	raw-performance-evidence	archive-raw	166	5089	80b362a3b02a6f2d911e101e8c30d55dc56c60e53f2e2f471df11cf45c37098a	v12/docs/perf-baselines/2026-07-24-static-interpreter-link-wide-old.json
untracked	governing-decision-record	reviewed-governing	154	7548	30a164238e470a24b17f2657810bfad335df90e1693722669036091100fff718	v12/docs/perf-baselines/2026-07-24-static-interpreter-package-cut-retained.md
untracked	raw-performance-evidence	archive-raw	107	2686	6a3304e3aca34ef2c249ba15e5bdda5fe3dfcf3a0cf77d67cead95d880dd15f0	v12/docs/perf-baselines/2026-07-24-static-no-interpreter-core-reach.json
untracked	raw-performance-evidence	archive-raw	107	2686	1e25df0120f789fd6c879a863a791de1dcb551d21e16d1c6b8693f64885a3015	v12/docs/perf-baselines/2026-07-24-static-package-cut-core-final.json
untracked	supporting-performance-report	archive-supporting	14	846	398cbbc1fa62435f921017b2038f9352421d5c4d5db4e90ffae94e421f04006d	v12/docs/perf-baselines/2026-07-24-static-package-cut-core-final.md
untracked	raw-performance-evidence	archive-raw	82	2416	eb50d5332f3e5ab7263d26ec89753242fb9a5d096862d26bb72ca690aee36dc1	v12/docs/perf-baselines/2026-07-24-static-package-cut-final-binarytrees-able.json
untracked	raw-performance-evidence	archive-raw	84	2412	1d1c89731f774f38c951fe653e2302097d62487f828b1d1768d90fb7f21c861c	v12/docs/perf-baselines/2026-07-24-static-package-cut-final-binarytrees-go.json
untracked	raw-performance-evidence	archive-raw	106	3184	49b9ba22177766b2072a6b0228c502b6cd89369d1cf916f6ac5d54c56dc740c6	v12/docs/perf-baselines/2026-07-24-static-package-cut-final-fixed-width.json
untracked	raw-performance-evidence	archive-raw	106	3189	c46e7e39eee7792650206dc697b73adcf2f11cd05cfd36ae8b168be23f5980df	v12/docs/perf-baselines/2026-07-24-static-package-cut-final-mutex-work.json
untracked	raw-performance-evidence	archive-raw	106	3215	4aa61ca3d714815a814939d6e567fd113cecec95d473093c2be8fd50205d744c	v12/docs/perf-baselines/2026-07-24-static-package-cut-final-packet.json
untracked	raw-performance-evidence	archive-raw	106	3180	6e1472d0fc1479b4a49de55da2165bef4f1a3bb403531ce89a1bf10b4a3a1ea7	v12/docs/perf-baselines/2026-07-24-static-package-cut-final-rational.json
untracked	raw-performance-evidence	archive-raw	82	2411	6b46ff4b2a13c03ab25ca19a3b20c57e4b437f25b52347ccf8d4f9bff803b8f1	v12/docs/perf-baselines/2026-07-24-static-package-cut-final-sensor.json
untracked	raw-performance-evidence	archive-raw	106	3217	453ef4aceb1645dd9be8ef2daacdc41e320f70919d054ded582fa33724d33249	v12/docs/perf-baselines/2026-07-24-static-package-cut-final-unicode.json
untracked	raw-performance-evidence	archive-raw	106	3197	3fbfd7cf514cf736eb762d6d38c80f157060cf9b8bc0f34197efac42279f9e2b	v12/docs/perf-baselines/2026-07-24-static-package-cut-final-wide-integer-a.json
untracked	raw-performance-evidence	archive-raw	106	3199	161b6f4c8bd575c1b5a485095ec2fa5f87bd779b0c07e0fc158364cb11e22998	v12/docs/perf-baselines/2026-07-24-static-package-cut-final-wide-integer-b.json
untracked	governing-decision-record	reviewed-governing	157	7751	4fabd18ce695f2b34ed8aa7e2cef34c4873f2ddb95ef35c1febc6157cf5201ed	v12/docs/perf-baselines/2026-07-24-static-package-cut-native-parity-reconciliation.md
untracked	raw-performance-evidence	archive-raw	84	2483	41b6c99f62deb3cc44f44ed66d131bd24b4f9de725f57460a0fc77fc44572999	v12/docs/perf-baselines/2026-07-24-static-package-cut-validated-linked-guard.json
untracked	raw-performance-evidence	archive-raw	171	6909	e7fd4b802c2e5888fd5b4ee581f92e85d97bd16ce9b2ee9e69fb9d66a62f3f22	v12/docs/perf-baselines/2026-07-25-compiled-array-range-proof-admission-closure.json
untracked	governing-decision-record	reviewed-governing	210	8621	c12d3fbe62858a25ac31b780c7d444dc63f4839ca3cf1ec2cd2762bc5e14131f	v12/docs/perf-baselines/2026-07-25-compiled-array-range-proof-admission-closure.md
untracked	raw-performance-evidence	archive-raw	122	4305	1cae5b3976d1f9de09cc76b7acaf25d36ad78cd73bfe6b80e36ce5f523c9766f	v12/docs/perf-baselines/2026-07-25-compiled-bridge-to-string-caller-closure.json
untracked	governing-decision-record	reviewed-governing	131	6348	4a0a3509594e7b05408652592416de367fd00ce03d2abe3b677d110fb449d4af	v12/docs/perf-baselines/2026-07-25-compiled-bridge-to-string-caller-closure.md
untracked	raw-performance-evidence	archive-raw	88	2858	2fe1b893ed0b67831844ea238ae67284e99e116b22e75d79802f5b9cc65e1b62	v12/docs/perf-baselines/2026-07-25-compiled-caller-owned-struct-recovery-closure.json
untracked	governing-decision-record	reviewed-governing	124	5739	b12968b033502c31cb8c2acdb114670868c23d7d62b10cc159c24b2eab83afb4	v12/docs/perf-baselines/2026-07-25-compiled-caller-owned-struct-recovery-closure.md
untracked	raw-performance-evidence	archive-raw	146	5429	547de987ec3b696611f7c9e5b99f4027e9a1be9df64f3ae79648229ab013f0d7	v12/docs/perf-baselines/2026-07-25-compiled-captured-callable-cross-family-closure.json
untracked	governing-decision-record	reviewed-governing	145	7117	5efac69e12544c9e0e6f02b0181f401867b372327fd0f53f212ab409b4ecdaa9	v12/docs/perf-baselines/2026-07-25-compiled-captured-callable-cross-family-closure.md
untracked	raw-performance-evidence	archive-raw	241	9399	72f9b19f55d25f22e6ef40d7cab3875accc5e1edaa524bd67305ecf9500a37b7	v12/docs/perf-baselines/2026-07-25-compiled-channel-payload-fast-path-retained.json
untracked	governing-decision-record	reviewed-governing	172	8168	d3cfffbb030608b935f078a12c67d500031194b19c2259b28f7bc818499979b7	v12/docs/perf-baselines/2026-07-25-compiled-channel-payload-fast-path-retained.md
untracked	raw-performance-evidence	archive-raw	232	9154	4cedb07a9b3f985e894af62a7cab1056b54914f8ec9b1a3ef34084ab1afa803e	v12/docs/perf-baselines/2026-07-25-compiled-compute-control-cohort-closure.json
untracked	governing-decision-record	reviewed-governing	198	9157	471275531a5cc46f5ab07a7e5f01f8e09f8d57270a2e63f3dcd289f7a6ed5818	v12/docs/perf-baselines/2026-07-25-compiled-compute-control-cohort-closure.md
untracked	raw-performance-evidence	archive-raw	213	8040	4deaf31e94e650707e5fd86d5291986b1290b7630f887f8868cf46d7bacccc2d	v12/docs/perf-baselines/2026-07-25-compiled-discarded-pattern-result-liveness-retained.json
untracked	governing-decision-record	reviewed-governing	185	9079	31ca975ef9fbcd561f6b6bbb5d1f6573f90646b1bae2b52201972069e625fa67	v12/docs/perf-baselines/2026-07-25-compiled-discarded-pattern-result-liveness-retained.md
untracked	raw-performance-evidence	archive-raw	121	5391	86de745797f4f480fba67df177cf49d6a3283ab9f006cdb7619d6ac3122e9e3a	v12/docs/perf-baselines/2026-07-25-compiled-forward-callable-binding-retained.json
untracked	governing-decision-record	reviewed-governing	176	9358	aa264a913d4f02359460154c2f98a8d9e16b6539cbeb3b6597578af352a996e6	v12/docs/perf-baselines/2026-07-25-compiled-forward-callable-binding-retained.md
untracked	raw-performance-evidence	archive-raw	152	5117	637ef0d18c9b9a846bf25e09646079f2bef897a551dd47c4b7c4fdb32e942bf4	v12/docs/perf-baselines/2026-07-25-compiled-main-phase-owner-intersection-closure.json
untracked	governing-decision-record	reviewed-governing	179	8871	eed48c6387f40f95be058a9c40485f92184547bec2289a77da9d906d76d9a296	v12/docs/perf-baselines/2026-07-25-compiled-main-phase-owner-intersection-closure.md
untracked	raw-performance-evidence	archive-raw	165	5713	d1e5dc3d634f69dcc3fdf2261f520129cb381fcbf8d26dea8595b505f52b447e	v12/docs/perf-baselines/2026-07-25-compiled-named-struct-positional-encoding-retained.json
untracked	governing-decision-record	reviewed-governing	183	9057	33da096b5469efa169f694b50b1638c33d809c4ae5b7f1f0123bf012a771acd1	v12/docs/perf-baselines/2026-07-25-compiled-named-struct-positional-encoding-retained.md
untracked	raw-performance-evidence	archive-raw	86	4260	fbdf9afcd5560e6d4f7c3611e0a6522a85a0934dd60dbc1235720924b6bf8f76	v12/docs/perf-baselines/2026-07-25-compiled-nominal-parameter-effect-admission-closure.json
untracked	governing-decision-record	reviewed-governing	111	5254	f6ca718b065ca76d3ce17fd98596abfe0e8e3021eadc1d47061b56064824732e	v12/docs/perf-baselines/2026-07-25-compiled-nominal-parameter-effect-admission-closure.md
untracked	raw-performance-evidence	archive-raw	220	6115	a92b138aa5d2cc20437e302599ef82250fd2cc8ab20cb36d8678195c427586e2	v12/docs/perf-baselines/2026-07-25-compiled-post-package-cut-fixed-cost-closure.json
untracked	governing-decision-record	reviewed-governing	181	9511	adb670aed085c900b6ac5fc732ce7c183c6d403166773b6b9beebadc4110aa7a	v12/docs/perf-baselines/2026-07-25-compiled-post-package-cut-fixed-cost-closure.md
untracked	raw-performance-evidence	archive-raw	131	5203	52c6e316d17b9c6423caeaeeb0096bad76a7537ac26438e376b808e69588b775	v12/docs/perf-baselines/2026-07-25-compiled-runtime-value-boundary-census-closure.json
untracked	governing-decision-record	reviewed-governing	200	10939	ec3757a4a8195fc4879130f3b8d042a4c6f27dbb3a35fedda7a3185528115c2c	v12/docs/perf-baselines/2026-07-25-compiled-runtime-value-boundary-census-closure.md
untracked	raw-performance-evidence	archive-raw	145	5044	f4655d59a32eb2ee19c426bfc392f1134ec22dbdc41d6b544db39b80396d7a54	v12/docs/perf-baselines/2026-07-25-compiled-scorecard-availability-repaired.json
untracked	governing-decision-record	reviewed-governing	164	8888	c971f6e126147670447e6e9e365fa76906cdaa061ffd5bcdc745ccb383ba9798	v12/docs/perf-baselines/2026-07-25-compiled-scorecard-availability-repaired.md
untracked	raw-performance-evidence	archive-raw	122	5085	92f2692db8e52931238949e0ae86d696e5e30c17984b5d0cfca1e86550aa8f17	v12/docs/perf-baselines/2026-07-25-compiled-scorecard-generic-storage-closure.json
untracked	governing-decision-record	reviewed-governing	157	8024	dd7aa448a8411a8bc008d9705d15b853c9fca9c291d17725e0d387dea05b881c	v12/docs/perf-baselines/2026-07-25-compiled-scorecard-generic-storage-closure.md
untracked	raw-performance-evidence	archive-raw	96	3326	08c73ed47853574940f2d6ad0b118583ad1307fff82c999b35d2f196d778a53e	v12/docs/perf-baselines/2026-07-25-compiled-static-i64-checked-addition-closure.json
untracked	governing-decision-record	reviewed-governing	173	8597	97fb60a84c9ae4a46d810e437e85c6e0ad5a6fbecc2480d3e08542aea01bbe10	v12/docs/perf-baselines/2026-07-25-compiled-static-i64-checked-addition-closure.md
untracked	raw-performance-evidence	archive-raw	210	7548	7b3f304cbe92170e496f227bebb7c8e347864de3584cbbbfc6bd90bca2d8c603	v12/docs/perf-baselines/2026-07-25-compiled-string-array-native-boundary-retained.json
untracked	governing-decision-record	reviewed-governing	128	6227	f7a8834c26068d745320d30c9549099fafff2bbf4c72e2fc63eadf54a697b0b8	v12/docs/perf-baselines/2026-07-25-compiled-string-array-native-boundary-retained.md
untracked	raw-performance-evidence	archive-raw	188	6555	2b7db351f1095cbace4f35fbb868034fc51fd927867fc60042890394334d9a29	v12/docs/perf-baselines/2026-07-25-compiled-string-split-environment-entry-closure.json
untracked	governing-decision-record	reviewed-governing	143	6664	ceb508d1215a2f373b4c1dc0a20bfe65766187ca6a92a45947c38b4515b1f13c	v12/docs/perf-baselines/2026-07-25-compiled-string-split-environment-entry-closure.md
untracked	raw-performance-evidence	archive-raw	186	7099	0f736623951244e655eedb762b48b6953c29fcb9e5faa9a82dd08bea79ab23d9	v12/docs/perf-baselines/2026-07-25-compiled-string-split-native-retained.json
untracked	governing-decision-record	reviewed-governing	161	7966	a15391f7e535136a211a7c86bd4a6432d87e7e5747a596870a8fd4ce14a3bc79	v12/docs/perf-baselines/2026-07-25-compiled-string-split-native-retained.md
untracked	raw-performance-evidence	archive-raw	191	7059	78d17bb0fa8048adcee529438b62315bc428cc463c48eeeb5ee81a6146464c2c	v12/docs/perf-baselines/2026-07-25-compiled-string-utf8-validation-retained.json
untracked	governing-decision-record	reviewed-governing	120	5989	516501ac47ba4ed6bb445e43c6af26febde611108384748837d70c6b4c8d6cf2	v12/docs/perf-baselines/2026-07-25-compiled-string-utf8-validation-retained.md
untracked	governing-decision-record	reviewed-governing	96	4538	c45eba48490ea7a8e34cec8522f0acc78889bf3b43b62c73dd557ca905683b55	v12/docs/perf-baselines/2026-07-25-compiler-correctness-gate-reconciled.md
untracked	raw-performance-evidence	archive-raw	3188	103888	2f7a78afb2339e7ebc566c4bfdb70b6937ef5ea54a2ce12bef2efc7552684444	v12/docs/perf-baselines/2026-07-25-current-compiled-go-reference.json
untracked	supporting-performance-report	archive-supporting	72	13388	8ba288f12cf00475f2a089fb2560a8e459082f7028e1ef21bbf6832f548d920e	v12/docs/perf-baselines/2026-07-25-current-compiled-go-reference.md
untracked	raw-performance-evidence	archive-raw	1329	45819	32d817f7242a598ef8ce0a66520df75018ee704cad8c4d9fbf69494091381333	v12/docs/perf-baselines/2026-07-25-current-compiled-scorecard-repair.json
untracked	supporting-performance-report	archive-supporting	23	2009	bc71bbb678ada3e95f0e725d0d8823197b8b2de40880c844dc87ad62a7ed76db	v12/docs/perf-baselines/2026-07-25-current-compiled-scorecard-repair.md
untracked	raw-performance-evidence	archive-raw	9727	334830	14dc68583059ed7d5c97bb712833ec62ba2037cff2192d3ea215d0c694cf96e9	v12/docs/perf-baselines/2026-07-25-current-compiled-scorecard.json
untracked	supporting-performance-report	archive-supporting	74	10784	19e9899b785b1cc48fe1e003bf12b608b25a8e11bad1024cc8d52e578843b4d2	v12/docs/perf-baselines/2026-07-25-current-compiled-scorecard.md
untracked	raw-performance-evidence	archive-raw	851	33291	288574f611802f6345016f8648bf331e5e214a79fd247f644fc94c73f2fc35bf	v12/docs/perf-baselines/2026-07-25-full-compiled-scorecard-refreshed.json
untracked	governing-decision-record	reviewed-governing	218	12058	91cf2622857278feb7c7652cfca8bdd8940e6231ed7b6c198354cfbb635cbd64	v12/docs/perf-baselines/2026-07-25-full-compiled-scorecard-refreshed.md
untracked	raw-performance-evidence	archive-raw	127	4205	db2c0502e3821136822ac5f97d52ac020746324731b663d909bba79dec8c8bc7	v12/docs/perf-baselines/2026-07-26-benchmark-semantic-work-equivalence-normalized.json
untracked	governing-decision-record	reviewed-governing	157	7229	9838ce0ceea8b7c4b2d7810169ae340df1ce646cb48503472c56eea9b33d8dec	v12/docs/perf-baselines/2026-07-26-benchmark-semantic-work-equivalence-normalized.md
untracked	raw-performance-evidence	archive-raw	230	9220	225b72d5b2d65a587a76dc365c61d612a32ba7eaf013e88f26c584586475019b	v12/docs/perf-baselines/2026-07-26-bytecode-corpus-owner-census-closure.json
untracked	governing-decision-record	reviewed-governing	222	10250	3c005aa303d74403851f26f5f4fa48a5863b216a21ef02109cb2244da3d94ed9	v12/docs/perf-baselines/2026-07-26-bytecode-corpus-owner-census-closure.md
untracked	raw-performance-evidence	archive-raw	138	5501	f45cb6e3a8e070e7f0fdb92b8e7e5602de01f506a3070ef1d8adb2be8db55339	v12/docs/perf-baselines/2026-07-26-bytecode-primitive-array-element-boundary-closure.json
untracked	governing-decision-record	reviewed-governing	145	6772	0b7a4998b7ae5975ce097c10061ff4217583bf5dc4a237078c9c592c80734b6a	v12/docs/perf-baselines/2026-07-26-bytecode-primitive-array-element-boundary-closure.md
untracked	raw-performance-evidence	archive-raw	114	7154	5807cd2f9b7211b2b5a3cd842dc7f35808434a58b3abc921a530d6640f791485	v12/docs/perf-baselines/2026-07-26-bytecode-primitive-materialization-boundary-census-closure.json
untracked	governing-decision-record	reviewed-governing	147	7013	e53fd71fcc2a8fdb7f50c93fbd5d7d89b6ccc0f21d54cca54cb694fe03f9c4f7	v12/docs/perf-baselines/2026-07-26-bytecode-primitive-materialization-boundary-census-closure.md
untracked	raw-performance-evidence	archive-raw	83	4040	2c5426f2509d60780237c8451039538f37f179a77c18ab33b6d003792a60534b	v12/docs/perf-baselines/2026-07-26-bytecode-static-return-consumer-closure.json
untracked	governing-decision-record	reviewed-governing	118	5355	0dbb2437638711f30bb9039b2549cd1d755193da7f9521ecf90c34e61afa0ec8	v12/docs/perf-baselines/2026-07-26-bytecode-static-return-consumer-closure.md
untracked	raw-performance-evidence	archive-raw	183	8422	f0edb949ae69ab7d9d8f6c5a19d7f0019ea6915d373f190b72da2792d085eea2	v12/docs/perf-baselines/2026-07-26-bytecode-three-unlike-exact-owner-closure.json
untracked	governing-decision-record	reviewed-governing	206	9643	12382e683d81dc37ef5dc02e0061a309da1f8b38d2f2efd2ddb0a3edf7484186	v12/docs/perf-baselines/2026-07-26-bytecode-three-unlike-exact-owner-closure.md
untracked	raw-performance-evidence	archive-raw	90	4794	024c303346643aeb6e5d438fcc4f76f0443eadc57faf7612c2856ff5d4a03b61	v12/docs/perf-baselines/2026-07-26-bytecode-typed-i32-slot-storage-closure.json
untracked	governing-decision-record	reviewed-governing	176	8606	3cce7d71fba947f1f1af8378941ea91ea9e75f6cdafc272c32a3a7032ee11389	v12/docs/perf-baselines/2026-07-26-bytecode-typed-i32-slot-storage-closure.md
untracked	raw-performance-evidence	archive-raw	127	4229	91007bd26136a5d55538199fca84e241e78534ffa3d01fd7be875cbd6bf6807b	v12/docs/perf-baselines/2026-07-26-compiled-aot-native-carrier-owner-closure.json
untracked	governing-decision-record	reviewed-governing	209	9990	8474d8c73fe1e4c05d8a053149d5762bf2e035a226e64973a8bbe370bfdac71e	v12/docs/perf-baselines/2026-07-26-compiled-aot-native-carrier-owner-closure.md
untracked	governing-decision-record	reviewed-governing	201	10003	ec80f2e55ce44adea4146247bca881784efb061ef60e656829ff4d2389d9bbae	v12/docs/perf-baselines/2026-07-26-compiled-corpus-owner-census-lazy-i32-cache-retained.md
untracked	raw-performance-evidence	archive-raw	160	7059	831c00575b671806602ff48e3135bba1fe96e0d982c04551fca2e354b07cea98	v12/docs/perf-baselines/2026-07-26-compiled-largest-miss-owner-intersection-closure.json
untracked	governing-decision-record	reviewed-governing	170	8916	98fde3220a76fb5c263e995a9c668d675cb4822885656539e3f3ef3c8f2bc9bd	v12/docs/perf-baselines/2026-07-26-compiled-largest-miss-owner-intersection-closure.md
untracked	governing-decision-record	reviewed-governing	115	5464	ea3501928c1de6e737739135ea03b33e9ca21443b10a205ac6b6441dadac6cb0	v12/docs/perf-baselines/2026-07-26-compiled-numeric-release-readiness.md
untracked	governing-decision-record	reviewed-governing	156	7142	65ed44fabcd7f65d6cff23bd0698852aebe74dedd7e06dde3e5e0d1347d9e8e3	v12/docs/perf-baselines/2026-07-26-compiled-positional-named-field-consumer-reconciliation.md
untracked	raw-performance-evidence	archive-raw	73	5368	bcbc14f145982c3430ebbfa9c9767a3e8b52aee329e63d6ac810a4fe032d6f70	v12/docs/perf-baselines/2026-07-26-compiled-relational-safety-proof-census-closure.json
untracked	governing-decision-record	reviewed-governing	207	8979	2494edee9fce0fd9716824468afaaa1a66fe134a38369e96d67ced5b28ee25b9	v12/docs/perf-baselines/2026-07-26-compiled-relational-safety-proof-census-closure.md
untracked	raw-performance-evidence	archive-raw	72	2771	1bcdd6fa74aaa76307bed06136e38cb45b0b97c7a425eacbe9c0422b65efaf22	v12/docs/perf-baselines/2026-07-26-compiled-semantic-work-equivalence-closure.json
untracked	governing-decision-record	reviewed-governing	279	13045	591f30a2f77e07f39a02c8e425d2bebf0335f23649caa3104ce1fc7b4fba960e	v12/docs/perf-baselines/2026-07-26-compiled-semantic-work-equivalence-closure.md
untracked	raw-performance-evidence	archive-raw	78	3106	a397984691b8b9c811ae723ebb3796a3b288c3146288d57a67c80c23869f0b03	v12/docs/perf-baselines/2026-07-26-concrete-to-lifted-interface-census-closure.json
untracked	governing-decision-record	reviewed-governing	161	7234	07cab9e36267e791cd201b2598ee1346ac4f4450d8f91285e2fff9ca7e9a961a	v12/docs/perf-baselines/2026-07-26-concrete-to-lifted-interface-census-closure.md
untracked	raw-performance-evidence	archive-raw	102	8781	23cf7f661ad88e8edb0bcdb8e4edc86e53984693131626cd6c57b4534dd0a837	v12/docs/perf-baselines/2026-07-26-current-strict-compiled-scorecard-owner-closure.json
untracked	governing-decision-record	reviewed-governing	248	12681	2ebc73bb26f36ab3ff261f4dea218dbc5c2ce2ee0f4e31427a844f453ccbfc95	v12/docs/perf-baselines/2026-07-26-current-strict-compiled-scorecard-owner-closure.md
untracked	raw-performance-evidence	archive-raw	48	3239	78fb8af33ebf961dbd55cdeb8fcb3a02c986e0c5cefb7478f42d332d419a95a8	v12/docs/perf-baselines/2026-07-26-full-strict-typed-boundary-callsite-census-closure.json
untracked	governing-decision-record	reviewed-governing	152	7722	fdfd6a4ea2c1c5510c30693c97f4c78507786a824d808b6da216ab71d9c1bba8	v12/docs/perf-baselines/2026-07-26-full-strict-typed-boundary-callsite-census-closure.md
untracked	raw-performance-evidence	archive-raw	55	2352	3efe134e4207213b7cd040f351ac48e1c0a192233794e22221ae383a366753e4	v12/docs/perf-baselines/2026-07-26-normalized-compiled-generated-owner-closure.json
untracked	governing-decision-record	reviewed-governing	201	10741	f178e3ada89ee53ae0fc1b06364309bda166564cfe6d64f0ce68bd9a241a713d	v12/docs/perf-baselines/2026-07-26-normalized-compiled-generated-owner-closure.md
untracked	governing-decision-record	reviewed-governing	148	6944	56aeed4d904a618188204b927f6801fb558d720271a302ba7bdfbfa3b3a3316d	v12/docs/perf-baselines/2026-07-26-performance-frontier-reconciliation.md
untracked	raw-performance-evidence	archive-raw	135	4280	91409406df42c218d03e97f794f8a1f0bf1ea83954adbbb49c7b75052937c94e	v12/docs/perf-baselines/2026-07-26-semantic-equivalence-normalized-bytecode-status.json
untracked	supporting-performance-report	archive-supporting	14	785	ca7b94f1c29f53b9105c3f31b5e7e264cbf4e8b40dede7adafa2d01bb31fd016	v12/docs/perf-baselines/2026-07-26-semantic-equivalence-normalized-bytecode-status.md
untracked	raw-performance-evidence	archive-raw	355	11947	e5320ffc897ac4c704044b25d506c3dc67985e56a3975b40b8071a20470178f4	v12/docs/perf-baselines/2026-07-26-semantic-equivalence-normalized-compiled.json
untracked	supporting-performance-report	archive-supporting	15	908	1b86d8189c34a1fa94ee2da08c0d5b0ad0177ca230f16d82158414723016c952	v12/docs/perf-baselines/2026-07-26-semantic-equivalence-normalized-compiled.md
untracked	raw-performance-evidence	archive-raw	681	21998	45fe3148338f552f555938dcfb3bb15bf776b62eacf83537e888182a7fa3372a	v12/docs/perf-baselines/2026-07-26-semantic-equivalence-normalized-full-bytecode-status.json
untracked	raw-performance-evidence	archive-raw	8172	280189	a4feedd819e0a81027afd79146d60666c73f6ec5c7de1365de43e809d4c0edd6	v12/docs/perf-baselines/2026-07-26-semantic-equivalence-normalized-full-compiled.json
untracked	raw-performance-evidence	archive-raw	2564	83270	a0284543c325bc1c8e3a0b7f2f1d632ba55dfa5abdca56fc35bbfd7ab0463b1c	v12/docs/perf-baselines/2026-07-26-semantic-equivalence-normalized-full-go-reference.json
untracked	raw-performance-evidence	archive-raw	116	3648	c0f0a04d6a9dc4d7744b36d36d37b6e55b28c462cd2118f15cc9b23a3b3b7d06	v12/docs/perf-baselines/2026-07-26-semantic-equivalence-normalized-go-reference.json
untracked	supporting-performance-report	archive-supporting	13	735	96c4ff92a3aa4d48910d4854d07f570213e238f63cb2dea9bbf76b13df60c775	v12/docs/perf-baselines/2026-07-26-semantic-equivalence-normalized-go-reference.md
untracked	governing-decision-record	reviewed-governing	149	6539	f83024764c2540a666a9d53bc09d424f424ebcc2956db1230cdf476e86945006	v12/docs/perf-baselines/2026-07-27-compiled-foundational-stdlib-integration-sharding-retained.md
untracked	raw-performance-evidence	archive-raw	60	2946	cda8bd97aa05ed3567cec05b902f864fd758598c9ca3c85d84629e9505e38cfa	v12/docs/perf-baselines/2026-07-27-compiled-generated-artifact-drift-closure.json
untracked	governing-decision-record	reviewed-governing	176	7220	264e94b708b4a736ba557d929371dddc6932310a17da0d1630bf71b4c8f3b67e	v12/docs/perf-baselines/2026-07-27-compiled-generated-artifact-drift-closure.md
untracked	governing-decision-record	reviewed-governing	120	5466	89a8fd281ff9f87f8e85054e32ee334ec69ac57692e80044e1d2950bf8652963	v12/docs/perf-baselines/2026-07-27-compiled-serial-executor-flush-handoff-retained.md
untracked	governing-decision-record	reviewed-governing	198	7457	979c41cc558998029769dc85b125d62ae2e6a6f361cf23a349387ee940381408	v12/docs/perf-baselines/2026-07-27-compiled-stdlib-content-addressed-cache-retained.md
untracked	governing-decision-record	reviewed-governing	190	7319	bbaf7c9fc518f574ae808a0ba082fa738499b26dc52a99a4f430c6341f5c5180	v12/docs/perf-baselines/2026-07-27-compiled-stdlib-integration-lookup-caches-retained.md
untracked	governing-decision-record	reviewed-governing	202	7656	8e6e2e993ddd7d3de406f09ce1ce10a62d6a8073bbca9c0430db7fd44581f534	v12/docs/perf-baselines/2026-07-27-compiled-test-cache-bounded-lifecycle-retained.md
untracked	raw-performance-evidence	archive-raw	64	1771	2491c5f67e27eed77158b77477895012442142f164ea9b390062f35cde6a0b05	v12/docs/perf-baselines/2026-07-27-compiler-aot-release-readiness-no-code-closure.json
untracked	governing-decision-record	reviewed-governing	110	4462	c4aa38db16169525d0e681a5c9761d998526e4a9d5245ac3c1867cc8bb999da8	v12/docs/perf-baselines/2026-07-27-compiler-aot-release-readiness-no-code-closure.md
untracked	raw-performance-evidence	archive-raw	341	59239	9072a4a4762cf9736979f69612e168df63bd2b064c469b49751e0d5579cd84ce	v12/docs/perf-baselines/2026-07-27-compiler-aot-semantic-abi-release-boundary-manifest.tsv
untracked	raw-performance-evidence	archive-raw	134	4347	c379b490468c0741c4bc9766759d7fd08c80a02f369d337e07ce0bb4b25146bb	v12/docs/perf-baselines/2026-07-27-compiler-aot-semantic-abi-release-boundary-review.json
untracked	governing-decision-record	reviewed-governing	260	10949	af453ccc95bd200c5e83aa454f0aafcc0fb07ba76972599c254a03bf5c4004e0	v12/docs/perf-baselines/2026-07-27-compiler-aot-semantic-abi-release-boundary-review.md
untracked	raw-performance-evidence	archive-raw	97	2551	b53153290d1bb71cbc2fed6289223ba5d54fa383114f6e572f22c06e76e97cb1	v12/docs/perf-baselines/2026-07-27-go-source-hygiene-modularization-retained.json
untracked	governing-decision-record	reviewed-governing	132	5578	c829df36ae048270138fda6e22b54d6bfc6547186dcf0bdc714af8afb6505b81	v12/docs/perf-baselines/2026-07-27-go-source-hygiene-modularization-retained.md
untracked	raw-performance-evidence	archive-raw	83	13008	5200fc5d8e698b828213f20659209d71caa52e4f71da468636979f3337d3482a	v12/docs/perf-baselines/2026-07-27-language-parser-typechecker-release-boundary-manifest.tsv
untracked	raw-performance-evidence	archive-raw	80	2682	ddb5110c03d84485b5877749bdd32f3664c915170c53feb5549711130397181d	v12/docs/perf-baselines/2026-07-27-language-parser-typechecker-release-boundary-review.json
untracked	governing-decision-record	reviewed-governing	206	9098	2bfd55d3ed6f814d25e42ce16b86e53d83e3a5fc0b1bdecddd5c388a4e964904	v12/docs/perf-baselines/2026-07-27-language-parser-typechecker-release-boundary-review.md
untracked	raw-performance-evidence	archive-raw	667	116528	2b8b9a54db9487f54ca7d58a78a4c7ca4c36b2f338478a6df98fe4eb090404e0	v12/docs/perf-baselines/2026-07-27-runtime-treewalker-bytecode-release-boundary-manifest.tsv
untracked	raw-performance-evidence	archive-raw	88	2859	4e2a6449a430e2a6840fb9d46a236bbdf18fb78a19049ad0765841fd3a3839eb	v12/docs/perf-baselines/2026-07-27-runtime-treewalker-bytecode-release-boundary-review.json
untracked	governing-decision-record	reviewed-governing	239	10284	c1dd88058610b1cfbf96d1afd76cb51acbb9b8b576efb7d551ba2d8264588f5f	v12/docs/perf-baselines/2026-07-27-runtime-treewalker-bytecode-release-boundary-review.md
untracked	governing-decision-record	reviewed-governing	91	3735	6978224121d508ddd3fa63b1f709e9df3dc9d009a7460c687338a3d99d7bec90	v12/docs/perf-baselines/2026-07-27-serial-executor-flush-handoff-retained.md
untracked	raw-performance-evidence	archive-raw	70	1856	eaed5c767e5741ef7f723e0a4ad5e241df11f968328f70978f9a2aedb96b3414	v12/docs/perf-baselines/2026-07-27-tree-sitter-grammar-modularization-retained.json
untracked	governing-decision-record	reviewed-governing	125	5471	18f33a4a0a242e6bbd336a4c8f66773d35c751f98a89b35a5800c036d2bffad3	v12/docs/perf-baselines/2026-07-27-tree-sitter-grammar-modularization-retained.md
untracked	raw-performance-evidence	archive-raw	115	3146	5613fc8338edfea470654ad1de07b5a890e83b1c9ebde042d4cfdbea5781bab9	v12/docs/perf-baselines/2026-07-27-v12-worktree-release-consolidation-inventory.json
untracked	governing-decision-record	reviewed-governing	202	8926	1093bf09f49cce083af3e4b1b62bc011842996412b3a8a01afe78e706e96cb7c	v12/docs/perf-baselines/2026-07-27-v12-worktree-release-consolidation-inventory.md
tracked-modified	current-scoreboard	reviewed-current	136	201431	27e6b94897a3fc9a02db92104a35e10c9a613b67d656f285bd1873c4d40facf3	v12/docs/perf-baselines/external-scoreboard-current.json
tracked-modified	current-scoreboard	reviewed-current	173	17842	e46d076715f20a1233257a5f1fa1164f1ad0a6d9343b9dbe4500081518b9b686	v12/docs/perf-baselines/external-scoreboard-current.md
untracked	raw-performance-evidence	archive-raw	16	6334	056d6762c52cf4c63a309a6efab7fc7df662dfde1264b030fed6df1d65040505	v12/docs/perf-baselines/external-threshold-controls-current.json
untracked	supporting-performance-report	archive-supporting	38	2596	70ee41795abd7c022f9b728dc450e8be1c2e29da36075e0cd5bd8b2a210b7ce6	v12/docs/perf-baselines/external-threshold-controls-current.md
tracked-modified	manual-documentation	reviewed-documentation	9892	520614	94a3341e50ff6eb1233698ed64062e5e5556e445cd98f58b93f36fa523f51087	v12/docs/performance-benchmarks.md
tracked-modified	manual-documentation	reviewed-documentation	140	4821	cf52bf66172273329833f82ce9fc8c7107600e88707278b217aada8e54e3d19a	v12/docs/testing-matchers.md
untracked	benchmark-application	reviewed-source	63	1690	64c65a525023e5fc7000f13b9d36875716b7d8b936060fede904381b58156b4e	v12/examples/benchmarks/array_slice_window/array_slice_window.able
untracked	benchmark-application	reviewed-source	14	754	f28d60ad1ab82f5bb85de124690b7ec16cc47fd91c468070794a8c22255f7a6d	v12/examples/benchmarks/await_channel_mux/README.md
untracked	benchmark-application	reviewed-source	61	1470	31bd5d760fff06cdd813c5520f961fbaadb5222908608f2630c183c8598f5b0c	v12/examples/benchmarks/await_channel_mux/await_channel_mux.able
untracked	benchmark-application	reviewed-source	205	6278	658bf062ac063af7302544b1e9d2bc30d21c5c3b535e48634f40c20ba2c8d2ea	v12/examples/benchmarks/binary_event_log/binary_event_log.able
untracked	benchmark-application	reviewed-source	7	354	cb2e5cec4a27efbedd3b7d5671f386ef6789edf2da0f5afcde0952c69028dce0	v12/examples/benchmarks/channel_rollup/README.md
untracked	benchmark-application	reviewed-source	64	1469	cc7ddd6dca16348087e17b89f07a30afa536750d088606744f9c22ce0704808a	v12/examples/benchmarks/channel_rollup/channel_rollup.able
untracked	benchmark-application	reviewed-source	387	9906	b6a5d1e0d2901bd3341b02d1f3445601ef05670cb2442c9f706305f4ec8b7cad	v12/examples/benchmarks/concurrent_audio_voices/concurrent_audio_voices.able
untracked	benchmark-application	reviewed-source	130	3562	5c5d8a577a404fdc73e355a9b8997ff36acd04e8ca974e07bde0729e78a7dc16	v12/examples/benchmarks/concurrent_document_pipeline/concurrent_document_pipeline.able
untracked	benchmark-application	reviewed-source	233	6568	23d12e189b92ee44f83917df8a8fa8a84f2ab77242f9785474df345fbe5e274b	v12/examples/benchmarks/concurrent_event_routing/concurrent_event_routing.able
untracked	benchmark-application	reviewed-source	305	8025	b445e78cd4c706fc09a3ab008df58fb4a5c90237b2caee4cd52420d04298db56	v12/examples/benchmarks/concurrent_graph_visitors/concurrent_graph_visitors.able
untracked	benchmark-application	reviewed-source	470	12111	2184c24ec515d57551c57440c9351b58cb4a43c1824e5f1df43e839b3de57481	v12/examples/benchmarks/concurrent_packet_codecs/concurrent_packet_codecs.able
untracked	benchmark-application	reviewed-source	332	8797	ae4b730a18e1f64e85b17f3eb2a53c5d7b54bf9d0c99b748e67bb18265451266	v12/examples/benchmarks/concurrent_policy_callbacks/concurrent_policy_callbacks.able
untracked	benchmark-application	reviewed-source	330	8276	dd1b5c6eb972af1480eb87bca3096672e44280e3c8c473df95942c3f06ada71f	v12/examples/benchmarks/concurrent_scene_tiles/concurrent_scene_tiles.able
untracked	benchmark-application	reviewed-source	278	7605	79d9f7945ab5278b5725a0c28ee1e1bdf66a81530f95777c6478e9efa01d63d0	v12/examples/benchmarks/concurrent_signal_dispatch/concurrent_signal_dispatch.able
untracked	benchmark-application	reviewed-source	235	6356	a8270e45edd0da619ec0c49ff1c09bf80a920e37ceff046e1887963059ea221e	v12/examples/benchmarks/concurrent_state_machines/concurrent_state_machines.able
untracked	benchmark-application	reviewed-source	227	6115	99c6ecfb4eccd2c93925701f8a9845a53de88b9ac042ba6d34517ca073922bf5	v12/examples/benchmarks/concurrent_stateful_pipeline/concurrent_stateful_pipeline.able
untracked	benchmark-application	reviewed-source	197	5121	db33fbbe0624cda3958b64f1fb51a07e950a023ca480b3469f1b09215f22501a	v12/examples/benchmarks/concurrent_stencil_reduction/concurrent_stencil_reduction.able
untracked	benchmark-application	reviewed-source	115	2970	5a2429f00e30e21af242850073e6e8c24d4022b8cad9bc7aee5e6e7860999eef	v12/examples/benchmarks/concurrent_text_index/concurrent_text_index.able
untracked	benchmark-application	reviewed-source	236	6608	378d0a572c0a23d65a80d7681c6309ee0eb1e147cdd2e3442ce628ca04c40027	v12/examples/benchmarks/concurrent_transform_chain/concurrent_transform_chain.able
untracked	benchmark-application	reviewed-source	345	8693	521a80923670cdbf78d12110adb8e7b8fc4aa540ac1aea39133f029aa6b2e321	v12/examples/benchmarks/concurrent_tree_folds/concurrent_tree_folds.able
untracked	benchmark-application	reviewed-source	93	3092	ffdba7256c645683bd9e53ef5a3422ca332ad51dae98816ef902906691ac8b73	v12/examples/benchmarks/config_validation_extraction/config_validation_extraction.able
untracked	benchmark-application	reviewed-source	99	2537	f2579982dbe25debb2e40f2ec1f2d0187016a3801c5373c82f45258e16210d8e	v12/examples/benchmarks/dependency_plan/dependency_plan.able
untracked	benchmark-application	reviewed-source	192	5184	7d200dbe3ee867e95668ae8c74a2e45893f4d369db6bf00962363348dc632a50	v12/examples/benchmarks/dependency_wave_validation/dependency_wave_validation.able
untracked	benchmark-application	reviewed-source	27	395	80f96ee942dafbf81b7e09edfc3410c3af37ed3190357fcf77c5d9641a30cf88	v12/examples/benchmarks/distance_field/distance_field.able
untracked	benchmark-application	reviewed-source	33	995	4f3fe4b3ce2a782c67e79d1178ba0ef3165ff8917b1970a6c96ccd7e550f27f2	v12/examples/benchmarks/document_audit/document_audit.able
untracked	benchmark-application	reviewed-source	99	2614	7b30ce2139b20f4b30495a44e5afc99bb4ab664c2ec9e0817512784adcb06c0e	v12/examples/benchmarks/fasta_generation/fasta_generation.able
untracked	benchmark-application	reviewed-source	52	1195	330ce59771b6dc41a1c147c53d82bb65b43d9a09c018d11ee527c1431a829f0e	v12/examples/benchmarks/fixed_width_128/fixed_width_128.able
untracked	benchmark-application	reviewed-source	10	563	9c3566f934d63de95d90328dbb97da53010d2747f47696e17eb49ea39c0cdbc1	v12/examples/benchmarks/future_await_race/README.md
untracked	benchmark-application	reviewed-source	62	1228	7950a425ac6225a577d7c234395ee4293d5c89c2ddfcb19fd87732e8d4d0335b	v12/examples/benchmarks/future_await_race/future_await_race.able
untracked	benchmark-application	reviewed-source	100	2276	823bcdb46878c9d57ab6438bed3767861974227b96318572dc823f3da69067b7	v12/examples/benchmarks/future_pipeline/future_pipeline.able
untracked	benchmark-application	reviewed-source	68	1785	16c408486e1f3fb1003c795b5ed0ee63b310cd2fecba4a85d9b4081c381e8d9f	v12/examples/benchmarks/inventory_reconciliation/inventory_reconciliation.able
untracked	benchmark-application	reviewed-source	222	5123	933749cb33f84a88274e010f7459d027be839a42162f0d559eca8a1920aa8a2a	v12/examples/benchmarks/k_nucleotide/k_nucleotide.able
untracked	benchmark-application	reviewed-source	7	389	296b5893e879425e8c3e982e15768eabce1609e114b8fc7151b8918c2e217aca	v12/examples/benchmarks/lexical_rollup/README.md
untracked	benchmark-application	reviewed-source	31	906	567a239892f4f6b00e5d61e4d262857ff14687c31e16cd1d390d9e9dfb6b3159	v12/examples/benchmarks/lexical_rollup/lexical_rollup.able
untracked	benchmark-application	reviewed-source	86	2660	958ad9cdee6f91694757dbca9748e6f23bff84340e52e0e1375589726be0629b	v12/examples/benchmarks/log_routing_redaction/log_routing_redaction.able
untracked	benchmark-application	reviewed-source	64	1244	663385828c4e7318bac285c4fcce27d3b435f9a3536a1a20b3cfa09af2a32315	v12/examples/benchmarks/mandelbrot/mandelbrot.able
untracked	benchmark-application	reviewed-source	135	4321	4738af1fb5aabcdafd7581c2b84289824d6bf0a5dae779e70f4db6746f63aec9	v12/examples/benchmarks/manifest_normalization/manifest_normalization.able
untracked	benchmark-application	reviewed-source	57	1613	3d17db99f2a06f2d87868dcb00e129d6f0cb18d4209b329e09bac281adaf8696	v12/examples/benchmarks/mutex_await_journal/mutex_await_journal.able
untracked	benchmark-application	reviewed-source	54	1533	2975ac5ae318fd528fd353ee8846f4cb86104e8525a43c2aa1c31e05dfdb1a61	v12/examples/benchmarks/mutex_ledger/mutex_ledger.able
untracked	benchmark-application	reviewed-source	78	1946	8341715e210cd8342a49c32dd2d9ba01331f893b680e8a418f5ee2542a456113	v12/examples/benchmarks/mutex_work_queue/mutex_work_queue.able
untracked	benchmark-application	reviewed-source	93	2284	9a0cd261ba89aad1fe1cea7da9ce78bdf356a350151ba7f17277ed5a125d7c48	v12/examples/benchmarks/option_result_config/option_result_config.able
untracked	benchmark-application	reviewed-source	202	5696	cd6089f205ff542c9c9c07c5526d47b9fc4287f9fd9c7081947d363610ec5263	v12/examples/benchmarks/policy_record_dispatch/policy_record_dispatch.able
untracked	benchmark-application	reviewed-source	41	1276	20a58261d852834d425de755ed35e7c34b0bda80945caf97a94d4ba9b2e0bf46	v12/examples/benchmarks/rational_series/rational_series.able
untracked	benchmark-application	reviewed-source	54	1525	124fcfb1435ab1160adff38f7d50ba442c22b4d63cce25fa06e7799a26458b9b	v12/examples/benchmarks/regex_set_audit/regex_set_audit.able
untracked	benchmark-application	reviewed-source	73	2191	ed58e3975b12776a03ace5bd7e066b570e7538f303f631db9c1704d3a1eaa999	v12/examples/benchmarks/regex_stream_audit/regex_stream_audit.able
untracked	benchmark-application	reviewed-source	73	2083	7f8a1b031ae20c9af490cd21ac9846ea472b43c62cd082b22cb6e600fea2c5fe	v12/examples/benchmarks/regex_suffix_audit/regex_suffix_audit.able
untracked	benchmark-application	reviewed-source	124	3257	4bd16d4b6c65362efc5b2515548f59686144553a91eadcc65a0cde6df537e5f9	v12/examples/benchmarks/reverse_complement/reverse_complement.able
untracked	benchmark-application	reviewed-source	35	660	b289c78432f7c4077e259810c9e788341824899188821df669af345eed04dc59	v12/examples/benchmarks/rms_norm/rms_norm.able
untracked	benchmark-application	reviewed-source	175	5427	28a29926e6511185eda8621d69f09109a3f16bcff69de6f41e0d4cdc4c0d480d	v12/examples/benchmarks/sensor_calibration/sensor_calibration.able
tracked-modified	benchmark-application	reviewed-source	134	2593	775e4d1eec41acd63bbe80909cdcb3bde86ce452fd978317308c72d4f4f691cd	v12/examples/benchmarks/sudoku/sudoku.able
untracked	benchmark-application	reviewed-source	195	4231	fd918bf940bf22973fb205b1f1fa1be9de07a8774ad79138c9bc8a95acb43d6b	v12/examples/benchmarks/sudoku_masks/sudoku_masks.able
untracked	benchmark-application	reviewed-source	167	3907	426a40e33840f3a0e9e62d5f9b9519a6840edd2733b8031df6a280e4b782fdb8	v12/examples/benchmarks/tapelang_alphabet/tapelang_alphabet.able
untracked	benchmark-application	reviewed-source	58	1457	9ff36de9cbdd1e2b1138611fc20453e0803e3f8734769a30929eb52528ab7bdb	v12/examples/benchmarks/unicode_scalar_pipeline/unicode_scalar_pipeline.able
untracked	benchmark-application	reviewed-source	138	3609	792dd2fbf2d09643082e523999f768745eb5c08af64f2b747e82901e3fe4bd8e	v12/examples/benchmarks/validated_job_pipeline/validated_job_pipeline.able
untracked	benchmark-application	reviewed-source	111	3299	8ba1e245f5d169409d2d35ba53c3ba94a554fd6767ec8d9d4602fef064b8405d	v12/examples/benchmarks/wide_integer_records/wide_integer_records.able
untracked	benchmark-application	reviewed-source	31	817	ad6e5d39c1685931dfb7b86fb7ce2afe783a1088ffc646a5482540606cd79a3f	v12/examples/benchmarks/word_frequency/word_frequency.able
untracked	benchmark-fixture	reviewed-source	41	796	7225e85cebd51ea215560cd38bb93d0da798754101fdd67a9a9d30dbc77106c0	v12/fixtures/bench/array_filter_i32_small/main.able
untracked	benchmark-fixture	reviewed-source	6	74	459f6e438bae52a9bd3b084b937f76f039fde6d49b6aceae01c8006e9d1eb93d	v12/fixtures/bench/array_filter_i32_small/manifest.json
untracked	benchmark-fixture	reviewed-source	2	50	d53da8b20f5fa37434f5f6b56316e9a302202a32bb2c5b28a01f3ffcf533796c	v12/fixtures/bench/array_filter_i32_small/package.yml
untracked	benchmark-fixture	reviewed-source	32	598	dfa8f1fecd4bca52f39ad46786589459a504ebe0fb2d7b5cdf7cef012e9f4f71	v12/fixtures/bench/array_fold_i32_small/main.able
untracked	benchmark-fixture	reviewed-source	6	74	459f6e438bae52a9bd3b084b937f76f039fde6d49b6aceae01c8006e9d1eb93d	v12/fixtures/bench/array_fold_i32_small/manifest.json
untracked	benchmark-fixture	reviewed-source	2	48	5b92ab1e45b312f74c8c9b482d6edd95eb93a5b147527041ff8fab9e5acb3a49	v12/fixtures/bench/array_fold_i32_small/package.yml
untracked	benchmark-fixture	reviewed-source	39	744	78042a9c840d4ab02e8b62adcf4460b7516746c00252e9daf84c95a8bdb3b74e	v12/fixtures/bench/array_map_i32_small/main.able
untracked	benchmark-fixture	reviewed-source	6	74	459f6e438bae52a9bd3b084b937f76f039fde6d49b6aceae01c8006e9d1eb93d	v12/fixtures/bench/array_map_i32_small/manifest.json
untracked	benchmark-fixture	reviewed-source	2	47	43b7d69ecdc835087e65dcacd8226e1f7f4d526b549e04eceeee051dcfa877ed	v12/fixtures/bench/array_map_i32_small/package.yml
untracked	benchmark-fixture	reviewed-source	52	1076	9d11ea3a66439a00282ff1dfb8ecdb08e9c7305d44c5ac4da0d713e8d006bd8b	v12/fixtures/bench/ascii_lower_small/main.able
untracked	benchmark-fixture	reviewed-source	6	74	459f6e438bae52a9bd3b084b937f76f039fde6d49b6aceae01c8006e9d1eb93d	v12/fixtures/bench/ascii_lower_small/manifest.json
untracked	benchmark-fixture	reviewed-source	2	45	09fe5e5ea5d2df43d0c6d91e8a891f73cac663622f6a8b033d9f06e1ce43f87d	v12/fixtures/bench/ascii_lower_small/package.yml
untracked	benchmark-fixture	reviewed-source	73	1727	f43c419d631563fa019e01dfa74aff3b3fc4b37fd2d7c124ef11c73c443886b2	v12/fixtures/bench/automata_dfa_small/main.able
untracked	benchmark-fixture	reviewed-source	6	86	2b443f53510b41df72653ce29e52b4ff9242f0a2484781b7d0d0c691dfc683cf	v12/fixtures/bench/automata_dfa_small/manifest.json
untracked	benchmark-fixture	reviewed-source	2	46	e3ac7561e3c1aaab7383eee2fe3d7a975991d4fb21c918d270fdd3e814766ee6	v12/fixtures/bench/automata_dfa_small/package.yml
untracked	benchmark-fixture	reviewed-source	35	726	6ee982bc7289c6441c995b358aad730c0164fe93513f7ed7982416c4a34b4d92	v12/fixtures/bench/await_batch_i64_small/main.able
untracked	benchmark-fixture	reviewed-source	7	256	214e9fd57bced721226586c6eee28bfcf2648f82ed2229efb8552d74dc516322	v12/fixtures/bench/await_batch_i64_small/manifest.json
untracked	benchmark-fixture	reviewed-source	45	840	c6c6c5fb356d42660fba4d4abe4f0974df8d09e130b5b6b5f19f3336c32b02fb	v12/fixtures/bench/base64_roundtrip_small/main.able
untracked	benchmark-fixture	reviewed-source	6	74	459f6e438bae52a9bd3b084b937f76f039fde6d49b6aceae01c8006e9d1eb93d	v12/fixtures/bench/base64_roundtrip_small/manifest.json
untracked	benchmark-fixture	reviewed-source	2	50	093913c3e95ecba7e43b6f512fd49044c8e4f43f441bc344e7c4a108919bb0cb	v12/fixtures/bench/base64_roundtrip_small/package.yml
untracked	benchmark-fixture	reviewed-source	20	471	cd8ca779d198e9c908219b4da065d976e53dd3681477e3a9fdb368605aefe61b	v12/fixtures/bench/bigint_add_mul_small/main.able
untracked	benchmark-fixture	reviewed-source	6	74	459f6e438bae52a9bd3b084b937f76f039fde6d49b6aceae01c8006e9d1eb93d	v12/fixtures/bench/bigint_add_mul_small/manifest.json
untracked	benchmark-fixture	reviewed-source	2	48	442e6d774c9b9899f8c332d5e7e2cabbb87220dfddc74cb6b05f4a47ed1027ba	v12/fixtures/bench/bigint_add_mul_small/package.yml
untracked	benchmark-fixture	reviewed-source	64	1326	f589f90849d25786a573335b9b4ef81a2ce2568a34979a0909dd718c82addabc	v12/fixtures/bench/bigint_ref_newton_small/main.able
untracked	benchmark-fixture	reviewed-source	6	113	26ac10a8422978acb83781841b1addd68174cb7e97d28c7c791530a92c0978ac	v12/fixtures/bench/bigint_ref_newton_small/manifest.json
untracked	benchmark-fixture	reviewed-source	2	51	3af8f5d5ae606f9b7a707328889acef952f6ee532cf984d3020f96a826c0fcae	v12/fixtures/bench/bigint_ref_newton_small/package.yml
untracked	benchmark-fixture	reviewed-source	20	479	93a3be4393e770c847791bb5bf3e20d024a45d04110d8e1fe60caccbe8e6afd2	v12/fixtures/bench/biguint_add_mul_small/main.able
untracked	benchmark-fixture	reviewed-source	6	74	459f6e438bae52a9bd3b084b937f76f039fde6d49b6aceae01c8006e9d1eb93d	v12/fixtures/bench/biguint_add_mul_small/manifest.json
untracked	benchmark-fixture	reviewed-source	2	49	734ec3d8dbb63011c9c2fb11be466924bdf8b20cb683438f89fd2608e082d82e	v12/fixtures/bench/biguint_add_mul_small/package.yml
untracked	benchmark-fixture	reviewed-source	87	1811	05b799db056883192a77805e4293e2ca2e11c0ca1d6f801e68707ed719af6da8	v12/fixtures/bench/binarytrees_small/main.able
untracked	benchmark-fixture	reviewed-source	6	74	459f6e438bae52a9bd3b084b937f76f039fde6d49b6aceae01c8006e9d1eb93d	v12/fixtures/bench/binarytrees_small/manifest.json
untracked	benchmark-fixture	reviewed-source	2	45	f821c77e2319a2f16ff61c402f003bd704fc3b3c2bfb69327b17385d4384de9b	v12/fixtures/bench/binarytrees_small/package.yml
untracked	benchmark-fixture	reviewed-source	47	872	c584a01c10cb28822e8c35ea6f0f41ef169f8551e5d6f93045475bfa24f87e90	v12/fixtures/bench/bit_set_small/main.able
untracked	benchmark-fixture	reviewed-source	6	105	49f5e0f9f8bbc38a6a13a782c9d387cbf2d0fe7fd2fea4751140682cc6bc3bec	v12/fixtures/bench/bit_set_small/manifest.json
untracked	benchmark-fixture	reviewed-source	2	41	69b03ed37f1bd08c7951469fd0ca4ff1e241066a15227e9050eed3eca0ac258e	v12/fixtures/bench/bit_set_small/package.yml
untracked	benchmark-fixture	reviewed-source	44	970	640901d6ebe0c1b37f64aaba93a2270980feff52bb106cdb34255c2d457fe518	v12/fixtures/bench/boolean_reconciliation_small/main.able
untracked	benchmark-fixture	reviewed-source	69	1459	322943c7b7605239a7626b9c249c616f53c9927309267b584212dcb0c505caea	v12/fixtures/bench/byte_histogram_small/main.able
untracked	benchmark-fixture	reviewed-source	6	107	056eafafba70afe39771b40ac6eed232120271f5569b6241475a826078c0143c	v12/fixtures/bench/byte_histogram_small/manifest.json
untracked	benchmark-fixture	reviewed-source	2	48	4d34e6c943b733777fcd9112f0c79c1ec35d82270bcb16c72bc56670103d5466	v12/fixtures/bench/byte_histogram_small/package.yml
untracked	benchmark-fixture	reviewed-source	51	903	0c301f7c717f7e7774ff463194cb21b077146e5ec79b7c76cd114d125f26378a	v12/fixtures/bench/channel_pipeline_i32_small/main.able
untracked	benchmark-fixture	reviewed-source	6	74	459f6e438bae52a9bd3b084b937f76f039fde6d49b6aceae01c8006e9d1eb93d	v12/fixtures/bench/channel_pipeline_i32_small/manifest.json
untracked	benchmark-fixture	reviewed-source	2	54	6728b2f5753fffd6d0db81f7697fcdaf39b037b199eff9eca4aa6a744dc16752	v12/fixtures/bench/channel_pipeline_i32_small/package.yml
untracked	benchmark-fixture	reviewed-source	38	645	8bad49bd4d615ad4b739e9ccd64ebf7762fd7d9317bb4bf2e9a1b9d768d610ee	v12/fixtures/bench/channel_roundtrip_i32_small/main.able
untracked	benchmark-fixture	reviewed-source	6	74	459f6e438bae52a9bd3b084b937f76f039fde6d49b6aceae01c8006e9d1eb93d	v12/fixtures/bench/channel_roundtrip_i32_small/manifest.json
untracked	benchmark-fixture	reviewed-source	2	55	898a38407d4edf488ec4ed8fe0512049635264679990b42995ed8217e6dad864	v12/fixtures/bench/channel_roundtrip_i32_small/package.yml
untracked	benchmark-fixture	reviewed-source	44	922	13ead198c3db55e388733c2f3ecaf065b8754d8207d5b87daf907b4a6f86fac1	v12/fixtures/bench/concurrent_queue_i32_small/main.able
untracked	benchmark-fixture	reviewed-source	6	100	1bd1f38166a6a6c994fdd8caaeb908ebbc59fec751df8080412f4155c3ec0c3b	v12/fixtures/bench/concurrent_queue_i32_small/manifest.json
untracked	benchmark-fixture	reviewed-source	2	54	2e30512ea7666a267dff1d1e51c9950e24e4bfe66df55b9cf7c33a2489159f58	v12/fixtures/bench/concurrent_queue_i32_small/package.yml
untracked	benchmark-fixture	reviewed-source	47	897	a8267df72792d31a5ddd7c1f38cb652b2dbf9e1280c833c2a31ba90da6908b1e	v12/fixtures/bench/crc32_small/main.able
untracked	benchmark-fixture	reviewed-source	6	93	e7c4f25563cf397a75f55928b75883d37b7c68dc686632b1075f7637593c642b	v12/fixtures/bench/crc32_small/manifest.json
untracked	benchmark-fixture	reviewed-source	2	39	a45995b3602626a6a3b4a0bfc23aa7f3bb3cbf2cad6e7b37dedf0ada85f6e34f	v12/fixtures/bench/crc32_small/package.yml
untracked	benchmark-fixture	reviewed-source	48	936	6190db53366a45ceb02e12b37ceb0f83833d1244a7b2bde50dee9f670febd5c9	v12/fixtures/bench/deque_i32_small/main.able
untracked	benchmark-fixture	reviewed-source	6	101	efef017d23b22de22618ad95e4f6e818c516448b9190ff10f4fe3ec385c99a61	v12/fixtures/bench/deque_i32_small/manifest.json
untracked	benchmark-fixture	reviewed-source	2	43	3ad511d9554fe58bc39fef5dab198b0e794b53a4502e856e4bfff3ca6fe24e7a	v12/fixtures/bench/deque_i32_small/package.yml
untracked	benchmark-fixture	reviewed-source	100	2553	3197ba7b7a6f1c75e4dd186e9e7107343cc738ac915155959aeeacf80d0eb796	v12/fixtures/bench/dijkstra_heap_small/main.able
untracked	benchmark-fixture	reviewed-source	6	124	b36d01a1baabaefc5bed04d7a05ee5592778fefd3713df297353af8829fbcd5f	v12/fixtures/bench/dijkstra_heap_small/manifest.json
untracked	benchmark-fixture	reviewed-source	2	47	c5acf336220b60eb59c2e442bce2cfbf339440f8bb0e3973de263932b92e68bf	v12/fixtures/bench/dijkstra_heap_small/package.yml
untracked	benchmark-fixture	reviewed-source	39	718	a3dbd559b3ce02e6fa36658c8ae638018a48c993efa4e4f4a3a122b6aa7464f2	v12/fixtures/bench/future_fanout_i32_small/main.able
untracked	benchmark-fixture	reviewed-source	6	107	e6a61295095595014532699c70466cf807bfa7e5ff357eb94c26a6d93f82a124	v12/fixtures/bench/future_fanout_i32_small/manifest.json
untracked	benchmark-fixture	reviewed-source	2	51	0315a931473faa2dc0732f19ec50a0e82603b8aea060bd6606ef3d8ac595f336	v12/fixtures/bench/future_fanout_i32_small/package.yml
untracked	benchmark-fixture	reviewed-source	77	1788	232d14a32e55f9a496d0dc99cc8d4afc7c5eb8c50ecc681b7c2ff1fd6b368675	v12/fixtures/bench/graph_bfs_small/main.able
untracked	benchmark-fixture	reviewed-source	6	96	b0c053a6d17c7f8227ecea53d8bdd57cce232058988d23d845743e74fdbaacee	v12/fixtures/bench/graph_bfs_small/manifest.json
untracked	benchmark-fixture	reviewed-source	2	43	809465639cff2b0b55ca2f9f7d94b0396fabd87f530b858fc2e39cb07e5eee92	v12/fixtures/bench/graph_bfs_small/package.yml
untracked	benchmark-fixture	reviewed-source	47	954	7226eb6a40d3990028604b0e1f3b64ee58a5167677c7156a9325ec7ccee414c7	v12/fixtures/bench/hash_set_i32_small/main.able
untracked	benchmark-fixture	reviewed-source	6	99	794a067b50a3c64027c527a0ed1f2d615786aac21d4a8b2b23a7701241f04f3c	v12/fixtures/bench/hash_set_i32_small/manifest.json
untracked	benchmark-fixture	reviewed-source	2	46	e459806fc1d133ecf8574b48eba213d25953b8387efd7dd0c6da53ce4b9b5a98	v12/fixtures/bench/hash_set_i32_small/package.yml
untracked	benchmark-fixture	reviewed-source	28	569	8bcbe1a900f86a3d067984e6a06d80245c921957dcdd0451ee058eb6dd75e178	v12/fixtures/bench/i_before_e_small/main.able
untracked	benchmark-fixture	reviewed-source	6	74	459f6e438bae52a9bd3b084b937f76f039fde6d49b6aceae01c8006e9d1eb93d	v12/fixtures/bench/i_before_e_small/manifest.json
untracked	benchmark-fixture	reviewed-source	2	44	770a6dc51c3414d0a663b317a89081e8934dfdbf968538c8e8d89435923c9aec	v12/fixtures/bench/i_before_e_small/package.yml
untracked	benchmark-fixture	reviewed-source	916	9215	1fdf006e5ea9693da983c251d3225272413e2f41fdf5dd9afef1744566ff0a2c	v12/fixtures/bench/i_before_e_small/words.txt
untracked	benchmark-fixture	reviewed-source	24	643	adc27e88d3769bfd17a8fd5c1b1e7809423762fdf4fec7e9186c40240a730ead	v12/fixtures/bench/int128_accumulate_small/main.able
untracked	benchmark-fixture	reviewed-source	6	74	459f6e438bae52a9bd3b084b937f76f039fde6d49b6aceae01c8006e9d1eb93d	v12/fixtures/bench/int128_accumulate_small/manifest.json
untracked	benchmark-fixture	reviewed-source	2	51	d8dc94e99d5914ca9902c296b22bf908b08ccd5362809dfaef0468d218decbf2	v12/fixtures/bench/int128_accumulate_small/package.yml
untracked	benchmark-fixture	reviewed-source	36	703	0e2f72ee6bfc05dcd5d48df420c7ac7c246ad26a92b7d0de288212855709989d	v12/fixtures/bench/iterator_match_identifier_small/main.able
untracked	benchmark-fixture	reviewed-source	6	74	459f6e438bae52a9bd3b084b937f76f039fde6d49b6aceae01c8006e9d1eb93d	v12/fixtures/bench/iterator_match_identifier_small/manifest.json
untracked	benchmark-fixture	reviewed-source	2	59	7f0b1b3d4c88dd856c6d695eeaa59b545ace021dabe4617f27a7e84488df0c48	v12/fixtures/bench/iterator_match_identifier_small/package.yml
untracked	benchmark-fixture	reviewed-source	58	1135	a7868ee6b427e140bc6101836564d02b0f7f01ef69445867dbb5340c6f7d3774	v12/fixtures/bench/json_means_small/main.able
untracked	benchmark-fixture	reviewed-source	6	74	459f6e438bae52a9bd3b084b937f76f039fde6d49b6aceae01c8006e9d1eb93d	v12/fixtures/bench/json_means_small/manifest.json
untracked	benchmark-fixture	reviewed-source	2	44	fddb884f576f919bfc852d6128d73371ec9b8d62eadc38f50015e170cd2aa460	v12/fixtures/bench/json_means_small/package.yml
untracked	benchmark-fixture	reviewed-source	10	281	35320b442e3fecc130c0441352ecb19537a66ca29d66122bbf7d302300e904fa	v12/fixtures/bench/k_nucleotide_small/knucleotide-input.fasta
untracked	benchmark-fixture	reviewed-source	222	5125	5398848e57568d47340e3771466d36ab304651063796c7fbde148c58cea0657e	v12/fixtures/bench/k_nucleotide_small/main.able
untracked	benchmark-fixture	reviewed-source	6	74	459f6e438bae52a9bd3b084b937f76f039fde6d49b6aceae01c8006e9d1eb93d	v12/fixtures/bench/k_nucleotide_small/manifest.json
untracked	benchmark-fixture	reviewed-source	2	46	88ba78db6c7b5afd69e7288ff7067b50a8080a6eab5ee3d0fff9e44797b5cc03	v12/fixtures/bench/k_nucleotide_small/package.yml
untracked	benchmark-fixture	reviewed-source	69	1491	c90230258b96d6beb12b0c14313446258eeb585129db671ef00e60d5c605a194	v12/fixtures/bench/knapsack_i32_small/main.able
untracked	benchmark-fixture	reviewed-source	6	99	f85c069eb1cd969575b81768e4ced823b455cd342f925645ab4926a9814cd28e	v12/fixtures/bench/knapsack_i32_small/manifest.json
untracked	benchmark-fixture	reviewed-source	2	46	9fb86b435f830491fbda4b0dc94f1c2f26e2627b422a43803bf6649c2af44523	v12/fixtures/bench/knapsack_i32_small/package.yml
untracked	benchmark-fixture	reviewed-source	62	1277	2c33c61a084d0a9dcdee23ae43f14b977ac0e2361f89b976f54d5743cb59d641	v12/fixtures/bench/lazy_seq_cache_i32_small/main.able
untracked	benchmark-fixture	reviewed-source	6	74	459f6e438bae52a9bd3b084b937f76f039fde6d49b6aceae01c8006e9d1eb93d	v12/fixtures/bench/lazy_seq_cache_i32_small/manifest.json
untracked	benchmark-fixture	reviewed-source	2	52	2da485c3262154c4777e474a7436583e846b96a26b2195e26d1e8a51b4139d87	v12/fixtures/bench/lazy_seq_cache_i32_small/package.yml
untracked	benchmark-fixture	reviewed-source	38	748	6e0909eff82cfedf9b6ca56fd24a219a5219f99b33d02e05da54ecbf4cb8149d	v12/fixtures/bench/lazy_seq_take_i32_small/main.able
untracked	benchmark-fixture	reviewed-source	6	74	459f6e438bae52a9bd3b084b937f76f039fde6d49b6aceae01c8006e9d1eb93d	v12/fixtures/bench/lazy_seq_take_i32_small/manifest.json
untracked	benchmark-fixture	reviewed-source	2	51	4eb9a420f49ac4820dc56917e2aa154059caa589fc453df1ca89efd1b7d5c2a3	v12/fixtures/bench/lazy_seq_take_i32_small/package.yml
untracked	benchmark-fixture	reviewed-source	96	1924	d23035609149badfa5364a6bea23a5a4f84a2159b9fa5fad16849203f757bc02	v12/fixtures/bench/levenshtein_small/main.able
untracked	benchmark-fixture	reviewed-source	6	107	1ea97be02e0c930e34f5f7aa4bcd4c751d9493074466b73f7e2be27169677f5d	v12/fixtures/bench/levenshtein_small/manifest.json
untracked	benchmark-fixture	reviewed-source	2	45	e270b3e721d6d0d7eb0a225d3e9ccbdafe048913ac5516201145f70046b71f2e	v12/fixtures/bench/levenshtein_small/package.yml
untracked	benchmark-fixture	reviewed-source	35	647	b52cc5fb666d25df1e07af1bc1e1f2bc7fab357b445dd7b7da5a430c8590522d	v12/fixtures/bench/list_i32_small/main.able
untracked	benchmark-fixture	reviewed-source	6	74	459f6e438bae52a9bd3b084b937f76f039fde6d49b6aceae01c8006e9d1eb93d	v12/fixtures/bench/list_i32_small/manifest.json
untracked	benchmark-fixture	reviewed-source	2	42	b0fec608b1cc4d683700a7b5dc59b90fa8334a27d8b698c43469a66af9a36ba4	v12/fixtures/bench/list_i32_small/package.yml
untracked	benchmark-fixture	reviewed-source	66	1268	b0951e99a47fabedcb82cf20712cedfc539a9e3248848fae4e28829601564161	v12/fixtures/bench/mandelbrot_small/main.able
untracked	benchmark-fixture	reviewed-source	6	74	459f6e438bae52a9bd3b084b937f76f039fde6d49b6aceae01c8006e9d1eb93d	v12/fixtures/bench/mandelbrot_small/manifest.json
untracked	benchmark-fixture	reviewed-source	2	44	bd34428a090271dae31878b7335a8bf5a4a032da5211559d2df76fc03dd45d2f	v12/fixtures/bench/mandelbrot_small/package.yml
untracked	benchmark-fixture	reviewed-source	41	807	ebb2ca35010be724462c135a252beca3151b01f2858cac580c981fd4c7a04e08	v12/fixtures/bench/md5_hex_small/main.able
untracked	benchmark-fixture	reviewed-source	6	74	459f6e438bae52a9bd3b084b937f76f039fde6d49b6aceae01c8006e9d1eb93d	v12/fixtures/bench/md5_hex_small/manifest.json
untracked	benchmark-fixture	reviewed-source	2	41	67aa960f8ec32e061bc94dcefdf8199afeba5275729537f104ea001c5a4021b1	v12/fixtures/bench/md5_hex_small/package.yml
untracked	benchmark-fixture	reviewed-source	32	742	d9dfc4ff9d70977d2dcd5b7e6adb0275acde5d89fefd2b59ad78aa23ce79976e	v12/fixtures/bench/monte_carlo_pi_small/main.able
untracked	benchmark-fixture	reviewed-source	6	74	459f6e438bae52a9bd3b084b937f76f039fde6d49b6aceae01c8006e9d1eb93d	v12/fixtures/bench/monte_carlo_pi_small/manifest.json
untracked	benchmark-fixture	reviewed-source	2	48	942e30374c4b0123813bfc38e2851a106407cc26c8ec87812744e7c17b724a59	v12/fixtures/bench/monte_carlo_pi_small/package.yml
untracked	benchmark-fixture	reviewed-source	31	569	7bc62a768496b824ed2839c535ed291f17d100d6e1cae5907e2cfe250de54e1e	v12/fixtures/bench/mutex_counter_i32_small/main.able
untracked	benchmark-fixture	reviewed-source	6	74	459f6e438bae52a9bd3b084b937f76f039fde6d49b6aceae01c8006e9d1eb93d	v12/fixtures/bench/mutex_counter_i32_small/manifest.json
untracked	benchmark-fixture	reviewed-source	2	51	f115564b0901bf85e251ecb44e528d02a10c7129950880cbab2b40aeac6e4856	v12/fixtures/bench/mutex_counter_i32_small/package.yml
untracked	benchmark-fixture	reviewed-source	155	4177	f453506d4561a7a9f72fa3642212ff17cf4ae738bec0087cedee229982986fbb	v12/fixtures/bench/nbody_small/main.able
untracked	benchmark-fixture	reviewed-source	6	74	459f6e438bae52a9bd3b084b937f76f039fde6d49b6aceae01c8006e9d1eb93d	v12/fixtures/bench/nbody_small/manifest.json
untracked	benchmark-fixture	reviewed-source	2	39	bc4b8891c151c7e5fb753592f184da3324a73f17e721116f1429920c0521b741	v12/fixtures/bench/nbody_small/package.yml
untracked	benchmark-fixture	reviewed-source	25	552	6657584103ba8b7f9627cac856c726fb09c6598b3996f723b448374a18256d71	v12/fixtures/bench/nominal_recurrence_small/main.able
untracked	benchmark-fixture	reviewed-source	7	155	923edc7a30a64e0a382a8a20c1a4019c9b7674f52c7a9456e2c30ab5b0608a9e	v12/fixtures/bench/nominal_recurrence_small/manifest.json
untracked	benchmark-fixture	reviewed-source	2	52	9da66cbe419d2918ef3e129428fab3027685ce57d1590d99386b4cc275acbe81	v12/fixtures/bench/nominal_recurrence_small/package.yml
untracked	benchmark-fixture	reviewed-source	53	1297	6e4260e85515a13f40fa6035d9ee209cbaa1bcaeb28d49f78ca2e72fa777e53b	v12/fixtures/bench/persistent_map_i32_small/main.able
untracked	benchmark-fixture	reviewed-source	6	99	8b97b8e0541227f42e6dbbd6e5a4b2f2e555efde4b9274a4431569e5ab67fba1	v12/fixtures/bench/persistent_map_i32_small/manifest.json
untracked	benchmark-fixture	reviewed-source	2	52	a20527b6d81041771cb8378cdc44b9dad46d1fea28b9f9bd0392543a56d7a788	v12/fixtures/bench/persistent_map_i32_small/package.yml
untracked	benchmark-fixture	reviewed-source	57	1438	10bbeea1d3f336cacaafac689dfa0c0a9c51f81c9d0de6a1991dca8f0b2ce2aa	v12/fixtures/bench/persistent_map_string_small/main.able
untracked	benchmark-fixture	reviewed-source	6	92	18d7fd2e5ca95627549fa11fc1f0ee05f5414cfae9fb250fdf1e1c5c399c4f0d	v12/fixtures/bench/persistent_map_string_small/manifest.json
untracked	benchmark-fixture	reviewed-source	2	55	9860f1cb7a1ce497151de0c01e1328c351ba154175ede4a9a2355e8e68701bcd	v12/fixtures/bench/persistent_map_string_small/package.yml
untracked	benchmark-fixture	reviewed-source	42	910	662054807138c70e7b84daac772a1ac2108bcc859d31fe3d2b696dc81c38a40f	v12/fixtures/bench/persistent_queue_i32_small/main.able
untracked	benchmark-fixture	reviewed-source	6	83	fd2d254b57172361fc02293f19291dd24ad2b655d31ca1eea511bdb60fed9a06	v12/fixtures/bench/persistent_queue_i32_small/manifest.json
untracked	benchmark-fixture	reviewed-source	2	54	1969da24d85abb35d7672ad768a63c9bbe2d9443eae102ae44ca0b8363e1d26f	v12/fixtures/bench/persistent_queue_i32_small/package.yml
untracked	benchmark-fixture	reviewed-source	43	1086	e5179643857ffa19c7b67f2bc84824ef395ed6b8d5c7ef174693556733b83700	v12/fixtures/bench/persistent_set_i32_small/main.able
untracked	benchmark-fixture	reviewed-source	6	113	97c29b492e01df5e1c41584856e64d99e9739dbb14828aa218ac3c5698907182	v12/fixtures/bench/persistent_set_i32_small/manifest.json
untracked	benchmark-fixture	reviewed-source	2	52	bc8bdb93ef98b8ec4f6157474b592d34c70e66976b931fd4f908e45bfac09c1d	v12/fixtures/bench/persistent_set_i32_small/package.yml
untracked	benchmark-fixture	reviewed-source	58	1343	046909960765ea9c3fe369ffe7695d47612138dd6bacd1c4ec2f9ac94cdadf80	v12/fixtures/bench/persistent_sorted_set_i32_small/main.able
untracked	benchmark-fixture	reviewed-source	6	107	0488868eed3ad6442875d499de6e4e73172cd61786b70e6e4c19b9674d7da9ab	v12/fixtures/bench/persistent_sorted_set_i32_small/manifest.json
untracked	benchmark-fixture	reviewed-source	2	59	2212f7ca949a7809e88a12440f672509fa1ebb507838f918f8b339dd4d8d6479	v12/fixtures/bench/persistent_sorted_set_i32_small/package.yml
untracked	benchmark-fixture	reviewed-source	139	2655	86854f7fd2dc66669e695314000fa66808d42fefe1b6e22115a8b091079d0120	v12/fixtures/bench/pidigits_small/main.able
untracked	benchmark-fixture	reviewed-source	6	74	459f6e438bae52a9bd3b084b937f76f039fde6d49b6aceae01c8006e9d1eb93d	v12/fixtures/bench/pidigits_small/manifest.json
untracked	benchmark-fixture	reviewed-source	2	42	dd882642b4a1addd3e35c292a5458c0c2caa4956ef844d25c1c01c41adf0b8ef	v12/fixtures/bench/pidigits_small/package.yml
untracked	benchmark-fixture	reviewed-source	40	782	2b5ff4fca62e91211769ad726f5a1cca0ccf40184b10efcf69ca6dd53d806f8f	v12/fixtures/bench/queue_i32_small/main.able
untracked	benchmark-fixture	reviewed-source	6	94	976b50a36ae2702aad22efea2575c0bb14bc8fdc76d2b0342dd6b28374becb33	v12/fixtures/bench/queue_i32_small/manifest.json
untracked	benchmark-fixture	reviewed-source	2	43	78f2aba2c6b1d0ad275d83ff23137abb9d8bfcf7c0928ae9cdb80a642f167eff	v12/fixtures/bench/queue_i32_small/package.yml
untracked	benchmark-fixture	reviewed-source	89	1873	2e40f4a3dbeb15c5dfe5b665aba2bba9a4448b177cdf5f8298bc774099081d15	v12/fixtures/bench/quicksort_file_small/main.able
untracked	benchmark-fixture	reviewed-source	6	74	459f6e438bae52a9bd3b084b937f76f039fde6d49b6aceae01c8006e9d1eb93d	v12/fixtures/bench/quicksort_file_small/manifest.json
untracked	benchmark-fixture	reviewed-source	1	5386	45796fddf013815dda7c523e6bacfcd33f56a354804513b050917b8761c9172e	v12/fixtures/bench/quicksort_file_small/numbers.txt
untracked	benchmark-fixture	reviewed-source	2	48	1fc2ca727fffd5b1b97cdb9719084502dda0d156bb72eee1c3fd71e59b23cc57	v12/fixtures/bench/quicksort_file_small/package.yml
untracked	benchmark-fixture	reviewed-source	18	353	43f5f1357ac72df6970a5826d3f80ebb389389913da5a4b62d5bb4900edb76b3	v12/fixtures/bench/random_lcg_i64_small/main.able
untracked	benchmark-fixture	reviewed-source	6	74	459f6e438bae52a9bd3b084b937f76f039fde6d49b6aceae01c8006e9d1eb93d	v12/fixtures/bench/random_lcg_i64_small/manifest.json
untracked	benchmark-fixture	reviewed-source	2	48	f2fa21ee90aa85cd45c3c1209c8184bf52ab38ef2dbd0b906c10946549a47034	v12/fixtures/bench/random_lcg_i64_small/package.yml
untracked	benchmark-fixture	reviewed-source	17	456	167e3bfb5eb9f53700e5edc90e8085bd1ddc13bcaa801a67f70f46a172bbbf4b	v12/fixtures/bench/rational_series_small/main.able
untracked	benchmark-fixture	reviewed-source	6	74	459f6e438bae52a9bd3b084b937f76f039fde6d49b6aceae01c8006e9d1eb93d	v12/fixtures/bench/rational_series_small/manifest.json
untracked	benchmark-fixture	reviewed-source	2	49	452bad2d833f6f1fb7b025df5697346a7717ee00810c8e81c915df3bd565ffbe	v12/fixtures/bench/rational_series_small/package.yml
untracked	benchmark-fixture	reviewed-source	72	1583	bdb0625b4885de8fbe70e07c95ad29631cce9ed4670a272de5bc3f08330d2660	v12/fixtures/bench/regex_is_match_small/main.able
untracked	benchmark-fixture	reviewed-source	6	91	ed3b4951477f0e3856a71e56b7893434a170f4de5e0cb03c305e098dd6d232f1	v12/fixtures/bench/regex_is_match_small/manifest.json
untracked	benchmark-fixture	reviewed-source	2	48	909dfc650021334a325858cd6d474a36a4b0ea535bb8404774afa6966b729361	v12/fixtures/bench/regex_is_match_small/package.yml
untracked	benchmark-fixture	reviewed-source	124	3269	b232d4185f0e14cd0d7b9e6fd91cd6d483258461cecaa5a92beebcc6e43333bc	v12/fixtures/bench/reverse_complement_small/main.able
untracked	benchmark-fixture	reviewed-source	6	74	459f6e438bae52a9bd3b084b937f76f039fde6d49b6aceae01c8006e9d1eb93d	v12/fixtures/bench/reverse_complement_small/manifest.json
untracked	benchmark-fixture	reviewed-source	2	52	0550409ee4a0dadb72bd66a7dfdc01e35d5b4dac861b19fb6379935b97314446	v12/fixtures/bench/reverse_complement_small/package.yml
untracked	benchmark-fixture	reviewed-source	9	252	513cfae7c7c00da77c06e709e9e7c7fc544f13934074e87dd142933e9bd981df	v12/fixtures/bench/reverse_complement_small/reverse-complement-input.fasta
untracked	benchmark-fixture	reviewed-source	78	1694	03d42e60a6b4718534d365850d879c4f5c31563d6701c75ef2b84c435c23a0c4	v12/fixtures/bench/run_length_encode_small/main.able
untracked	benchmark-fixture	reviewed-source	6	106	8e92465a03593d692a608f538c71117a5fafc3ba0ee65b821f90fc674ce48afe	v12/fixtures/bench/run_length_encode_small/manifest.json
untracked	benchmark-fixture	reviewed-source	2	51	da100d726d07371dbbf946b7f17f30f6bc156e6210cff000440ae1e1eb2bedd8	v12/fixtures/bench/run_length_encode_small/package.yml
untracked	benchmark-fixture	reviewed-source	56	1295	02bd1d742a5395dff7f95c2d554e0fd7aa5f47fb36aceb94a56c1c0bebcd64c2	v12/fixtures/bench/string_builder_small/main.able
untracked	benchmark-fixture	reviewed-source	6	94	362b28c34bfed29f0548fcb352e0b55cf07f0392c9b2dbc06f860cfe424c5c00	v12/fixtures/bench/string_builder_small/manifest.json
untracked	benchmark-fixture	reviewed-source	2	48	9a94e13d4680191c936b6c89ea522da9e26b903dfafca1e98b5a873c9acdd1ee	v12/fixtures/bench/string_builder_small/package.yml
untracked	benchmark-fixture	reviewed-source	46	985	da5994f5e0881447ab3be31fa9bace92d9304326bcd666fcc53e370aba0eb82f	v12/fixtures/bench/string_contains_small/main.able
untracked	benchmark-fixture	reviewed-source	6	94	9119f31e51c25e57afd1e5187d1455d0bc94892efc0cac669421a1a3f5ebf480	v12/fixtures/bench/string_contains_small/manifest.json
untracked	benchmark-fixture	reviewed-source	2	49	b859bc41b9a7499f546d0d3d062f9ff3d506ad998a95fe14ccf4ce876ffa0a5b	v12/fixtures/bench/string_contains_small/package.yml
untracked	benchmark-fixture	reviewed-source	46	1001	0f371d0a4cac8eb8fff32ff894a61d4cf9fa5755f3dc2cf1a1c70c312c2f4ab8	v12/fixtures/bench/string_split_join_small/main.able
untracked	benchmark-fixture	reviewed-source	6	88	66b1e408dab94705c978115fc2290d4fc333266260f73a98a23ad7679be5384d	v12/fixtures/bench/string_split_join_small/manifest.json
untracked	benchmark-fixture	reviewed-source	2	51	ae61d48dfabd7ea24f5b61dfedfa8ec1d3cefd4b4626a9edf491bc322ef08bd5	v12/fixtures/bench/string_split_join_small/package.yml
untracked	benchmark-fixture	reviewed-source	132	2587	d33f3aa3bcc31093a289b803f5d05c78ba58ac32d2b6a8842510afedfd648a0a	v12/fixtures/bench/sudoku_file_small/main.able
untracked	benchmark-fixture	reviewed-source	6	74	459f6e438bae52a9bd3b084b937f76f039fde6d49b6aceae01c8006e9d1eb93d	v12/fixtures/bench/sudoku_file_small/manifest.json
untracked	benchmark-fixture	reviewed-source	2	45	7ed9b6def5499cfd89023cf9b1906bd1e11feacc8eed8347ab68d08a67a927ea	v12/fixtures/bench/sudoku_file_small/package.yml
untracked	benchmark-fixture	reviewed-source	50	4100	d4473ea0597c590fe9275dbdbbe9a910c827415aae792c0cf17e99679d33eb5a	v12/fixtures/bench/sudoku_file_small/sudoku.txt
untracked	benchmark-fixture	reviewed-source	1	77	d1be4930c570b907a97bbf880697205cd18594db29a93f58f0ecf50101c77844	v12/fixtures/bench/tapelang_small/benchmark.tape
untracked	benchmark-fixture	reviewed-source	178	4085	583279a9e4900dc11f130a0fd610e1358e66a90088fa47f9daba96056721833b	v12/fixtures/bench/tapelang_small/main.able
untracked	benchmark-fixture	reviewed-source	6	74	459f6e438bae52a9bd3b084b937f76f039fde6d49b6aceae01c8006e9d1eb93d	v12/fixtures/bench/tapelang_small/manifest.json
untracked	benchmark-fixture	reviewed-source	2	42	74b4179d0fd76b9c301d6f5755a83d97c5a9fa10d27a5019e1b502ff77b20ed9	v12/fixtures/bench/tapelang_small/package.yml
untracked	benchmark-fixture	reviewed-source	96	2121	f1dffad83928945df1c7dd69e050043a00b8c0d469d9bc59c56a14d25bba605f	v12/fixtures/bench/toposort_small/main.able
untracked	benchmark-fixture	reviewed-source	6	104	681a879b61b7b30d875688e740a3755f2c726149da863193ff1732bfc69145e9	v12/fixtures/bench/toposort_small/manifest.json
untracked	benchmark-fixture	reviewed-source	2	42	6ad2ee08c271625088c6279c7deaafe40ecf9a573c70104d89570de73214d7d8	v12/fixtures/bench/toposort_small/package.yml
untracked	benchmark-fixture	reviewed-source	53	1147	6a35aabea3edd7104ff999254cd8f3ad5e3156aa060fca41e8f8e0b03cca3d19	v12/fixtures/bench/tree_map_i32_small/main.able
untracked	benchmark-fixture	reviewed-source	6	105	4659490df419dfb7708af87a2521523d8b2e82ed0b0caabe9edaef3b97abe5b5	v12/fixtures/bench/tree_map_i32_small/manifest.json
untracked	benchmark-fixture	reviewed-source	2	46	e9fc1908538fd6c531103973222ba579c58e3044db3e81ee902dd9d98bc2f9d5	v12/fixtures/bench/tree_map_i32_small/package.yml
untracked	benchmark-fixture	reviewed-source	46	938	e115b06485e2bffd28eaedcff509ee4d2129cf0429c59b108834b5baf1f671cf	v12/fixtures/bench/tree_set_i32_small/main.able
untracked	benchmark-fixture	reviewed-source	6	99	3b207ca10a91c0305e8b06bca05e294d9e2d1bcace80ea5598b7ff0e2fa0a081	v12/fixtures/bench/tree_set_i32_small/manifest.json
untracked	benchmark-fixture	reviewed-source	2	46	7ca56d2ee98950edfbee14c77857b88b7921870ecfa98e9631858513c547c7b8	v12/fixtures/bench/tree_set_i32_small/package.yml
untracked	benchmark-fixture	reviewed-source	24	636	bb4e0dfedc031b9c0db11d94cb54402665cbdd37172b8cd2d896d693e6cd51ad	v12/fixtures/bench/uint128_accumulate_small/main.able
untracked	benchmark-fixture	reviewed-source	6	74	459f6e438bae52a9bd3b084b937f76f039fde6d49b6aceae01c8006e9d1eb93d	v12/fixtures/bench/uint128_accumulate_small/manifest.json
untracked	benchmark-fixture	reviewed-source	2	52	f47b65e7bec3a66ad818e88b863de6539ac30188ea57bce1455067383093d8c6	v12/fixtures/bench/uint128_accumulate_small/package.yml
untracked	benchmark-fixture	reviewed-source	87	1720	ef577615faa7eff9486521c34f768781f5c58ce7b2ded95763ec1c18e59f43ed	v12/fixtures/bench/union_find_small/main.able
untracked	benchmark-fixture	reviewed-source	6	94	ba265e99fe423ebd5351fe4e3e83995212ce575c227cbb06b504cd3f54cc1e15	v12/fixtures/bench/union_find_small/manifest.json
untracked	benchmark-fixture	reviewed-source	2	44	9ae4487b4be76d3ba2749b71da57fb25dd794dec9393368e63f49418446d3c77	v12/fixtures/bench/union_find_small/package.yml
untracked	benchmark-fixture	reviewed-source	43	862	0815d28f9d07312babee9b583647f76b73a0854274419e91b72ca55d07b7f8e1	v12/fixtures/bench/vector_i32_small/main.able
untracked	benchmark-fixture	reviewed-source	6	96	216b96ad2b7edc74ef245d91acf020742bf2fc1c1254d878b89c6eff29675e01	v12/fixtures/bench/vector_i32_small/manifest.json
untracked	benchmark-fixture	reviewed-source	2	44	c2f8dd27c276a19fbbb1ddbf788cae9fc25be42a637de95caf3fad78420c6397	v12/fixtures/bench/vector_i32_small/package.yml
untracked	benchmark-fixture	reviewed-source	100	2109	c2d54db53b3811cb7b8976cbffcd149d219e3d3332dc73236e89f602c6d4d886	v12/fixtures/bench/word_count_small/main.able
untracked	benchmark-fixture	reviewed-source	6	115	c3d2fd5832c45d37273e9654b7437549de267c8d2bb9c07d26ccab76da783d12	v12/fixtures/bench/word_count_small/manifest.json
untracked	benchmark-fixture	reviewed-source	2	44	2b2df4b896faa78f5055f82afeab382da81d73cd6cf710258348c8bf4bde7565	v12/fixtures/bench/word_count_small/package.yml
tracked-modified	manual-documentation	reviewed-documentation	111	7906	32a5a3bd6fb9232b22d974f0e1ff9238c8de60af789f99e4f92e4672de7bb90b	v12/interpreters/go/README.md
tracked-modified	shared-kernel-source	reviewed-source	796	26960	e126225c3064348d49229baab2a6987bc4c77e85b4a67ad6778f726d734d50e0	v12/kernel/src/kernel.able
tracked-modified	release-tooling	reviewed-source	381	12737	d6ba1a53a2be5b26ea392512fc04e4efbfd0cdfac2d67d72b383e1312030ea53	v12/run_all_tests.sh
