state	family	disposition	lines	bytes	sha256	path
untracked	raw-performance-evidence	archive-raw	294	9486	29c8062a314817f478139d501f30f1fa3f1d3c80eb2ff727bba220348f084894	v12/docs/perf-baselines/2026-07-19-post-active-lookup-scorecard-generality-bytecode-01-status.json
untracked	supporting-performance-report	archive-supporting	16	1145	14cf74f2b6860c3852496eb5897b7fb2fa78912e225a3faf593aafe8f8a015fa	v12/docs/perf-baselines/2026-07-19-post-active-lookup-scorecard-generality-bytecode-01-status.md
untracked	raw-performance-evidence	archive-raw	248	8057	4c683e75acc49c77c10952f55b320e2152dbc70da2edf33d34a27ef3c9dbe09e	v12/docs/perf-baselines/2026-07-19-post-active-lookup-scorecard-generality-bytecode-02-status.json
untracked	supporting-performance-report	archive-supporting	15	919	2641b70de21151c10d78ab8035273111bb03d9fe069dbf5f387bb81b683db55f	v12/docs/perf-baselines/2026-07-19-post-active-lookup-scorecard-generality-bytecode-02-status.md
untracked	raw-performance-evidence	archive-raw	663	22674	c73c9dae74b71eb03a38a68d08a5cfc88a96c3c911617ad53ffc391f5b8b92cd	v12/docs/perf-baselines/2026-07-19-post-active-lookup-scorecard-generality-bytecode-03-selected.json
untracked	supporting-performance-report	archive-supporting	16	1207	b2f5fc8d60c57447bd8fbf6b17b14c5891e0646f0bb9386d9068fa3f82f382ad	v12/docs/perf-baselines/2026-07-19-post-active-lookup-scorecard-generality-bytecode-03-selected.md
untracked	raw-performance-evidence	archive-raw	657	22548	782b673205abf60c8d01ed7b565b09d1dde338b959328c628381ffdd9b95c382	v12/docs/perf-baselines/2026-07-19-post-active-lookup-scorecard-generality-bytecode-04-selected.json
untracked	supporting-performance-report	archive-supporting	16	1232	c77917851e4b84ba933f792fb73963d4f5f5cb8d92a7ee6743032dcd63f3a06b	v12/docs/perf-baselines/2026-07-19-post-active-lookup-scorecard-generality-bytecode-04-selected.md
untracked	raw-performance-evidence	archive-raw	671	23302	f689290263dcbd2f0d3ce48e1109e156daef7c256a55f6d17df8620555554356	v12/docs/perf-baselines/2026-07-19-post-active-lookup-scorecard-generality-bytecode-05-selected.json
untracked	supporting-performance-report	archive-supporting	16	1266	adad325ecbc7da6451d9df932a64a1564ba4864c95429c64eb94da97bd219f96	v12/docs/perf-baselines/2026-07-19-post-active-lookup-scorecard-generality-bytecode-05-selected.md
untracked	raw-performance-evidence	archive-raw	207	6591	4f1f72b3e7e165d082338d4851b6c284c3ca2a5b006d8cf7ebe46d1a9b442b9d	v12/docs/perf-baselines/2026-07-19-post-active-lookup-scorecard-generality-bytecode-06-status.json
untracked	supporting-performance-report	archive-supporting	15	911	ab0b6ccd6b98a1e22bb83a6cf7ef1b2f494b22bdbc7fcc89ce9afd24dad8e1bc	v12/docs/perf-baselines/2026-07-19-post-active-lookup-scorecard-generality-bytecode-06-status.md
untracked	raw-performance-evidence	archive-raw	444	15213	5efb7803aa8528285b2bcee06658db906e810e3163e2feaefdee02933e6f3e17	v12/docs/perf-baselines/2026-07-19-post-active-lookup-scorecard-generality-bytecode-07-selected.json
untracked	supporting-performance-report	archive-supporting	15	1057	f3af540e6f66e3370a14e7bf78fdc802c45bd8d2d0ac3e8351c5da49ecc336a8	v12/docs/perf-baselines/2026-07-19-post-active-lookup-scorecard-generality-bytecode-07-selected.md
untracked	raw-performance-evidence	archive-raw	512	17190	e0783d9f0dd677e100a7ff76bdafb7f0162cf9f3e79b0c4f8dacf320af720e8e	v12/docs/perf-baselines/2026-07-19-post-active-lookup-scorecard-generality-compiled-01-selected.json
untracked	supporting-performance-report	archive-supporting	16	1089	eb4f6d264390e47cc1eb26b869ee72039deda5a0060a369bd68e66b55bc69c73	v12/docs/perf-baselines/2026-07-19-post-active-lookup-scorecard-generality-compiled-01-selected.md
untracked	raw-performance-evidence	archive-raw	347	11645	43d72462d55f89ee3be1c7f967c0c1c78bd05ce1e68afd546eb70a3ded876eb3	v12/docs/perf-baselines/2026-07-19-post-active-lookup-scorecard-generality-compiled-02-selected.json
untracked	supporting-performance-report	archive-supporting	15	935	a25d6c3540a4c08de1f613dd8137e264e2cff3e3f8fcde8fcc173aacab8ba1ec	v12/docs/perf-baselines/2026-07-19-post-active-lookup-scorecard-generality-compiled-02-selected.md
untracked	raw-performance-evidence	archive-raw	518	17363	0863d96897de7302172aa33406a87743c30b25a822f8848e8a9e5ef1c71e5564	v12/docs/perf-baselines/2026-07-19-post-active-lookup-scorecard-generality-compiled-03-selected.json
untracked	supporting-performance-report	archive-supporting	16	1071	b130085118c4cfbf885b3931304154baa9e90a8d0afb82b3baf5d07a618c6f54	v12/docs/perf-baselines/2026-07-19-post-active-lookup-scorecard-generality-compiled-03-selected.md
untracked	raw-performance-evidence	archive-raw	512	17203	bce39c6e6364fbe52f86b59527f1474ea7de9ef69836e4e5667cab21644221d9	v12/docs/perf-baselines/2026-07-19-post-active-lookup-scorecard-generality-compiled-04-selected.json
untracked	supporting-performance-report	archive-supporting	16	1095	ef8d7a296953896924b2f534eee74751ded393e2dcf5102f324703d8c836aa6a	v12/docs/perf-baselines/2026-07-19-post-active-lookup-scorecard-generality-compiled-04-selected.md
untracked	raw-performance-evidence	archive-raw	526	17931	5f02ff2a36790e58c4e8951e0c9507ed24d3b94a3e6a6a31c2246276d317aa35	v12/docs/perf-baselines/2026-07-19-post-active-lookup-scorecard-generality-compiled-05-selected.json
untracked	supporting-performance-report	archive-supporting	16	1125	b148aea7c1ce3c25c9e9885be15f7a3120255d3171cc0dfe060038babcea89d7	v12/docs/perf-baselines/2026-07-19-post-active-lookup-scorecard-generality-compiled-05-selected.md
untracked	raw-performance-evidence	archive-raw	355	11919	345dfddf3d77a3130a0be65af89d6829860db5b8680c48e5dea48e8a803b4eca	v12/docs/perf-baselines/2026-07-19-post-active-lookup-scorecard-generality-compiled-06-selected.json
untracked	supporting-performance-report	archive-supporting	15	936	75be73d64ee83dfd0ab78f4b61aa6fa95a57e6c78608a9ff988812a77f4967ad	v12/docs/perf-baselines/2026-07-19-post-active-lookup-scorecard-generality-compiled-06-selected.md
untracked	raw-performance-evidence	archive-raw	347	11643	fb6b468a5538b30603c7d5d6e08e91ad19d95450da7e60da37abb8da0c94a112	v12/docs/perf-baselines/2026-07-19-post-active-lookup-scorecard-generality-compiled-07-selected.json
untracked	supporting-performance-report	archive-supporting	15	938	63ebd6e8145196b9f3ae4be1fdc170aacb71276ce3363b4c3ed8ac90ec0606a6	v12/docs/perf-baselines/2026-07-19-post-active-lookup-scorecard-generality-compiled-07-selected.md
untracked	raw-performance-evidence	archive-raw	952	30730	ab4497c134a3090d55a1b23856b7be2e6548cdc57a5671548c5abd1d4d477257	v12/docs/perf-baselines/2026-07-19-post-active-lookup-scorecard-generality-go-reference.json
untracked	supporting-performance-report	archive-supporting	29	4250	18b25513a6936e4832083695ebfee5dde76deff1019dfc51e3e0c1bfea309242	v12/docs/perf-baselines/2026-07-19-post-active-lookup-scorecard-generality-go-reference.md
untracked	raw-performance-evidence	archive-raw	1	28534	eec25e63bee974c724b9830585f1a6bead04bf6142a61d14e7706fe57b00799e	v12/docs/perf-baselines/2026-07-19-post-active-lookup-scorecard-generality-interpreter-reference-selected.json
untracked	supporting-performance-report	archive-supporting	34	5945	8eb68320e5a97ab2c8fa741f8c8a6f606371e59350d3f81abfc8999ec9d7e1f3	v12/docs/perf-baselines/2026-07-19-post-active-lookup-scorecard-generality-interpreter-reference-selected.md
untracked	raw-performance-evidence	archive-raw	447	13598	b6b56274f574fcdaf7a8201987de1aa9d57a7f6ad7a6b11bb072668bb1b7d41b	v12/docs/perf-baselines/2026-07-19-post-active-lookup-scorecard-generality-interpreter-reference-status.json
untracked	supporting-performance-report	archive-supporting	26	3275	a4c95af6ee7a9ed1457b50b8ed365725803bb8e58e82b8533f9dd13f7818c968	v12/docs/perf-baselines/2026-07-19-post-active-lookup-scorecard-generality-interpreter-reference-status.md
untracked	supporting-performance-report	archive-supporting	112	6235	02d8a2c959fd6cc735c694d8243a891d2e13bb01c840bd4dbada6615bdc95c1e	v12/docs/perf-baselines/2026-07-19-post-active-lookup-scorecard-reconciliation.md
untracked	raw-performance-evidence	archive-raw	86	119926	c64ced005eb8ca3683b49434cbd86bc9ebb712405cd8c93c832e0e9412ad978f	v12/docs/perf-baselines/2026-07-19-post-active-lookup-scorecard-refresh.json
untracked	supporting-performance-report	archive-supporting	134	13990	d233affd4cc947306211b53cfce5b3465bb7b4fd6382265e0a82fc1fe4c4dadc	v12/docs/perf-baselines/2026-07-19-post-active-lookup-scorecard-refresh.md
untracked	raw-performance-evidence	archive-raw	8	272	8c918dff5ca148a5ef9e7e139807b3a3a7986779ce2903dd4b4387b50fa26d5f	v12/docs/perf-baselines/2026-07-19-post-active-lookup-scorecard-stdlib-source-state.json
untracked	raw-performance-evidence	archive-raw	1	108826	673c76010348ac33d210ad28394878ef610dd2b5536b9510657f087c006253e5	v12/docs/perf-baselines/2026-07-19-post-active-lookup-scorecard-variance.json
untracked	supporting-performance-report	archive-supporting	79	18041	e700dd25bf444522aca551bab4f9bf4ab1e0d785e424b3615941efb7b5626db1	v12/docs/perf-baselines/2026-07-19-post-active-lookup-scorecard-variance.md
untracked	raw-performance-evidence	archive-raw	12425	392763	f64da2b564141aaee2cfd595fcc3f0fc04509e0535c791fc828da8b9b116834d	v12/docs/perf-baselines/2026-07-20-bytecode-audit-current.json
untracked	supporting-performance-report	archive-supporting	148	11679	3a6eaac957ef3a42f7ba415878d9932bbfb625645f5138843dbfacae19fb1fc6	v12/docs/perf-baselines/2026-07-20-bytecode-audit-current.md
untracked	supporting-performance-report	archive-supporting	139	7079	8465e0f99cd1e3d776d06f3bdc55b93382d45f9c6ba1193913c98f31d00254e0	v12/docs/perf-baselines/2026-07-20-bytecode-byte-output-current-profile-gate.md
untracked	supporting-performance-report	archive-supporting	150	7632	694cb883657225901158494e2a000d4b0040db5c609c8bb2b78029624fa34fda	v12/docs/perf-baselines/2026-07-20-bytecode-concurrency-current-profile-gate.md
untracked	supporting-performance-report	archive-supporting	143	7410	0ec8619477582d23e79c8313bcb4a2bea29cd1b94ead4a18aa526d7c56988274	v12/docs/perf-baselines/2026-07-20-compiled-byte-output-current-profile-gate.md
untracked	supporting-performance-report	archive-supporting	152	7811	7d09549e46d134f749415d04ce39f613a5b101bf637834b02e2a9c06eef4f996	v12/docs/perf-baselines/2026-07-20-compiled-control-current-invalidation-gate.md
untracked	supporting-performance-report	archive-supporting	147	7793	271bbf9c0091ca1e824ea34a681607ae0e902637b8d6e47a92d2870ac6729fa9	v12/docs/perf-baselines/2026-07-20-compiled-quotient-only-ownership-census.md
untracked	supporting-performance-report	archive-supporting	127	6349	4606fd350bf3854d3d2ae4033edb8add2333d67032e394407527f83e7df2fcc7	v12/docs/perf-baselines/2026-07-20-compiled-sudoku-integer-quotient-reconciliation.md
untracked	supporting-performance-report	archive-supporting	140	7114	785608091e9ee904483cadfc873d5635cbd17c604b4ffc497aaf5b7554f08e72	v12/docs/perf-baselines/2026-07-20-concurrent-event-routing-application-gate.md
untracked	raw-performance-evidence	archive-raw	413	14354	8877320503b822f77119f5bd5f7a256a5a5d17bf0331fce9a5028149324928cf	v12/docs/perf-baselines/2026-07-20-concurrent-event-routing-baseline.json
untracked	supporting-performance-report	archive-supporting	16	1268	27e7a15c39ad24c461ee7eae164c13d4f08816dfcf48c2e95d7b7eead56bf35b	v12/docs/perf-baselines/2026-07-20-concurrent-event-routing-baseline.md
untracked	raw-performance-evidence	archive-raw	64	2000	68c2d3bcbc06dac6e6604fb19611aefa0f64c123d44d2f720b3979625acfe09c	v12/docs/perf-baselines/2026-07-20-concurrent-event-routing-go-reference.json
untracked	supporting-performance-report	archive-supporting	12	541	6260cab936d8b4a2d3010c63c269fb299f9c200f596518c87a64bbecf4eca08a	v12/docs/perf-baselines/2026-07-20-concurrent-event-routing-go-reference.md
untracked	raw-performance-evidence	archive-raw	413	14355	1cdd6b38669b0b1c54ba91d4a32310c46955e60875b8655cf73915f0753c21f1	v12/docs/perf-baselines/2026-07-20-concurrent-event-routing-independent.json
untracked	supporting-performance-report	archive-supporting	16	1268	c78738e47533b09c91818f1b75baf95ad210ba725c897f87fa32ccbf0ef54136	v12/docs/perf-baselines/2026-07-20-concurrent-event-routing-independent.md
untracked	raw-performance-evidence	archive-raw	133	4262	f3da3fecc7abd2a7aa81294b0231c4051a680dc88c6379b7f755e673a419035e	v12/docs/perf-baselines/2026-07-20-concurrent-event-routing-interpreter-reference.json
untracked	supporting-performance-report	archive-supporting	14	938	9d6f490fe990b38897da64ab1476e714be23337c7766d01a9fdc7e8a9a97c2aa	v12/docs/perf-baselines/2026-07-20-concurrent-event-routing-interpreter-reference.md
untracked	raw-performance-evidence	archive-raw	663	22936	91bb39797a85a7a08788319fd78ad4c0c0266c12788537b5016c1504ba86f7fe	v12/docs/perf-baselines/2026-07-20-config-validation-extraction-async-bytecode-01-selected.json
untracked	supporting-performance-report	archive-supporting	16	1255	1f4d0e891468c050b03875d48069ad89bf3683906029676628eb365474626e9b	v12/docs/perf-baselines/2026-07-20-config-validation-extraction-async-bytecode-01-selected.md
untracked	raw-performance-evidence	archive-raw	866	30019	1e53e54e0f67fc88abd14a489f3f2f56e2c55f16031974656af3320015fa41aa	v12/docs/perf-baselines/2026-07-20-config-validation-extraction-async-bytecode-02-selected.json
untracked	supporting-performance-report	archive-supporting	17	1447	e400d42d2256e7d2f32b2893291b0b7478e6b1469505fd18f0cc1a34bef93276	v12/docs/perf-baselines/2026-07-20-config-validation-extraction-async-bytecode-02-selected.md
untracked	raw-performance-evidence	archive-raw	518	17664	895d96bd2a4862e411c5c860b4e3d6b1d6523f0a5fcfd7c86f023e7f68759f9b	v12/docs/perf-baselines/2026-07-20-config-validation-extraction-async-compiled-01-selected.json
untracked	supporting-performance-report	archive-supporting	16	1122	3ccd9fa0923bc28c61daf3d90b5adcc360884b9730ec6a2bdb257c6e1ccde16a	v12/docs/perf-baselines/2026-07-20-config-validation-extraction-async-compiled-01-selected.md
untracked	raw-performance-evidence	archive-raw	673	22988	c4ce4eebf8b18b7431f7b0adbace03f5577bab61b6c52cb07489d593420c71b6	v12/docs/perf-baselines/2026-07-20-config-validation-extraction-async-compiled-02-selected.json
untracked	supporting-performance-report	archive-supporting	17	1300	bd2820a318bb400e9679f0c36e1abeb85af418e02acaa189045fe2531ce53c75	v12/docs/perf-baselines/2026-07-20-config-validation-extraction-async-compiled-02-selected.md
untracked	raw-performance-evidence	archive-raw	376	12148	84128ca10369bdea77c6e8026f07dc3486f5c101c06c25e43037c7ce536586be	v12/docs/perf-baselines/2026-07-20-config-validation-extraction-async-go-reference.json
untracked	supporting-performance-report	archive-supporting	18	1779	93ba0d824cec48b02362ee9932df16551bb1a81f66746bfd43b49af072cf57ec	v12/docs/perf-baselines/2026-07-20-config-validation-extraction-async-go-reference.md
untracked	raw-performance-evidence	archive-raw	793	25688	8cdf1cdfe0a6e496a621d4704084f7fa420ec74bc34c08388a6c57ba7463ec2e	v12/docs/perf-baselines/2026-07-20-config-validation-extraction-async-interpreter-reference-selected.json
untracked	supporting-performance-report	archive-supporting	26	3666	ea227af73034c0bc611dbfa43cc381962d5864271516ac50ac35dfd9925c8012	v12/docs/perf-baselines/2026-07-20-config-validation-extraction-async-interpreter-reference-selected.md
untracked	raw-performance-evidence	archive-raw	274	9197	9b532575020bb2b423d32eb3528ae95ddb909aa91f3f4bb0bddf3c9f007defed	v12/docs/perf-baselines/2026-07-20-config-validation-extraction-base64-boundary-cohort.json
untracked	supporting-performance-report	archive-supporting	14	772	7ee50ee474a07beec24337b4016a5a7f284852c38f792c60bc01797d731c076d	v12/docs/perf-baselines/2026-07-20-config-validation-extraction-base64-boundary-cohort.md
untracked	raw-performance-evidence	archive-raw	94	2955	8dcca97da521417d022f7216bed839f427934cc547ba3c209fccdc5ce483a527	v12/docs/perf-baselines/2026-07-20-config-validation-extraction-base64-boundary-go-reference.json
untracked	supporting-performance-report	archive-supporting	12	526	3938b02caea8ceeafb8a72df904c15a0e4a2b7e4e4c30a990886b34026b3ac4a	v12/docs/perf-baselines/2026-07-20-config-validation-extraction-base64-boundary-go-reference.md
untracked	raw-performance-evidence	archive-raw	413	14424	250728caf0c877cc63f0387efa6d15ae92b63b0937a821224b2d71502ae7e80e	v12/docs/perf-baselines/2026-07-20-config-validation-extraction-cohort-a.json
untracked	supporting-performance-report	archive-supporting	16	1287	b7d01bfee072c270412efae95eda94907f13559349466c2e8df5bffeba516c0c	v12/docs/perf-baselines/2026-07-20-config-validation-extraction-cohort-a.md
untracked	raw-performance-evidence	archive-raw	413	14425	dd5109dddfec395b1a3881406cd3df174cd1e3323e9c9ad1aa3284e7d345ca9c	v12/docs/perf-baselines/2026-07-20-config-validation-extraction-cohort-b.json
untracked	supporting-performance-report	archive-supporting	16	1287	f88ff2588c789b66705eef94450e9169b2015fc27b8b3a15cb1b30f6475aaaa8	v12/docs/perf-baselines/2026-07-20-config-validation-extraction-cohort-b.md
untracked	raw-performance-evidence	archive-raw	413	14426	30ee645e2d8b7097d4568937b2f0628cdd7bae20ccb60f18a78a32686290b0ee	v12/docs/perf-baselines/2026-07-20-config-validation-extraction-cohort-c.json
untracked	supporting-performance-report	archive-supporting	16	1287	9b8890bb07de18f26defe2e5e9c6102e1ef75a3d80c93cd4b031fb65cc7687b8	v12/docs/perf-baselines/2026-07-20-config-validation-extraction-cohort-c.md
untracked	raw-performance-evidence	archive-raw	874	30290	e974da862a4359a3ea0cb3a02210b1240c7c35a78e46b60b8e30a2b03b779e07	v12/docs/perf-baselines/2026-07-20-config-validation-extraction-coverage-extra-bytecode-01-selected.json
untracked	supporting-performance-report	archive-supporting	17	1463	0c531fb9a2c6d8f59d79dfbd5a197d881baea4327099a801f2fb3c193854972a	v12/docs/perf-baselines/2026-07-20-config-validation-extraction-coverage-extra-bytecode-01-selected.md
untracked	raw-performance-evidence	archive-raw	679	23540	3e1f865f56d0f3c044892fc2b4b8bdeec1cfa314bce302ed70fec71776aff235	v12/docs/perf-baselines/2026-07-20-config-validation-extraction-coverage-extra-bytecode-02-selected.json
untracked	supporting-performance-report	archive-supporting	16	1268	e4500b20bd1c76db9d975cd6426302a2e45ed6150a5cc36aad489259b4c63600	v12/docs/perf-baselines/2026-07-20-config-validation-extraction-coverage-extra-bytecode-02-selected.md
untracked	raw-performance-evidence	archive-raw	890	30963	1434de44653a135ca79efb1ac930b6c93467cf739e6a88c822ab761c9829f9be	v12/docs/perf-baselines/2026-07-20-config-validation-extraction-coverage-extra-bytecode-03-selected.json
untracked	supporting-performance-report	archive-supporting	17	1482	86132ecc9c0bfb4ee5583a34eb5a79ecc028a1516ab72142faf41fbc218e022b	v12/docs/perf-baselines/2026-07-20-config-validation-extraction-coverage-extra-bytecode-03-selected.md
untracked	raw-performance-evidence	archive-raw	866	30160	1583b59a80d12efbe919739cf08df4485390497945c3923e77a289fb78205b29	v12/docs/perf-baselines/2026-07-20-config-validation-extraction-coverage-extra-bytecode-04-selected.json
untracked	supporting-performance-report	archive-supporting	17	1499	403a0512f7287811b95c462050ad9d555cbb2b102d86dc00afc4af654e8377c9	v12/docs/perf-baselines/2026-07-20-config-validation-extraction-coverage-extra-bytecode-04-selected.md
untracked	raw-performance-evidence	archive-raw	241	8368	654671b75eacfeef8cb0e6f26250b1f67877239461eef1080bdda641f6136ccf	v12/docs/perf-baselines/2026-07-20-config-validation-extraction-coverage-extra-bytecode-05-selected.json
untracked	supporting-performance-report	archive-supporting	14	917	44fc985f07063ab9b9a186abb408970428cf7cdd4b9940e4451c28f9391ed230	v12/docs/perf-baselines/2026-07-20-config-validation-extraction-coverage-extra-bytecode-05-selected.md
untracked	raw-performance-evidence	archive-raw	681	23164	925ef167fd5555b0bc74c66d35500dde7fbc454690aec35c4ae8534f726a0f23	v12/docs/perf-baselines/2026-07-20-config-validation-extraction-coverage-extra-compiled-01-selected.json
untracked	supporting-performance-report	archive-supporting	17	1305	2d19db075ee7c5bd66b19cf91e9c6f0b9ebb354cf1a76082aa90ffa82d584106	v12/docs/perf-baselines/2026-07-20-config-validation-extraction-coverage-extra-compiled-01-selected.md
untracked	raw-performance-evidence	archive-raw	534	18183	a8571b130f0136c630b47170c490dbb3e0029034e58969396d9edd6fc143d658	v12/docs/perf-baselines/2026-07-20-config-validation-extraction-coverage-extra-compiled-02-selected.json
untracked	supporting-performance-report	archive-supporting	16	1130	7792ab1ccbb0dabb7b3ad59a7dc3a0f6777a5523eeadc6fac79a5a34005a646a	v12/docs/perf-baselines/2026-07-20-config-validation-extraction-coverage-extra-compiled-02-selected.md
untracked	raw-performance-evidence	archive-raw	697	23809	2fef75a0a6bfac64bc1e9fe74ab670dee7654dfc5d7c6bddb11697303bd16349	v12/docs/perf-baselines/2026-07-20-config-validation-extraction-coverage-extra-compiled-03-selected.json
untracked	supporting-performance-report	archive-supporting	17	1322	e79a20102f37ff7b995e6e8f414b1a02044431680ed44c78ebf6c02f4f41943c	v12/docs/perf-baselines/2026-07-20-config-validation-extraction-coverage-extra-compiled-03-selected.md
untracked	raw-performance-evidence	archive-raw	673	23032	b74a6b2be914ed42fff1705c740bc862222acba16f07fc061538f706e7418cb9	v12/docs/perf-baselines/2026-07-20-config-validation-extraction-coverage-extra-compiled-04-selected.json
untracked	supporting-performance-report	archive-supporting	17	1342	7342e80f6bd5a6387267544fc56627d25cbc76d40babc5e2d44557d328aeb910	v12/docs/perf-baselines/2026-07-20-config-validation-extraction-coverage-extra-compiled-04-selected.md
untracked	raw-performance-evidence	archive-raw	192	6551	1eeb6735e9bbcd8fe68ff8f9cac96463933c89a98cc4fc7548867f3910aad421	v12/docs/perf-baselines/2026-07-20-config-validation-extraction-coverage-extra-compiled-05-selected.json
untracked	supporting-performance-report	archive-supporting	14	814	5058dfe0e45e30d42a5975c4145671d40bcf57a8caf7387338503432bce9a98f	v12/docs/perf-baselines/2026-07-20-config-validation-extraction-coverage-extra-compiled-05-selected.md
untracked	raw-performance-evidence	archive-raw	844	27325	995176a9ed246a3a30587fd45105b30b16f9c2ba351db7b3bbde4f00df694a61	v12/docs/perf-baselines/2026-07-20-config-validation-extraction-coverage-extra-go-reference.json
untracked	supporting-performance-report	archive-supporting	27	3689	21f6e8ba90d00cbbb12753188678ba0218ad0c87ed28f80d18a1d1bde461b502	v12/docs/perf-baselines/2026-07-20-config-validation-extraction-coverage-extra-go-reference.md
untracked	raw-performance-evidence	archive-raw	1783	57964	bccff87da792b40be194605052f763a8be26c83e9b541653e2c13c50c1a2854d	v12/docs/perf-baselines/2026-07-20-config-validation-extraction-coverage-extra-interpreter-reference-selected.json
untracked	supporting-performance-report	archive-supporting	44	7864	54dabd42febf8812aa986747b1dd1e13f35658b8e5c04ae885579ef368cd3359	v12/docs/perf-baselines/2026-07-20-config-validation-extraction-coverage-extra-interpreter-reference-selected.md
untracked	raw-performance-evidence	archive-raw	294	9485	c740bdeb63e0b63128741ac5cfe7d5ba01b242e0c3f9ea5d58c72902016ba874	v12/docs/perf-baselines/2026-07-20-config-validation-extraction-generality-bytecode-01-status.json
untracked	supporting-performance-report	archive-supporting	16	1145	b1ae33cb7f1d3c1bd486b990b5533274d8927259f7e6545b8abdb1ac084a34e6	v12/docs/perf-baselines/2026-07-20-config-validation-extraction-generality-bytecode-01-status.md
untracked	raw-performance-evidence	archive-raw	248	8058	0b46482122a7a2824086e890b7e79d12587157278e3b2bed90554301ebb56d49	v12/docs/perf-baselines/2026-07-20-config-validation-extraction-generality-bytecode-02-status.json
untracked	supporting-performance-report	archive-supporting	15	919	373588f0cbe3c4e41b20bc2559212550d3259393b6b661004c3c3012e8a162cd	v12/docs/perf-baselines/2026-07-20-config-validation-extraction-generality-bytecode-02-status.md
untracked	raw-performance-evidence	archive-raw	663	22674	4da2bccc326e93b2756182aa80daac17f96c0fda150743ab7ea0f4fb8d0c338f	v12/docs/perf-baselines/2026-07-20-config-validation-extraction-generality-bytecode-03-selected.json
untracked	supporting-performance-report	archive-supporting	16	1207	95b0db2fc1d3dea87951ec0ee981859cc09bd52459ee0f10a13e377e83dbb69f	v12/docs/perf-baselines/2026-07-20-config-validation-extraction-generality-bytecode-03-selected.md
untracked	raw-performance-evidence	archive-raw	657	22545	f378996c0756d9e561114b8b3c9d25497c5761dcbc6f99adb67342bc8de8d722	v12/docs/perf-baselines/2026-07-20-config-validation-extraction-generality-bytecode-04-selected.json
untracked	supporting-performance-report	archive-supporting	16	1232	c3d30876e9af235010967c25b4fdfaf57a29ff03033fe07b55d88f92cb958c0f	v12/docs/perf-baselines/2026-07-20-config-validation-extraction-generality-bytecode-04-selected.md
untracked	raw-performance-evidence	archive-raw	671	23298	cef1069bf12bc6f8a95e2bb5e770b88d9a19a4422de6241e2670b9f11d09a52a	v12/docs/perf-baselines/2026-07-20-config-validation-extraction-generality-bytecode-05-selected.json
untracked	supporting-performance-report	archive-supporting	16	1265	5480df2a815972f177e44fddba816a64a88d240cedb59ac46c9340f7fca484b7	v12/docs/perf-baselines/2026-07-20-config-validation-extraction-generality-bytecode-05-selected.md
untracked	raw-performance-evidence	archive-raw	207	6591	37adb8be9ae97f49f893aab8e3105fd5a09fe5127112afacdc4d1254a047d6f7	v12/docs/perf-baselines/2026-07-20-config-validation-extraction-generality-bytecode-06-status.json
untracked	supporting-performance-report	archive-supporting	15	911	d419288dee53745078857c96da07de26a7be20449b1b60f70269f29d3d8eb239	v12/docs/perf-baselines/2026-07-20-config-validation-extraction-generality-bytecode-06-status.md
untracked	raw-performance-evidence	archive-raw	444	15207	5ce234824d4f248cd53f24686740ffd6393370e0d225624ff2590d23d8320874	v12/docs/perf-baselines/2026-07-20-config-validation-extraction-generality-bytecode-07-selected.json
untracked	supporting-performance-report	archive-supporting	15	1057	d739f22cde272aa060d082db878ab262f5859a0d5ced4b50a6742c64b4eaa41c	v12/docs/perf-baselines/2026-07-20-config-validation-extraction-generality-bytecode-07-selected.md
untracked	raw-performance-evidence	archive-raw	512	17188	32fce96efe0b402da7d22ce425d5ccb2cc15979ff9151186aca941f41bf71c48	v12/docs/perf-baselines/2026-07-20-config-validation-extraction-generality-compiled-01-selected.json
untracked	supporting-performance-report	archive-supporting	16	1089	7ce21563dc8cbc86af15d43766e9345839d9524ba11fd500c91c97621e833678	v12/docs/perf-baselines/2026-07-20-config-validation-extraction-generality-compiled-01-selected.md
untracked	raw-performance-evidence	archive-raw	347	11642	0dd9811f8062e31416f03b9d1f9a7afaa7c44c8361f78d64300a6bd669dbd886	v12/docs/perf-baselines/2026-07-20-config-validation-extraction-generality-compiled-02-selected.json
untracked	supporting-performance-report	archive-supporting	15	934	ce987e1317301d3a7d918711d97eee105b19054d432dc392733694d5fac7e3bf	v12/docs/perf-baselines/2026-07-20-config-validation-extraction-generality-compiled-02-selected.md
untracked	raw-performance-evidence	archive-raw	518	17370	b9f73502e0696c836613e514537b7a1a848475accdabd8a59cc8b8eaf58b2c2b	v12/docs/perf-baselines/2026-07-20-config-validation-extraction-generality-compiled-03-selected.json
untracked	supporting-performance-report	archive-supporting	16	1071	a444a4265dfa54551817c4338cfa416842cc17f0af67a23d6b3a190f16965a5b	v12/docs/perf-baselines/2026-07-20-config-validation-extraction-generality-compiled-03-selected.md
untracked	raw-performance-evidence	archive-raw	512	17194	4d348bda246f1f2e8fb03f41572a3e51c7b921b4f63a6d27e6fd13088a73e9f7	v12/docs/perf-baselines/2026-07-20-config-validation-extraction-generality-compiled-04-selected.json
untracked	supporting-performance-report	archive-supporting	16	1095	f7893c94d25de07824ca1949bfc09749aede193ed5f25d277ff5e03a21cef60a	v12/docs/perf-baselines/2026-07-20-config-validation-extraction-generality-compiled-04-selected.md
untracked	raw-performance-evidence	archive-raw	526	17931	5c6f6e9e3742fd401d56b2200c0bfad21ac929f6d06116eb1acdf1bc657c39d2	v12/docs/perf-baselines/2026-07-20-config-validation-extraction-generality-compiled-05-selected.json
untracked	supporting-performance-report	archive-supporting	16	1124	9ed7d9f13c6b959c2fc0b5d9c168a3e6a2ee9455f1efe1980f805b9b3c06031f	v12/docs/perf-baselines/2026-07-20-config-validation-extraction-generality-compiled-05-selected.md
untracked	raw-performance-evidence	archive-raw	355	11924	192b8a0b5a4923380e7c14dcc23cdbbea56c12b8249888ae28e76e9582d69073	v12/docs/perf-baselines/2026-07-20-config-validation-extraction-generality-compiled-06-selected.json
untracked	supporting-performance-report	archive-supporting	15	936	abd18696600604fa06152a04e7dbb9f0fc7534b65205287dfe90b5db5c2afd8e	v12/docs/perf-baselines/2026-07-20-config-validation-extraction-generality-compiled-06-selected.md
untracked	raw-performance-evidence	archive-raw	347	11643	0853c8398cf131a3005b47035c440bac9e7af121cec07ed2a0fe7060229022c5	v12/docs/perf-baselines/2026-07-20-config-validation-extraction-generality-compiled-07-selected.json
untracked	supporting-performance-report	archive-supporting	15	937	27a0c566ca5eaf1601b66ed7dc753cb819b232a747748b54d011003a30d51ca1	v12/docs/perf-baselines/2026-07-20-config-validation-extraction-generality-compiled-07-selected.md
untracked	raw-performance-evidence	archive-raw	952	30737	2f2218a60dfc9abdb8893f21ab043d2de4a8d5fa4a51d71d2b07623a8f2d1f4a	v12/docs/perf-baselines/2026-07-20-config-validation-extraction-generality-go-reference.json
untracked	supporting-performance-report	archive-supporting	29	4250	00a241951ed571a290a9b8480ab818d9eb61e0490928bf2256667dc6abfe13c0	v12/docs/perf-baselines/2026-07-20-config-validation-extraction-generality-go-reference.md
untracked	raw-performance-evidence	archive-raw	1241	40373	e15e6bbb19a68c59ee7456f407bcb020b03b32369b2a52b3d8a03ab6786c10d4	v12/docs/perf-baselines/2026-07-20-config-validation-extraction-generality-interpreter-reference-selected.json
untracked	supporting-performance-report	archive-supporting	34	5945	2c0ac1614dd485fe0ec7ad6105027f015dedeab7215585dc85cb15362fbf38a0	v12/docs/perf-baselines/2026-07-20-config-validation-extraction-generality-interpreter-reference-selected.md
untracked	raw-performance-evidence	archive-raw	447	13598	44081a1ab05f807a5df89e94841392117e502c7c6abcb45f2459b527cca07e71	v12/docs/perf-baselines/2026-07-20-config-validation-extraction-generality-interpreter-reference-status.json
untracked	supporting-performance-report	archive-supporting	26	3275	3ac73ed299992771c1a5df3d6b4d733663b1ddbb54c1baef32c86cf6b876f235	v12/docs/perf-baselines/2026-07-20-config-validation-extraction-generality-interpreter-reference-status.md
untracked	raw-performance-evidence	archive-raw	64	1998	a1588a5e2bf18073c8288d7d3aff0ac1f1d64454532aeb2bd3e9473d290ecbba	v12/docs/perf-baselines/2026-07-20-config-validation-extraction-go-reference.json
untracked	supporting-performance-report	archive-supporting	12	545	a94ed8bed8fe4fa8fea2cff5fa29f57271552fbd2525f5620a183d08f9bbc3a0	v12/docs/perf-baselines/2026-07-20-config-validation-extraction-go-reference.md
untracked	raw-performance-evidence	archive-raw	133	4271	efe6ee0bf499a5cf4cb9d6b75d5ceaf6c45e30f960cabeb9263a4413d2e7a4ca	v12/docs/perf-baselines/2026-07-20-config-validation-extraction-interpreter-reference.json
untracked	supporting-performance-report	archive-supporting	14	946	37340dd1bdff9ae75fc78cd3dee2dcee027bca6d6dec770ba2528dae43df8acb	v12/docs/perf-baselines/2026-07-20-config-validation-extraction-interpreter-reference.md
untracked	supporting-performance-report	archive-supporting	172	8457	d1420955cf39e8fd57432276d583112f9465dd89a80cdf6b821877cdd5a14de9	v12/docs/perf-baselines/2026-07-20-config-validation-extraction-profile-gate.md
untracked	raw-performance-evidence	archive-raw	96	136690	db01e509e219284ac20a5f415fc8e938b2763998ff41752d905b38578f68bdf0	v12/docs/perf-baselines/2026-07-20-config-validation-extraction-refresh.json
untracked	supporting-performance-report	archive-supporting	145	15283	f74b99dfcb6e31a7f847bd14ebe576db8bb30258dd220bf8730c1cd24f227ce9	v12/docs/perf-baselines/2026-07-20-config-validation-extraction-refresh.md
untracked	raw-performance-evidence	archive-raw	8	272	d8126a7ee93174b48c3c597839bac1620f3ab7b6babe10e23eb0f95c1d3bc28b	v12/docs/perf-baselines/2026-07-20-config-validation-extraction-stdlib-source-state.json
untracked	supporting-performance-report	archive-supporting	132	8078	383fc7c7485014e623209d6fce6605d8f5f11d8d2098de898aba9849f6f9f844	v12/docs/perf-baselines/2026-07-20-cross-family-architecture-ownership-audit.md
untracked	raw-performance-evidence	archive-raw	146	10847	737dd54ad2f6875fef8e60e5859c94f87a723eaebe9dab1520fe21549a3cbcc8	v12/docs/perf-baselines/2026-07-20-cross-family-architecture-ownership-census.json
untracked	supporting-performance-report	archive-supporting	176	9261	001cc1d6c590b9861c591b392413493902ad3c4bb2b89d3927909785a68fcc11	v12/docs/perf-baselines/2026-07-20-cross-mode-numeric-wide-profile-gate.md
untracked	raw-performance-evidence	archive-raw	7212	435569	2fa83ad83bf4acc09f6806fb75045f5a40129c2f898e90ec36102e29f0cc29c2	v12/docs/perf-baselines/2026-07-20-cross-mode-performance-frontier.json
untracked	supporting-performance-report	archive-supporting	325	69848	457c3009d3e1ef607a3810c20e7ead8f36d8258f2625264d35d559b039a8be9f	v12/docs/perf-baselines/2026-07-20-cross-mode-performance-frontier.md
untracked	supporting-performance-report	archive-supporting	22	2078	ea69a80d9b5a3e1ba643ffb2475215c041d1293ea26951409ef8e9dcd17199de	v12/docs/perf-baselines/2026-07-20-cross-mode-startup-allocator-candidate-scorecard.md
untracked	raw-performance-evidence	archive-raw	1603	51507	14e683a960844905ea55f4ee6f89f519c1a5f5af3928bff001765829d4b57206	v12/docs/perf-baselines/2026-07-20-cross-mode-startup-allocator-candidate.json
untracked	supporting-performance-report	archive-supporting	112	6165	546e41eaa0989040a5d9a94c32972f3e51155461b7d3ee21869dc03bf1b917c3	v12/docs/perf-baselines/2026-07-20-cross-mode-startup-allocator-gate.md
untracked	supporting-performance-report	archive-supporting	22	2078	08cf2722b38d5d690bf9da31536c9bcff2614c757ab902a21776cc7240ff517d	v12/docs/perf-baselines/2026-07-20-cross-mode-startup-decomposition-scorecard.md
untracked	raw-performance-evidence	archive-raw	1603	51498	b2ca7da59be98c38bddc91e4bb0eec6e7b5d26b3fae4d2140d98129ea69f101f	v12/docs/perf-baselines/2026-07-20-cross-mode-startup-decomposition.json
untracked	raw-performance-evidence	archive-raw	663	22952	31f550be5678ade65d8b6d9405a9d4163dfe01e31b907a6e8deaf54b8498732f	v12/docs/perf-baselines/2026-07-20-current-full-scorecard-cohort-a-async-bytecode-01-selected.json
untracked	supporting-performance-report	archive-supporting	16	1258	496b653eba4ff5cc27e29032abcc2f453fab5201cbe6b29b74f02bafd81879b0	v12/docs/perf-baselines/2026-07-20-current-full-scorecard-cohort-a-async-bytecode-01-selected.md
untracked	raw-performance-evidence	archive-raw	655	22669	5996a6438ddad80aa08112cf410951831866f5f2eadb1953517053ed2cd39cba	v12/docs/perf-baselines/2026-07-20-current-full-scorecard-cohort-a-async-bytecode-02-selected.json
untracked	supporting-performance-report	archive-supporting	16	1262	55717f2b7f1e0e7957211de6a5c1ebe030d987b57a4291a2ab50d5cd9e4af871	v12/docs/perf-baselines/2026-07-20-current-full-scorecard-cohort-a-async-bytecode-02-selected.md
untracked	raw-performance-evidence	archive-raw	518	17667	4816bbf67e443ca4846275eaea7b025ba76b2b9e513214f949a191ece112ad87	v12/docs/perf-baselines/2026-07-20-current-full-scorecard-cohort-a-async-compiled-01-selected.json
untracked	supporting-performance-report	archive-supporting	16	1123	32935daab90361d7d4374f5cb5b65f74acd054027b1c2b6e4bd5acfc6b0e44f4	v12/docs/perf-baselines/2026-07-20-current-full-scorecard-cohort-a-async-compiled-01-selected.md
untracked	raw-performance-evidence	archive-raw	510	17351	61249bf949449e0ecbe053cb47adea429265aa53b4d57f232c85f90998cf3d05	v12/docs/perf-baselines/2026-07-20-current-full-scorecard-cohort-a-async-compiled-02-selected.json
untracked	supporting-performance-report	archive-supporting	16	1129	0b593a8439cecb22340f37afd20cc9e841aaf8060d883c5dad4efb18c2c0d207	v12/docs/perf-baselines/2026-07-20-current-full-scorecard-cohort-a-async-compiled-02-selected.md
untracked	raw-performance-evidence	archive-raw	324	10450	acf04b0ffed1a6da05767132a6ed9046c297f1fa05816d5a41dcf6a8a41b8c64	v12/docs/perf-baselines/2026-07-20-current-full-scorecard-cohort-a-async-go-reference.json
untracked	supporting-performance-report	archive-supporting	17	1570	1d6ed69f7048bafc7b74c6b14e4f915a1b676de7ad663b6b8cd34ae8e466e1c9	v12/docs/perf-baselines/2026-07-20-current-full-scorecard-cohort-a-async-go-reference.md
untracked	raw-performance-evidence	archive-raw	683	22112	fb22864652569ca509511d574695f10751d4471ec70f5ec5451f4cd836622a35	v12/docs/perf-baselines/2026-07-20-current-full-scorecard-cohort-a-async-interpreter-reference-selected.json
untracked	supporting-performance-report	archive-supporting	24	3207	45afa4b7f304545247388916c0b6439bf012661abe80c4b16c39355916131d40	v12/docs/perf-baselines/2026-07-20-current-full-scorecard-cohort-a-async-interpreter-reference-selected.md
untracked	raw-performance-evidence	archive-raw	663	22899	31a38af6d02c90c81fd6eafa5edb474aaf0cc5cb79f3c54691f11445b2d0b968	v12/docs/perf-baselines/2026-07-20-current-full-scorecard-cohort-a-coverage-extra-bytecode-01-selected.json
untracked	supporting-performance-report	archive-supporting	16	1267	d5563c76bd2568c85f1ab11856f416dcfc6540ae1fa76684c88f5ff5c89d4ea0	v12/docs/perf-baselines/2026-07-20-current-full-scorecard-cohort-a-coverage-extra-bytecode-01-selected.md
untracked	raw-performance-evidence	archive-raw	679	23540	4cafd902d3537a02b1043041e37595aa66ee151d20debce4fbff2784e2a10139	v12/docs/perf-baselines/2026-07-20-current-full-scorecard-cohort-a-coverage-extra-bytecode-02-selected.json
untracked	supporting-performance-report	archive-supporting	16	1270	10d982216406354b28a4b89c111f2dd1105b9946166c957163c058f887264e04	v12/docs/perf-baselines/2026-07-20-current-full-scorecard-cohort-a-coverage-extra-bytecode-02-selected.md
untracked	raw-performance-evidence	archive-raw	671	23286	363184c9bd2659d46fc62b741366a8d0e0a7069f9787f15711a2a925ae8581f0	v12/docs/perf-baselines/2026-07-20-current-full-scorecard-cohort-a-coverage-extra-bytecode-03-selected.json
untracked	supporting-performance-report	archive-supporting	16	1284	04c74dc8c33e188ecb1518bf3afcec41d012dc6cc181300c53b943c1037f5b24	v12/docs/perf-baselines/2026-07-20-current-full-scorecard-cohort-a-coverage-extra-bytecode-03-selected.md
untracked	raw-performance-evidence	archive-raw	655	22723	14e607b9d2304c77413ea0c9cf77c976277086a2592893c0ac03c6948346094f	v12/docs/perf-baselines/2026-07-20-current-full-scorecard-cohort-a-coverage-extra-bytecode-04-selected.json
untracked	supporting-performance-report	archive-supporting	16	1294	57b057aa0b8fd4b4dcf79f01c6f7ef88107eab726a98c2f04ffba45b063b00b5	v12/docs/perf-baselines/2026-07-20-current-full-scorecard-cohort-a-coverage-extra-bytecode-04-selected.md
untracked	raw-performance-evidence	archive-raw	518	17548	c4bf0240934d57f7fe46e5ed39f13448fc7e188edcf153a988b9a732d5a6745c	v12/docs/perf-baselines/2026-07-20-current-full-scorecard-cohort-a-coverage-extra-compiled-01-selected.json
untracked	supporting-performance-report	archive-supporting	16	1128	750c3feccfe873cd0014f5ea15e131c2105b18c795186f6209990f3156f58dcc	v12/docs/perf-baselines/2026-07-20-current-full-scorecard-cohort-a-coverage-extra-compiled-01-selected.md
untracked	raw-performance-evidence	archive-raw	534	18184	e4d0f449cd8f8bedd18eedc65b4a9a42cb33b2c7192dfcf62049239bb41dabe3	v12/docs/perf-baselines/2026-07-20-current-full-scorecard-cohort-a-coverage-extra-compiled-02-selected.json
untracked	supporting-performance-report	archive-supporting	16	1132	b56272782cc29ba09eed77dec927d4350e9bc46abd07204c15c80d39ddf2e126	v12/docs/perf-baselines/2026-07-20-current-full-scorecard-cohort-a-coverage-extra-compiled-02-selected.md
untracked	raw-performance-evidence	archive-raw	526	17932	3fa516ba63457e60200b7d03f35b9e42405e8141efed280eee6c680d833693aa	v12/docs/perf-baselines/2026-07-20-current-full-scorecard-cohort-a-coverage-extra-compiled-03-selected.json
untracked	supporting-performance-report	archive-supporting	16	1142	00a08c8d2a91c5ff4547ad90015bf904bef42189a48e464f315564cccf832eb3	v12/docs/perf-baselines/2026-07-20-current-full-scorecard-cohort-a-coverage-extra-compiled-03-selected.md
untracked	raw-performance-evidence	archive-raw	510	17388	79b88b6fd021b5679c8ff903d59d686aca538ecd4386acb1500c1dfa351c8225	v12/docs/perf-baselines/2026-07-20-current-full-scorecard-cohort-a-coverage-extra-compiled-04-selected.json
untracked	supporting-performance-report	archive-supporting	16	1156	486af40bf0d965d964e70b7205651f6de9d8218942b5163954466f43a407aba7	v12/docs/perf-baselines/2026-07-20-current-full-scorecard-cohort-a-coverage-extra-compiled-04-selected.md
untracked	raw-performance-evidence	archive-raw	636	20519	d3274e7881316e076271d55e1b820222dd08154bfd3d6223326aa4add99d0572	v12/docs/perf-baselines/2026-07-20-current-full-scorecard-cohort-a-coverage-extra-go-reference.json
untracked	supporting-performance-report	archive-supporting	23	2827	688fc31e6c0926ddffb41c3bd57719c6b82011a896b0026ba374276dcf78899b	v12/docs/perf-baselines/2026-07-20-current-full-scorecard-cohort-a-coverage-extra-go-reference.md
untracked	raw-performance-evidence	archive-raw	1343	43562	4647287ea748f5a0c2eabd6505dd5dd6be6f19e803a064cf7dc741b274e280b4	v12/docs/perf-baselines/2026-07-20-current-full-scorecard-cohort-a-coverage-extra-interpreter-reference-selected.json
untracked	supporting-performance-report	archive-supporting	36	5973	2edf5d5ce6fb34e89fcee3763f587f9ad477c2d427658df5cffff6657ecee331	v12/docs/perf-baselines/2026-07-20-current-full-scorecard-cohort-a-coverage-extra-interpreter-reference-selected.md
untracked	raw-performance-evidence	archive-raw	319	10359	475b969b90ab1fe794006da9d51a36e80fd6e9c353f2572af3b5a781dad99a40	v12/docs/perf-baselines/2026-07-20-current-full-scorecard-cohort-a-generality-bytecode-01-status.json
untracked	supporting-performance-report	archive-supporting	16	1151	990bcada1745fb00da78359ed92656f8339226d2a95a76d117f9804fda40efba	v12/docs/perf-baselines/2026-07-20-current-full-scorecard-cohort-a-generality-bytecode-01-status.md
untracked	raw-performance-evidence	archive-raw	248	8059	09f480cee320e4cd99983b1b93349872dac6886c9995ced0941ab38a889756f4	v12/docs/perf-baselines/2026-07-20-current-full-scorecard-cohort-a-generality-bytecode-02-status.json
untracked	supporting-performance-report	archive-supporting	15	921	3532cfed7906d119926a591e91649d75441a8f4d2a9d9aef360e45dc644242ba	v12/docs/perf-baselines/2026-07-20-current-full-scorecard-cohort-a-generality-bytecode-02-status.md
untracked	raw-performance-evidence	archive-raw	663	22672	f8d56ba6ca06803675a5dd41550d887a337541f197447d366e4c4d0aaf3614f8	v12/docs/perf-baselines/2026-07-20-current-full-scorecard-cohort-a-generality-bytecode-03-selected.json
untracked	supporting-performance-report	archive-supporting	16	1209	a76b57e56bf59b60edf2c195339e5d8f2738fd1ad986d1f6b2dc7e09276fd5f1	v12/docs/perf-baselines/2026-07-20-current-full-scorecard-cohort-a-generality-bytecode-03-selected.md
untracked	raw-performance-evidence	archive-raw	657	22544	56ebe636ea5c236e12ca21dcfe23ad2d49a53bfe3b1ac4a0c5762295054200bd	v12/docs/perf-baselines/2026-07-20-current-full-scorecard-cohort-a-generality-bytecode-04-selected.json
untracked	supporting-performance-report	archive-supporting	16	1234	7d298e69d0d73fe4e2df322b3750bf8a29f9665e7faafb83be7a9b874d026816	v12/docs/perf-baselines/2026-07-20-current-full-scorecard-cohort-a-generality-bytecode-04-selected.md
untracked	raw-performance-evidence	archive-raw	671	23297	69b025f309e7f6638a5f80f8bbc71b1d8959d36eb93d74cf3de3d3263bf13376	v12/docs/perf-baselines/2026-07-20-current-full-scorecard-cohort-a-generality-bytecode-05-selected.json
untracked	supporting-performance-report	archive-supporting	16	1267	6cb1a796b86136e278549ecd9f0ff01ae6fb5d955fce1c240647fefc2b8fd67a	v12/docs/perf-baselines/2026-07-20-current-full-scorecard-cohort-a-generality-bytecode-05-selected.md
untracked	raw-performance-evidence	archive-raw	207	6592	1f00dca1e508d54c6dc2639ce8faa97c6c21e07b8f9676e51c1b15edccdad01c	v12/docs/perf-baselines/2026-07-20-current-full-scorecard-cohort-a-generality-bytecode-06-status.json
untracked	supporting-performance-report	archive-supporting	15	913	ff25d6bdb1c2e610b0d215438cd20a2733c3c8214903980d8145e657b1753354	v12/docs/perf-baselines/2026-07-20-current-full-scorecard-cohort-a-generality-bytecode-06-status.md
untracked	raw-performance-evidence	archive-raw	444	15214	7d70c610ef754fbeb1d38f89007550d879b817ce10a8d7b331b1116e1bb74a08	v12/docs/perf-baselines/2026-07-20-current-full-scorecard-cohort-a-generality-bytecode-07-selected.json
untracked	supporting-performance-report	archive-supporting	15	1058	2c0afb5ba513bac026b0a2bf4d2f979ef66d5af0f295e9c368fa0efb6ee0f73b	v12/docs/perf-baselines/2026-07-20-current-full-scorecard-cohort-a-generality-bytecode-07-selected.md
untracked	raw-performance-evidence	archive-raw	512	17189	6b3d357eb156a5576d6a800dab438754552648add9345d16757f0e44584cd601	v12/docs/perf-baselines/2026-07-20-current-full-scorecard-cohort-a-generality-compiled-01-selected.json
untracked	supporting-performance-report	archive-supporting	16	1090	525aa93d83940c90fa58eb78aa4632e3f54fd00c2c47617b82afab71aaacfba1	v12/docs/perf-baselines/2026-07-20-current-full-scorecard-cohort-a-generality-compiled-01-selected.md
untracked	raw-performance-evidence	archive-raw	347	11644	1f34ff60115e58fc1f639ad203def12de339e7ae4efc43701110cdc2fe35ca6a	v12/docs/perf-baselines/2026-07-20-current-full-scorecard-cohort-a-generality-compiled-02-selected.json
untracked	supporting-performance-report	archive-supporting	15	936	9f9c8c338ecb6c4b58721464b694729e54793de265d1524449c5d243d80677a0	v12/docs/perf-baselines/2026-07-20-current-full-scorecard-cohort-a-generality-compiled-02-selected.md
untracked	raw-performance-evidence	archive-raw	518	17366	a8747227e63b8ee89b80baa8a6401531aed3868e51b76cc92ad8752be12dd1ce	v12/docs/perf-baselines/2026-07-20-current-full-scorecard-cohort-a-generality-compiled-03-selected.json
untracked	supporting-performance-report	archive-supporting	16	1073	48f0a93bf043c4ada1038f8bd5c81214a028f7a1e1123962846e596cd007f93d	v12/docs/perf-baselines/2026-07-20-current-full-scorecard-cohort-a-generality-compiled-03-selected.md
untracked	raw-performance-evidence	archive-raw	512	17198	eb64976ffde66c2098ba371d96a19d007d15a3486ca881017c171c7409e1165c	v12/docs/perf-baselines/2026-07-20-current-full-scorecard-cohort-a-generality-compiled-04-selected.json
untracked	supporting-performance-report	archive-supporting	16	1097	6c338d7a9059989ade3fdf27f7a6852fb4cc5e5c6e36c4e89233279cc5b3dea6	v12/docs/perf-baselines/2026-07-20-current-full-scorecard-cohort-a-generality-compiled-04-selected.md
untracked	raw-performance-evidence	archive-raw	526	17931	bd576b501d95358a66e35aab0573fb2ffaad74ffd3eddda8f4d83630b93a27d9	v12/docs/perf-baselines/2026-07-20-current-full-scorecard-cohort-a-generality-compiled-05-selected.json
untracked	supporting-performance-report	archive-supporting	16	1126	d3126d79791dfdaa9bd29e6a2607691bbc7da2774cd20721d3c155804581473d	v12/docs/perf-baselines/2026-07-20-current-full-scorecard-cohort-a-generality-compiled-05-selected.md
untracked	raw-performance-evidence	archive-raw	355	11923	04833bea94aa16e3cddc9b5e9951fbfc40f72e91ae79bc1ab3a67734498250ea	v12/docs/perf-baselines/2026-07-20-current-full-scorecard-cohort-a-generality-compiled-06-selected.json
untracked	supporting-performance-report	archive-supporting	15	938	01f0b91a399166a43e9afebc539fc058bc8354d669e83323087bdb56ee2d3456	v12/docs/perf-baselines/2026-07-20-current-full-scorecard-cohort-a-generality-compiled-06-selected.md
untracked	raw-performance-evidence	archive-raw	347	11632	e304a2698d9d6c2952da8b5a8944a777e8191d2cd27b5deaf6c16fe38620462a	v12/docs/perf-baselines/2026-07-20-current-full-scorecard-cohort-a-generality-compiled-07-selected.json
untracked	supporting-performance-report	archive-supporting	15	938	6f19bb66dfa1c1d4d926dcdf34d5cce6a515b4d69b8a91a863833c74c5d43793	v12/docs/perf-baselines/2026-07-20-current-full-scorecard-cohort-a-generality-compiled-07-selected.md
untracked	raw-performance-evidence	archive-raw	952	30730	52771b25914b59c9394889aabc1c20b238a41ae481231029d94a79a69a13c807	v12/docs/perf-baselines/2026-07-20-current-full-scorecard-cohort-a-generality-go-reference.json
untracked	supporting-performance-report	archive-supporting	29	4249	54c832c08567f41f8fa0a0744172ec6cc72cb439d395b3f2b5a7d8e80dc92d2c	v12/docs/perf-baselines/2026-07-20-current-full-scorecard-cohort-a-generality-go-reference.md
untracked	raw-performance-evidence	archive-raw	1241	40373	1646c3b64e4c94749460d8eca3153a5254c0a980257ed8b07c99c37ca1f94f68	v12/docs/perf-baselines/2026-07-20-current-full-scorecard-cohort-a-generality-interpreter-reference-selected.json
untracked	supporting-performance-report	archive-supporting	34	5944	dd08c7031b78a924ff7ce878b79542185e3eda000723937c101d773c7eb84be4	v12/docs/perf-baselines/2026-07-20-current-full-scorecard-cohort-a-generality-interpreter-reference-selected.md
untracked	raw-performance-evidence	archive-raw	449	13739	d544a014e261825636a56e63ca6b70aa70cf169ab01e9a8725e6f36cdf9cab3a	v12/docs/perf-baselines/2026-07-20-current-full-scorecard-cohort-a-generality-interpreter-reference-status.json
untracked	supporting-performance-report	archive-supporting	26	3339	681ce0708fbceceb58f2e4ed7e1f64a175a23a9d022e742417362e139541ccd5	v12/docs/perf-baselines/2026-07-20-current-full-scorecard-cohort-a-generality-interpreter-reference-status.md
untracked	raw-performance-evidence	archive-raw	86	120013	5047b439b8618cf41a0d613237a63326b8fb89bf79aee9d1dee0ec7619d5ae2d	v12/docs/perf-baselines/2026-07-20-current-full-scorecard-cohort-a-refresh.json
untracked	supporting-performance-report	archive-supporting	133	13917	6916e6ad553649ab00970444aff9a09284091ae698ac9e99c764f1cfefca6102	v12/docs/perf-baselines/2026-07-20-current-full-scorecard-cohort-a-refresh.md
untracked	raw-performance-evidence	archive-raw	8	272	8c918dff5ca148a5ef9e7e139807b3a3a7986779ce2903dd4b4387b50fa26d5f	v12/docs/perf-baselines/2026-07-20-current-full-scorecard-cohort-a-stdlib-source-state.json
untracked	raw-performance-evidence	archive-raw	663	22953	12b094b68071e219b0396abb57f00ef9488a2e186924e62870379969b9c21aaf	v12/docs/perf-baselines/2026-07-20-current-full-scorecard-cohort-b-async-bytecode-01-selected.json
untracked	supporting-performance-report	archive-supporting	16	1257	7699a9f68f7ee9abe3ba3511f95ee2a7f8a14b736078488a63d189f819727814	v12/docs/perf-baselines/2026-07-20-current-full-scorecard-cohort-b-async-bytecode-01-selected.md
untracked	raw-performance-evidence	archive-raw	655	22672	babb7f2d3b60ac3fda8bf8f34e19c33957e262202c141e8a5039a27445540261	v12/docs/perf-baselines/2026-07-20-current-full-scorecard-cohort-b-async-bytecode-02-selected.json
untracked	supporting-performance-report	archive-supporting	16	1262	95b57636cad9f34de3f0fa45716279d9a75769074a5a7d8a0c41273c27138dda	v12/docs/perf-baselines/2026-07-20-current-full-scorecard-cohort-b-async-bytecode-02-selected.md
untracked	raw-performance-evidence	archive-raw	518	17666	8644454fe5d99567fbd38c3924e32f6311453b3948ef507d58cd858634ec360f	v12/docs/perf-baselines/2026-07-20-current-full-scorecard-cohort-b-async-compiled-01-selected.json
untracked	supporting-performance-report	archive-supporting	16	1124	7beb3f3c84b8ec2dea7b0e6ba3bf1998a12d1de7b9980165ff5b710bc78e86f5	v12/docs/perf-baselines/2026-07-20-current-full-scorecard-cohort-b-async-compiled-01-selected.md
untracked	raw-performance-evidence	archive-raw	510	17367	2f47efd6a197977c28b1b8411f618bc5a500c54af5721c4fc6d93a64e8f9bb3f	v12/docs/perf-baselines/2026-07-20-current-full-scorecard-cohort-b-async-compiled-02-selected.json
untracked	supporting-performance-report	archive-supporting	16	1129	89f8d43aa887d9ed7f2913bc8d48f113256c78d1dcbf0583684a36e3bd46e12f	v12/docs/perf-baselines/2026-07-20-current-full-scorecard-cohort-b-async-compiled-02-selected.md
untracked	raw-performance-evidence	archive-raw	324	10450	869148ff85973695cb674d1ef778f1571f7f4f391b76cb7afd12f316644f4c14	v12/docs/perf-baselines/2026-07-20-current-full-scorecard-cohort-b-async-go-reference.json
untracked	supporting-performance-report	archive-supporting	17	1570	21e52e5627f35adc832102edb200b139bb34c8b3e281905538c5791eb4f1b361	v12/docs/perf-baselines/2026-07-20-current-full-scorecard-cohort-b-async-go-reference.md
untracked	raw-performance-evidence	archive-raw	683	22116	5fdf4bb696ef498452731064f1c557319de8ab545fe354bf70367db8bf32b3d1	v12/docs/perf-baselines/2026-07-20-current-full-scorecard-cohort-b-async-interpreter-reference-selected.json
untracked	supporting-performance-report	archive-supporting	24	3207	17a8ba57a945ce2e2d80e973ee231ef3faf026e98a0a6da44f4720a4a8614a3b	v12/docs/perf-baselines/2026-07-20-current-full-scorecard-cohort-b-async-interpreter-reference-selected.md
untracked	raw-performance-evidence	archive-raw	663	22899	b64c4165005638d738f728d4727d264961d8a4765926f663b2972d39df22f932	v12/docs/perf-baselines/2026-07-20-current-full-scorecard-cohort-b-coverage-extra-bytecode-01-selected.json
untracked	supporting-performance-report	archive-supporting	16	1267	7acd3856cadab7962b9c803b9ea70cf941822d1ee4f07f203de848e44109adb8	v12/docs/perf-baselines/2026-07-20-current-full-scorecard-cohort-b-coverage-extra-bytecode-01-selected.md
untracked	raw-performance-evidence	archive-raw	679	23540	5a46e2c4c699da63a757c49bb6061c29c39fef410522720c9789d47d7c1e6a1c	v12/docs/perf-baselines/2026-07-20-current-full-scorecard-cohort-b-coverage-extra-bytecode-02-selected.json
untracked	supporting-performance-report	archive-supporting	16	1270	f5f09db612d1b469d5d4ba6927a97e5d2cebb98c443940de609c350b133a22c2	v12/docs/perf-baselines/2026-07-20-current-full-scorecard-cohort-b-coverage-extra-bytecode-02-selected.md
untracked	raw-performance-evidence	archive-raw	671	23285	984cfbcc8de56ea908874cdad42fdc9279c497409ab7e7dd96b69fd888224bbb	v12/docs/perf-baselines/2026-07-20-current-full-scorecard-cohort-b-coverage-extra-bytecode-03-selected.json
untracked	supporting-performance-report	archive-supporting	16	1283	8dc8023251a5fec90546cfb317afe02efc63db0ee3a0eb972e6af656d8ce4501	v12/docs/perf-baselines/2026-07-20-current-full-scorecard-cohort-b-coverage-extra-bytecode-03-selected.md
untracked	raw-performance-evidence	archive-raw	655	22733	f613a701e95b8a127714f862f450218052d6dbe59ad7a3d3698a1e1c65330b46	v12/docs/perf-baselines/2026-07-20-current-full-scorecard-cohort-b-coverage-extra-bytecode-04-selected.json
untracked	supporting-performance-report	archive-supporting	16	1294	d528d15c74aa1b3664f4c363e5b6725212256dc5d0301fa3884b584154bc34d5	v12/docs/perf-baselines/2026-07-20-current-full-scorecard-cohort-b-coverage-extra-bytecode-04-selected.md
untracked	raw-performance-evidence	archive-raw	518	17551	a38cd2712a8ee6c0133848f007e96a24cf12f800d1d68854a53e400a1a26c5c3	v12/docs/perf-baselines/2026-07-20-current-full-scorecard-cohort-b-coverage-extra-compiled-01-selected.json
untracked	supporting-performance-report	archive-supporting	16	1128	c92abfe376ae0eabe9ebe577f3c10c3059d9e54b9848d36d7861e69da3573580	v12/docs/perf-baselines/2026-07-20-current-full-scorecard-cohort-b-coverage-extra-compiled-01-selected.md
untracked	raw-performance-evidence	archive-raw	534	18200	69ea1e2b25903006e221d7917a4b9e09373f2c5877f71183a07490b192c5b051	v12/docs/perf-baselines/2026-07-20-current-full-scorecard-cohort-b-coverage-extra-compiled-02-selected.json
untracked	supporting-performance-report	archive-supporting	16	1132	e1bad1c02c1c89133f174001489440a229be467607c4258fe40c6b98cedffecc	v12/docs/perf-baselines/2026-07-20-current-full-scorecard-cohort-b-coverage-extra-compiled-02-selected.md
untracked	raw-performance-evidence	archive-raw	526	17940	6b08f2a2f26c6fe619390ed95a2ba2803463228b988774fed79411e7fa8663fd	v12/docs/perf-baselines/2026-07-20-current-full-scorecard-cohort-b-coverage-extra-compiled-03-selected.json
untracked	supporting-performance-report	archive-supporting	16	1142	67a7ac863efa0427a333e23b99dfd2475b8fea67abe300ba7e494f1b6eafe4e0	v12/docs/perf-baselines/2026-07-20-current-full-scorecard-cohort-b-coverage-extra-compiled-03-selected.md
untracked	raw-performance-evidence	archive-raw	510	17385	22c0f5c24a9a18df8e74d8c44e1bca70a35d4c589a0ae360456d6b58789b51bf	v12/docs/perf-baselines/2026-07-20-current-full-scorecard-cohort-b-coverage-extra-compiled-04-selected.json
untracked	supporting-performance-report	archive-supporting	16	1156	bef99e4b17cbcb3a874abf87bd77b7a3fe7fbc3f1122218d79a4329e13ccc93e	v12/docs/perf-baselines/2026-07-20-current-full-scorecard-cohort-b-coverage-extra-compiled-04-selected.md
untracked	raw-performance-evidence	archive-raw	636	20529	bfccb4d5018c5d51aa459716a1f62e2a4dd723661d4fd374a146da97544c2941	v12/docs/perf-baselines/2026-07-20-current-full-scorecard-cohort-b-coverage-extra-go-reference.json
untracked	supporting-performance-report	archive-supporting	23	2827	4ccf646f836c0b748547eb02d1581c761217ff5ac095652a2952d2b84e0ea984	v12/docs/perf-baselines/2026-07-20-current-full-scorecard-cohort-b-coverage-extra-go-reference.md
untracked	raw-performance-evidence	archive-raw	1343	43550	992b9c6293518b7f28e9de7f617af8729cd9d58ba33a9016a6c79cfac42a2acd	v12/docs/perf-baselines/2026-07-20-current-full-scorecard-cohort-b-coverage-extra-interpreter-reference-selected.json
untracked	supporting-performance-report	archive-supporting	36	5973	5177fbbbb6bcfcbff204d60317c2380ec32c899798b5b03e0614bf6cd73f1845	v12/docs/perf-baselines/2026-07-20-current-full-scorecard-cohort-b-coverage-extra-interpreter-reference-selected.md
untracked	raw-performance-evidence	archive-raw	294	9485	ebb4700636c2f594a278b8e05dd3d2792ff931c9e6cfc43afa562d6cc3115c43	v12/docs/perf-baselines/2026-07-20-current-full-scorecard-cohort-b-generality-bytecode-01-status.json
untracked	supporting-performance-report	archive-supporting	16	1147	f3054c66be0a1a3e68476927ea60164ff0b1e8539cab075ed03e6f7888b6cc7a	v12/docs/perf-baselines/2026-07-20-current-full-scorecard-cohort-b-generality-bytecode-01-status.md
untracked	raw-performance-evidence	archive-raw	248	8060	0cd474e93caec163bbe542ed3b3402b8d73ac73346e56c0b27209e597a9def14	v12/docs/perf-baselines/2026-07-20-current-full-scorecard-cohort-b-generality-bytecode-02-status.json
untracked	supporting-performance-report	archive-supporting	15	921	de73f5a4c84d679033011c11960ac4f475229b817cecca124f30c614c1396035	v12/docs/perf-baselines/2026-07-20-current-full-scorecard-cohort-b-generality-bytecode-02-status.md
untracked	raw-performance-evidence	archive-raw	663	22671	3e1c3bf50ea0a82455c03074353c4c5c023bbe706e029134b5453d5ce78f5741	v12/docs/perf-baselines/2026-07-20-current-full-scorecard-cohort-b-generality-bytecode-03-selected.json
untracked	supporting-performance-report	archive-supporting	16	1209	d8b2b4717ddb0f9b2769c8a8a7c8ca91902a6c1cdac7e5d060fabe038fc8b368	v12/docs/perf-baselines/2026-07-20-current-full-scorecard-cohort-b-generality-bytecode-03-selected.md
untracked	raw-performance-evidence	archive-raw	657	22546	7f096a3f7add1965a5b3e080bd5703d3876f46e52aec1f8177475ea4f8e0c7c3	v12/docs/perf-baselines/2026-07-20-current-full-scorecard-cohort-b-generality-bytecode-04-selected.json
untracked	supporting-performance-report	archive-supporting	16	1234	829acd3dd9d541f779ccfadd80def1d626b346312c5bf251ad8d425fcc92534d	v12/docs/perf-baselines/2026-07-20-current-full-scorecard-cohort-b-generality-bytecode-04-selected.md
untracked	raw-performance-evidence	archive-raw	671	23300	40276d896a18fbb9009dee79b9e68263980a2889eb9edd7b6030cb5489dbc19a	v12/docs/perf-baselines/2026-07-20-current-full-scorecard-cohort-b-generality-bytecode-05-selected.json
untracked	supporting-performance-report	archive-supporting	16	1267	d604cb549482cf409d9dfd714978ac3619c0a19a43b65ae5580cdf3af140e0fc	v12/docs/perf-baselines/2026-07-20-current-full-scorecard-cohort-b-generality-bytecode-05-selected.md
untracked	raw-performance-evidence	archive-raw	207	6592	a3eac7046cd2b2b617c42876919a400ba30ab2191660ac2d07e4a9dd1f5cdb13	v12/docs/perf-baselines/2026-07-20-current-full-scorecard-cohort-b-generality-bytecode-06-status.json
untracked	supporting-performance-report	archive-supporting	15	913	92a9455a5c9be084ef08872e36b1a1890d723c8ab4b2a9817c3d596b3c60ca79	v12/docs/perf-baselines/2026-07-20-current-full-scorecard-cohort-b-generality-bytecode-06-status.md
untracked	raw-performance-evidence	archive-raw	444	15215	953d6651b04530ba473f867ffaa861fc8af984f6edfeae3e397524f8803e820c	v12/docs/perf-baselines/2026-07-20-current-full-scorecard-cohort-b-generality-bytecode-07-selected.json
untracked	supporting-performance-report	archive-supporting	15	1058	27a5f5e8b5b097977c367d8da1f25247cc008c3cd0583fb8993d2cf4e4897848	v12/docs/perf-baselines/2026-07-20-current-full-scorecard-cohort-b-generality-bytecode-07-selected.md
untracked	raw-performance-evidence	archive-raw	512	17193	116d91e5dfa4ef9d87f40a0672016f145b615181315ca23cbe7e12239f0e5491	v12/docs/perf-baselines/2026-07-20-current-full-scorecard-cohort-b-generality-compiled-01-selected.json
untracked	supporting-performance-report	archive-supporting	16	1091	7235961a53c39b1027e05ae40b1e0d3b95dac4c498bd84955d0af089b9b83e6b	v12/docs/perf-baselines/2026-07-20-current-full-scorecard-cohort-b-generality-compiled-01-selected.md
untracked	raw-performance-evidence	archive-raw	347	11640	6f64a6d25e879c1f7b343c58e9a2d1b6d229fc66b591f7dab64c132a81c1851c	v12/docs/perf-baselines/2026-07-20-current-full-scorecard-cohort-b-generality-compiled-02-selected.json
untracked	supporting-performance-report	archive-supporting	15	936	4bf3109ecb64e94c6e39a440e9481854ad92e4509ff962a3afdc4e83a5951acc	v12/docs/perf-baselines/2026-07-20-current-full-scorecard-cohort-b-generality-compiled-02-selected.md
untracked	raw-performance-evidence	archive-raw	518	17363	c6d46846bc329038d14837b8562c66f81582d708b48a8db9d90cdf944b8c169e	v12/docs/perf-baselines/2026-07-20-current-full-scorecard-cohort-b-generality-compiled-03-selected.json
untracked	supporting-performance-report	archive-supporting	16	1073	835c97a5dd0ec8857c540deef336908406835ff87213af19467954f74a0a5764	v12/docs/perf-baselines/2026-07-20-current-full-scorecard-cohort-b-generality-compiled-03-selected.md
untracked	raw-performance-evidence	archive-raw	512	17197	e9d77ac7c53eb4b159caeda249253eab821e75d5a6960c13af7b8722ab3a418a	v12/docs/perf-baselines/2026-07-20-current-full-scorecard-cohort-b-generality-compiled-04-selected.json
untracked	supporting-performance-report	archive-supporting	16	1097	793980740699c0acf44c9417e0b751500c6dc17115204f65e03fffcd0985d957	v12/docs/perf-baselines/2026-07-20-current-full-scorecard-cohort-b-generality-compiled-04-selected.md
untracked	raw-performance-evidence	archive-raw	526	17932	e4b3395e1ab18502032ff407b4d3c4e87afc79fc3bf04ddadee1a0400f9485e6	v12/docs/perf-baselines/2026-07-20-current-full-scorecard-cohort-b-generality-compiled-05-selected.json
untracked	supporting-performance-report	archive-supporting	16	1126	055873869899eb0b07c5ca7d76969f4d982a4f903fa5c3395c10279d8755af66	v12/docs/perf-baselines/2026-07-20-current-full-scorecard-cohort-b-generality-compiled-05-selected.md
untracked	raw-performance-evidence	archive-raw	355	11927	c9b44928939e728451ab44fd9e787670df09fa3ea07014eee13dcc5e6325fb55	v12/docs/perf-baselines/2026-07-20-current-full-scorecard-cohort-b-generality-compiled-06-selected.json
untracked	supporting-performance-report	archive-supporting	15	938	168b0e5742c7d5ef521793b1676e025900ecdb961dd004b1f4bf7a2dba9c58ae	v12/docs/perf-baselines/2026-07-20-current-full-scorecard-cohort-b-generality-compiled-06-selected.md
untracked	raw-performance-evidence	archive-raw	347	11639	29ce1076d8097d3a2c265bcef34627041d582695407f32195a53d2909b57ebdb	v12/docs/perf-baselines/2026-07-20-current-full-scorecard-cohort-b-generality-compiled-07-selected.json
untracked	supporting-performance-report	archive-supporting	15	938	ee5025e52ace4d81805cb77f5a0f44ffd9a38b1e4000da7ba3f7b1c75e711f19	v12/docs/perf-baselines/2026-07-20-current-full-scorecard-cohort-b-generality-compiled-07-selected.md
untracked	raw-performance-evidence	archive-raw	952	30731	5b8499dd423b0285d9c335a7f33d631e6af48fe473129e0d8ceb884fd0f14074	v12/docs/perf-baselines/2026-07-20-current-full-scorecard-cohort-b-generality-go-reference.json
untracked	supporting-performance-report	archive-supporting	29	4249	872651e7a3e9345cb8780ea9c8489f1969f8b1f8df73f3419f877dbeba655d44	v12/docs/perf-baselines/2026-07-20-current-full-scorecard-cohort-b-generality-go-reference.md
untracked	raw-performance-evidence	archive-raw	1241	40377	e3da0ba0458150624d1ba7ef6f035c67327a6710c4ea012bb753ddc5e46da5b9	v12/docs/perf-baselines/2026-07-20-current-full-scorecard-cohort-b-generality-interpreter-reference-selected.json
untracked	supporting-performance-report	archive-supporting	34	5944	c942541a1ea5fe501a2e1eded9450523ec07c3bdca17b01a04cbf75d9f0e2be7	v12/docs/perf-baselines/2026-07-20-current-full-scorecard-cohort-b-generality-interpreter-reference-selected.md
untracked	raw-performance-evidence	archive-raw	447	13597	7440a7a8aab462e5d7fecda000eacc608fb8cb1378a23170dd7130c6a1382aa1	v12/docs/perf-baselines/2026-07-20-current-full-scorecard-cohort-b-generality-interpreter-reference-status.json
untracked	supporting-performance-report	archive-supporting	26	3274	7b51df3c3347e40ca85909b60ecb64ff6becd7c1f3bc6156d999ee952a519b25	v12/docs/perf-baselines/2026-07-20-current-full-scorecard-cohort-b-generality-interpreter-reference-status.md
untracked	raw-performance-evidence	archive-raw	86	119719	87c9be2e7fef479fc4d0415bcc077785e85782659d2b1b86a105be88b9a0a380	v12/docs/perf-baselines/2026-07-20-current-full-scorecard-cohort-b-refresh.json
untracked	supporting-performance-report	archive-supporting	133	13906	2cae4b1022952ac1a2942e7029c0e08dd9d2a5fde1c9a18ea00cbe9123ae21a9	v12/docs/perf-baselines/2026-07-20-current-full-scorecard-cohort-b-refresh.md
untracked	raw-performance-evidence	archive-raw	8	272	8c918dff5ca148a5ef9e7e139807b3a3a7986779ce2903dd4b4387b50fa26d5f	v12/docs/perf-baselines/2026-07-20-current-full-scorecard-cohort-b-stdlib-source-state.json
untracked	raw-performance-evidence	archive-raw	6331	182878	1451a27f47ab46dd7f3a3203cc6596bd1a4c6c0a2908f2dc18c5f9f0295b4359	v12/docs/perf-baselines/2026-07-20-current-full-scorecard-variance.json
untracked	supporting-performance-report	archive-supporting	80	18361	ad4dc4b04919c2eaa4ce1e5e97779f3768a9b1ff0d0c0fa8adc7709793a72150	v12/docs/perf-baselines/2026-07-20-current-full-scorecard-variance.md
untracked	supporting-performance-report	archive-supporting	137	7409	91d100e6109f06255b1b745285abc9bd7a037f140b865ec23f6d775e4a8da20a	v12/docs/perf-baselines/2026-07-20-current-iterator-control-profile-refresh.md
untracked	supporting-performance-report	archive-supporting	128	6716	c306066e02958b43a235cb22219fa49be142320c38634c978322b8a0da4f25ac	v12/docs/perf-baselines/2026-07-20-current-product-scorecard-and-frontier-refresh.md
untracked	raw-performance-evidence	archive-raw	663	22944	ed634a1772fdc4ead97c2e5a5253c864cf25adbf333cd09c3e3f04598b537e70	v12/docs/perf-baselines/2026-07-20-current-product-scorecard-async-bytecode-01-selected.json
untracked	supporting-performance-report	archive-supporting	16	1252	81ac18f0a6aba11ec0c38bb09dbdb9078531bbf437edff3fa7cc09575603b0e0	v12/docs/perf-baselines/2026-07-20-current-product-scorecard-async-bytecode-01-selected.md
untracked	raw-performance-evidence	archive-raw	866	30020	f115abf5d1430286cd5df3dfa2f159aef0c879b0471e2177c921ee4af727b67d	v12/docs/perf-baselines/2026-07-20-current-product-scorecard-async-bytecode-02-selected.json
untracked	supporting-performance-report	archive-supporting	17	1445	295777c14d7bcaf6c8e44c1f6797afb14d00075eba2051605bddd526c011f973	v12/docs/perf-baselines/2026-07-20-current-product-scorecard-async-bytecode-02-selected.md
untracked	raw-performance-evidence	archive-raw	518	17662	011d16868da68ecf60f3eda8ef64b230a44f3058dd85f6574ac0c171411fa6c7	v12/docs/perf-baselines/2026-07-20-current-product-scorecard-async-compiled-01-selected.json
untracked	supporting-performance-report	archive-supporting	16	1118	451d1681af1a64750c293abe02d1f1220c433c4c5dc0a704ac939632a8b7218b	v12/docs/perf-baselines/2026-07-20-current-product-scorecard-async-compiled-01-selected.md
untracked	raw-performance-evidence	archive-raw	673	22985	058fb9a7796a5e4a7c1246d6ce8bd94ab96aa190ee4921c1a0da3107d5b178ac	v12/docs/perf-baselines/2026-07-20-current-product-scorecard-async-compiled-02-selected.json
untracked	supporting-performance-report	archive-supporting	17	1297	1f8abc4c4d7cba2faff1efd41e06941da75d1be83a552897782f35514f42bd8a	v12/docs/perf-baselines/2026-07-20-current-product-scorecard-async-compiled-02-selected.md
untracked	raw-performance-evidence	archive-raw	376	12159	2da40fe64ff41db96a13d99cc00c0eaa419164db2ad5cf654a42c9be128cd982	v12/docs/perf-baselines/2026-07-20-current-product-scorecard-async-go-reference.json
untracked	supporting-performance-report	archive-supporting	18	1779	9681aee02f820b1a09794280c11a1fea41aade55f5c0aed704fb41dd796ce342	v12/docs/perf-baselines/2026-07-20-current-product-scorecard-async-go-reference.md
untracked	raw-performance-evidence	archive-raw	793	25694	7344b3c8ffce4ef83725700544139a8b5d08aa2437726e54354ccf7b6fceff2f	v12/docs/perf-baselines/2026-07-20-current-product-scorecard-async-interpreter-reference-selected.json
untracked	supporting-performance-report	archive-supporting	26	3666	1550bbd0883ab61f70c09ae4c362ad67f8d25bc5fb9056a5ab089470ac889ac0	v12/docs/perf-baselines/2026-07-20-current-product-scorecard-async-interpreter-reference-selected.md
untracked	raw-performance-evidence	archive-raw	874	30282	e35f360571164bbee7258f7780534bb7d4eb6a5731b737b6a9c0f08e6716da34	v12/docs/perf-baselines/2026-07-20-current-product-scorecard-coverage-extra-bytecode-01-selected.json
untracked	supporting-performance-report	archive-supporting	17	1460	d03bc850a443ccfd2dd7fb9376cd62a20ade69618e8ebe933508a47720f5e5a0	v12/docs/perf-baselines/2026-07-20-current-product-scorecard-coverage-extra-bytecode-01-selected.md
untracked	raw-performance-evidence	archive-raw	679	23531	c4db1ffccef3515285247aa4024e498fb35e1d286435bf3b81ab6a6443edd724	v12/docs/perf-baselines/2026-07-20-current-product-scorecard-coverage-extra-bytecode-02-selected.json
untracked	supporting-performance-report	archive-supporting	16	1265	eb0cd9cd34b944d28ffe930dd4b85d4b243a112bb2c95e2218921c3bc6fe507c	v12/docs/perf-baselines/2026-07-20-current-product-scorecard-coverage-extra-bytecode-02-selected.md
untracked	raw-performance-evidence	archive-raw	890	30957	1b0417fc6844c68d4fa57b474f250e914c8b95649c2b42346637481ae2bc442b	v12/docs/perf-baselines/2026-07-20-current-product-scorecard-coverage-extra-bytecode-03-selected.json
untracked	supporting-performance-report	archive-supporting	17	1479	5122542c0bbdd13416c0fd5fcfbbb48c934fe2ce51e787699fddf58394f757e2	v12/docs/perf-baselines/2026-07-20-current-product-scorecard-coverage-extra-bytecode-03-selected.md
untracked	raw-performance-evidence	archive-raw	866	30149	d2e03dda6e61b62ab7b391fe72f542d5cbedbde673baf60d0ed42de2d0355083	v12/docs/perf-baselines/2026-07-20-current-product-scorecard-coverage-extra-bytecode-04-selected.json
untracked	supporting-performance-report	archive-supporting	17	1496	b5944c7cc1f63b55c1ec494b873f4598d8897627de5b0a0f104934a48f01ea09	v12/docs/perf-baselines/2026-07-20-current-product-scorecard-coverage-extra-bytecode-04-selected.md
untracked	raw-performance-evidence	archive-raw	241	8362	cdf55ebbdc7bdd03c86e28436600906fd61eb1112bc509fd476d0c6707a696cb	v12/docs/perf-baselines/2026-07-20-current-product-scorecard-coverage-extra-bytecode-05-selected.json
untracked	supporting-performance-report	archive-supporting	14	914	ad13dd951d06b1d21cabd634b0499ac2a5dff4377effb5d59815748dcb3f1d73	v12/docs/perf-baselines/2026-07-20-current-product-scorecard-coverage-extra-bytecode-05-selected.md
untracked	raw-performance-evidence	archive-raw	681	23157	0367b805ffa2a140652c3e58762ccd533c52701a13dde1e390c59051abbc5798	v12/docs/perf-baselines/2026-07-20-current-product-scorecard-coverage-extra-compiled-01-selected.json
untracked	supporting-performance-report	archive-supporting	17	1301	eea66307cd1607cca6581f91d7a7ae99169700c999a0561a79bafbfbb818a4ae	v12/docs/perf-baselines/2026-07-20-current-product-scorecard-coverage-extra-compiled-01-selected.md
untracked	raw-performance-evidence	archive-raw	534	18158	ae54cf43690a504594b6edd69e4f768e57d531d51d4f3f76b0a0ef75dc1e292e	v12/docs/perf-baselines/2026-07-20-current-product-scorecard-coverage-extra-compiled-02-selected.json
untracked	supporting-performance-report	archive-supporting	16	1127	336c774cb1b9c0664b883dac4a8cb4afea27dc667e52ca9c7cab965e2b8afd3c	v12/docs/perf-baselines/2026-07-20-current-product-scorecard-coverage-extra-compiled-02-selected.md
untracked	raw-performance-evidence	archive-raw	697	23813	edc8999f2a6885f71a4cc22e12a722a46f3740cd2041e57e11d871236c235745	v12/docs/perf-baselines/2026-07-20-current-product-scorecard-coverage-extra-compiled-03-selected.json
untracked	supporting-performance-report	archive-supporting	17	1319	d399ff8a608e616f845bac98585fced4440538ddf103afff86572a807919c9f6	v12/docs/perf-baselines/2026-07-20-current-product-scorecard-coverage-extra-compiled-03-selected.md
untracked	raw-performance-evidence	archive-raw	673	23033	4b0d135e5589aeb82d128409eada3deba82119e4a2417b87bf4e68c17ced5a65	v12/docs/perf-baselines/2026-07-20-current-product-scorecard-coverage-extra-compiled-04-selected.json
untracked	supporting-performance-report	archive-supporting	17	1339	55ad70ef9a4d10865c4794ef748c0396ecb4f58c10ca8cdf0862eb80d60180a3	v12/docs/perf-baselines/2026-07-20-current-product-scorecard-coverage-extra-compiled-04-selected.md
untracked	raw-performance-evidence	archive-raw	192	6546	eac87c0d0c1e3b1518bb95aa779a37b186f9737c4c62c46d94c765bd1033e48e	v12/docs/perf-baselines/2026-07-20-current-product-scorecard-coverage-extra-compiled-05-selected.json
untracked	supporting-performance-report	archive-supporting	14	811	41a5a49e62abdbe5dfa59e17956d66a6a5be4db9882c0c16c0c3b989f8575b5f	v12/docs/perf-baselines/2026-07-20-current-product-scorecard-coverage-extra-compiled-05-selected.md
untracked	raw-performance-evidence	archive-raw	844	27321	c8e464ff234c5c6b0f1da17f5b2ca6b2295c1c64dd61ede7c1f6cdb9e35cf279	v12/docs/perf-baselines/2026-07-20-current-product-scorecard-coverage-extra-go-reference.json
untracked	supporting-performance-report	archive-supporting	27	3689	13b26cfbeb0063d157803358e81af7a8538011c4c51a66acbee3ab67a93910b3	v12/docs/perf-baselines/2026-07-20-current-product-scorecard-coverage-extra-go-reference.md
untracked	raw-performance-evidence	archive-raw	1783	57954	6771da315e359b741589f673d6b8c44513c863c4741d68fb74facdd319f75e1c	v12/docs/perf-baselines/2026-07-20-current-product-scorecard-coverage-extra-interpreter-reference-selected.json
untracked	supporting-performance-report	archive-supporting	44	7864	7f81a7772c0b66b86f8735ed63b4647bf13d9e23661b4cd912bf9f5ab2769434	v12/docs/perf-baselines/2026-07-20-current-product-scorecard-coverage-extra-interpreter-reference-selected.md
untracked	raw-performance-evidence	archive-raw	294	9483	f7f96d9c074d684042da0e46f0793954aff4df6943e3a48fe3d22327a9a5131e	v12/docs/perf-baselines/2026-07-20-current-product-scorecard-generality-bytecode-01-status.json
untracked	supporting-performance-report	archive-supporting	16	1142	f8860fc3b2172224e028e7de7a6ad0cc5352728722cc428d0c0b3a316ce814b3	v12/docs/perf-baselines/2026-07-20-current-product-scorecard-generality-bytecode-01-status.md
untracked	raw-performance-evidence	archive-raw	248	8056	f08be08c0fb40ff1bb38ef956b5453b4f3c55a44737785702d34ce4606c45269	v12/docs/perf-baselines/2026-07-20-current-product-scorecard-generality-bytecode-02-status.json
untracked	supporting-performance-report	archive-supporting	15	916	73c2c9416d8dfd5fe3dc818d0255a49d4461b95cf7f9e9ff810698786433fe5d	v12/docs/perf-baselines/2026-07-20-current-product-scorecard-generality-bytecode-02-status.md
untracked	raw-performance-evidence	archive-raw	663	22666	7a83cc3f7b11021a7f233e6e6f824a3c61b5ec157a61a01259562f8d5c35f6b7	v12/docs/perf-baselines/2026-07-20-current-product-scorecard-generality-bytecode-03-selected.json
untracked	supporting-performance-report	archive-supporting	16	1204	b539de5129f3317a99371bda34252d9b5f0d31f8be247bf384d20488612f0183	v12/docs/perf-baselines/2026-07-20-current-product-scorecard-generality-bytecode-03-selected.md
untracked	raw-performance-evidence	archive-raw	657	22541	617bc96889e4f2d7962f8ab47007c818b0c95045b35ef59fd7efe23ac679fcfd	v12/docs/perf-baselines/2026-07-20-current-product-scorecard-generality-bytecode-04-selected.json
untracked	supporting-performance-report	archive-supporting	16	1229	e05d1d7e88049283bbc33d0d546ffb44c0cdbb84c1988e0fa84aa21ba029f23a	v12/docs/perf-baselines/2026-07-20-current-product-scorecard-generality-bytecode-04-selected.md
untracked	raw-performance-evidence	archive-raw	671	23295	4fc9ee536b82e4cb31fec5f1c81b9571e2e1b809d49a161c03deb708ce189c00	v12/docs/perf-baselines/2026-07-20-current-product-scorecard-generality-bytecode-05-selected.json
untracked	supporting-performance-report	archive-supporting	16	1262	e37714723f4a3b0fa4b3968f60afd904c295835ceac2e41060974cfd5bec857b	v12/docs/perf-baselines/2026-07-20-current-product-scorecard-generality-bytecode-05-selected.md
untracked	raw-performance-evidence	archive-raw	207	6588	6b29a8366583578522c4cc245dac6776c0194c124a9065826001469e3bedfca2	v12/docs/perf-baselines/2026-07-20-current-product-scorecard-generality-bytecode-06-status.json
untracked	supporting-performance-report	archive-supporting	15	908	920889e7069cba53e7c260fd125971c73af29b4b6e0c594d2cca84f711d6073d	v12/docs/perf-baselines/2026-07-20-current-product-scorecard-generality-bytecode-06-status.md
untracked	raw-performance-evidence	archive-raw	444	15208	876cd6d708b86c76463c086b492ad36590c6cb4b2f2583033b3308f3a92a3cd2	v12/docs/perf-baselines/2026-07-20-current-product-scorecard-generality-bytecode-07-selected.json
untracked	supporting-performance-report	archive-supporting	15	1054	e32340a2323e8a4d79c5f86d893eac99181d929ab62958fba6fcec21a934d38d	v12/docs/perf-baselines/2026-07-20-current-product-scorecard-generality-bytecode-07-selected.md
untracked	raw-performance-evidence	archive-raw	512	17192	73ff307e01148ff19eea2575d52fdddc644a5a0c2732aa1e340952e3824523bb	v12/docs/perf-baselines/2026-07-20-current-product-scorecard-generality-compiled-01-selected.json
untracked	supporting-performance-report	archive-supporting	16	1086	65c1da9b883a374d6ae7433a806dd9c25173fe6bf39e715fd0e0f85070cb7f90	v12/docs/perf-baselines/2026-07-20-current-product-scorecard-generality-compiled-01-selected.md
untracked	raw-performance-evidence	archive-raw	347	11642	6c7cdaaa473211ac00fdaa1ac2ed95a993e3d5d9ab1052065564726836ff1d21	v12/docs/perf-baselines/2026-07-20-current-product-scorecard-generality-compiled-02-selected.json
untracked	supporting-performance-report	archive-supporting	15	931	8b2d05a47670df58f83c0175bbdb9d947e59c12da30a6540cf58e1c1700b2321	v12/docs/perf-baselines/2026-07-20-current-product-scorecard-generality-compiled-02-selected.md
untracked	raw-performance-evidence	archive-raw	518	17363	65f29511d409ff6a97fd716f8ad77661fc61882456a3e1f7a4e2d2c4ed0ba49b	v12/docs/perf-baselines/2026-07-20-current-product-scorecard-generality-compiled-03-selected.json
untracked	supporting-performance-report	archive-supporting	16	1068	c16cc0c5ec0265b2efed6719c50fb44a6ba7f72fa4c31ecf63f5aa1cef5ee534	v12/docs/perf-baselines/2026-07-20-current-product-scorecard-generality-compiled-03-selected.md
untracked	raw-performance-evidence	archive-raw	512	17194	7a1e52b29d9e6656dfe46521df6ba79b3b5c64e0c4822c9dcc404ca24ccd5db0	v12/docs/perf-baselines/2026-07-20-current-product-scorecard-generality-compiled-04-selected.json
untracked	supporting-performance-report	archive-supporting	16	1092	2168eea59a072ce106709e3382b998a3aa15ddc69d1f8bd35016c5646673366f	v12/docs/perf-baselines/2026-07-20-current-product-scorecard-generality-compiled-04-selected.md
untracked	raw-performance-evidence	archive-raw	526	17926	e5416b7911f5668495dc9cd983dda2895fad5974bc5997f0c8a0bd6429793da7	v12/docs/perf-baselines/2026-07-20-current-product-scorecard-generality-compiled-05-selected.json
untracked	supporting-performance-report	archive-supporting	16	1121	025ad421c6656b713a9759e783c62e2fc067b6fe405aa1645d164ffdee73e15c	v12/docs/perf-baselines/2026-07-20-current-product-scorecard-generality-compiled-05-selected.md
untracked	raw-performance-evidence	archive-raw	355	11920	105b8b848740615d61af6115bb6ef6aa90718835ed836c8b482eee8a2f708a90	v12/docs/perf-baselines/2026-07-20-current-product-scorecard-generality-compiled-06-selected.json
untracked	supporting-performance-report	archive-supporting	15	933	17727d61864f481b34ce02790a9bef1006fb746fedaf1324fe4d37cd1680afd1	v12/docs/perf-baselines/2026-07-20-current-product-scorecard-generality-compiled-06-selected.md
untracked	raw-performance-evidence	archive-raw	347	11635	1cdb4d29ca6a19b230286300792b255d586918a6444784996462fd679ef7f38d	v12/docs/perf-baselines/2026-07-20-current-product-scorecard-generality-compiled-07-selected.json
untracked	supporting-performance-report	archive-supporting	15	933	9f1d63014f8cb180d8f9e968e30a28868a71da7e89a62ecfa0a401d8f4656f42	v12/docs/perf-baselines/2026-07-20-current-product-scorecard-generality-compiled-07-selected.md
untracked	raw-performance-evidence	archive-raw	952	30738	156c9d7b397efd237120c82f2c45b1ebfce676402ca790842451f6ac65c42789	v12/docs/perf-baselines/2026-07-20-current-product-scorecard-generality-go-reference.json
untracked	supporting-performance-report	archive-supporting	29	4250	516971e3dbc960058df8f4f99fe95af5903b03d63eadaf2d3919e3d02170fc88	v12/docs/perf-baselines/2026-07-20-current-product-scorecard-generality-go-reference.md
untracked	raw-performance-evidence	archive-raw	1241	40372	bb5998d8cfc45517aae064ce457a4c3c102535e8badca291265da942a164be93	v12/docs/perf-baselines/2026-07-20-current-product-scorecard-generality-interpreter-reference-selected.json
untracked	supporting-performance-report	archive-supporting	34	5945	0d390f1c4ae694289ea0720b1503305dcf288996d7e1743cbf2f5fefe027c498	v12/docs/perf-baselines/2026-07-20-current-product-scorecard-generality-interpreter-reference-selected.md
untracked	raw-performance-evidence	archive-raw	447	13600	7d561494514889450e1768a1826184e17d5cd99a8d420a79215063b516eb001c	v12/docs/perf-baselines/2026-07-20-current-product-scorecard-generality-interpreter-reference-status.json
untracked	supporting-performance-report	archive-supporting	26	3275	d38d1d1d075ac35e7c72a85a3cc17affaf9baa311c5a5d21270069cd8da0e964	v12/docs/perf-baselines/2026-07-20-current-product-scorecard-generality-interpreter-reference-status.md
untracked	raw-performance-evidence	archive-raw	96	136616	de5eb4331c219c6f68e447669fa721824b4752ee0a2672cef7ed95c3f4ef9229	v12/docs/perf-baselines/2026-07-20-current-product-scorecard-refresh.json
untracked	supporting-performance-report	archive-supporting	145	15200	bcb698ff6d57d3f20f3326c081a4b91379058c631e92d3b00e34103d05207cba	v12/docs/perf-baselines/2026-07-20-current-product-scorecard-refresh.md
untracked	raw-performance-evidence	archive-raw	8	272	d8126a7ee93174b48c3c597839bac1620f3ab7b6babe10e23eb0f95c1d3bc28b	v12/docs/perf-baselines/2026-07-20-current-product-scorecard-stdlib-source-state.json
untracked	supporting-performance-report	archive-supporting	123	6038	46b9c46ece40104f1e2dabf4c1d862045654cd17abd944f4e73f911861a387f3	v12/docs/perf-baselines/2026-07-20-current-two-cohort-scorecard-reconciliation.md
untracked	supporting-performance-report	archive-supporting	135	6790	b79964dccfd9cd291a40c3a99167dd6cf37c11986d81a4637d2ebea9680c43de	v12/docs/perf-baselines/2026-07-20-dependency-wave-application-gate.md
untracked	raw-performance-evidence	archive-raw	397	13783	567cbacfcbb65e9bc2c3b3599512346065360124d255f4d22e0d244566a63891	v12/docs/perf-baselines/2026-07-20-dependency-wave-baseline.json
untracked	supporting-performance-report	archive-supporting	16	1255	5dec909aff920864677f1255a0f26ca5a264988d5533fd26af39f1f25b19afe6	v12/docs/perf-baselines/2026-07-20-dependency-wave-baseline.md
untracked	raw-performance-evidence	archive-raw	64	2003	3968368dbf04781b327199008da3deeaca83aeed39666b70fb02d65e188087cc	v12/docs/perf-baselines/2026-07-20-dependency-wave-go-reference.json
untracked	supporting-performance-report	archive-supporting	12	543	ddb4c5f3dccf0608597396394f6bbb267642637ee9bd3e4262cf4ac1fb377363	v12/docs/perf-baselines/2026-07-20-dependency-wave-go-reference.md
untracked	raw-performance-evidence	archive-raw	397	13786	dbde12dfa4d261b05ebe3323ac88d49a20d9091096cabf12a848ff6e6537badb	v12/docs/perf-baselines/2026-07-20-dependency-wave-independent.json
untracked	supporting-performance-report	archive-supporting	16	1255	4ec96c1532479e7c46a653de7f30ed3e8b3b2e85e0f6fe403c607e431de5e6c1	v12/docs/perf-baselines/2026-07-20-dependency-wave-independent.md
untracked	raw-performance-evidence	archive-raw	133	4269	3ff8cdaf7402708aa0ca5f06a3c9efc216da96bbf6c5828c49140b747e062174	v12/docs/perf-baselines/2026-07-20-dependency-wave-interpreter-reference.json
untracked	supporting-performance-report	archive-supporting	14	942	594b7b31a29606f152aa1ab4ef2c4706d1797d218309cd502c8376a10082a98f	v12/docs/perf-baselines/2026-07-20-dependency-wave-interpreter-reference.md
untracked	governing-decision-record	reviewed-governing	134	7045	c8794584b945a503634429e3015febb66761bf9994ef41c35e8216c6d725e56d	v12/docs/perf-baselines/2026-07-20-feature-interaction-application-gate.md
untracked	raw-performance-evidence	archive-raw	786	27362	8f2e1008a136d393969fe097d4cd7e131551aa4ccd59758c50bd6ac3d6407ed5	v12/docs/perf-baselines/2026-07-20-feature-interaction-baseline.json
untracked	supporting-performance-report	archive-supporting	18	1644	98ec53000987a95a7c5bc1c76c993e8bd248ac356f9708ea9374a9cc16e6f18c	v12/docs/perf-baselines/2026-07-20-feature-interaction-baseline.md
untracked	raw-performance-evidence	archive-raw	717	18345	b7d2c487c5a87ea8874f2358d8469a2aa13a5f1b6980ac2c4913a5d006d04cc9	v12/docs/perf-baselines/2026-07-20-feature-interaction-coverage-matrix.json
untracked	supporting-performance-report	archive-supporting	71	9633	a700c3421ec88b4e4878130a301e26d34a47d1a57ba1f6ff034a80cfd82a9aff	v12/docs/perf-baselines/2026-07-20-feature-interaction-coverage-matrix.md
untracked	raw-performance-evidence	archive-raw	116	3700	eb6706b7b498a9ef744386fd58741bb4cef709807905a69d3950952c1172c239	v12/docs/perf-baselines/2026-07-20-feature-interaction-go-reference.json
untracked	supporting-performance-report	archive-supporting	13	752	9a056cc9e87fceca3ba5db5c9a0a4df999cf9127552bbef6a20f188f672fba74	v12/docs/perf-baselines/2026-07-20-feature-interaction-go-reference.md
untracked	raw-performance-evidence	archive-raw	243	7853	1ac464a8d6f46706b117193be6ff0868930b1ab388347950458950369a0edecb	v12/docs/perf-baselines/2026-07-20-feature-interaction-interpreter-reference.json
untracked	supporting-performance-report	archive-supporting	16	1402	816bae909ecc33c95efc85d5f3643af38f87850ab579c99900b3c0597091f346	v12/docs/perf-baselines/2026-07-20-feature-interaction-interpreter-reference.md
untracked	supporting-performance-report	archive-supporting	137	6743	fcb84d9ce61984bf054317862d39b02763802a8f11c39decb84cac8d2e557864	v12/docs/perf-baselines/2026-07-20-generic-hash-map-index-gate.md
untracked	raw-performance-evidence	archive-raw	663	22938	95e098a64eb41fa4ae0b92ffc3cb6d5e624b657547f250a795e3cdd8e9f6a707	v12/docs/perf-baselines/2026-07-20-hash-index-cohort-a-async-bytecode-01-selected.json
untracked	supporting-performance-report	archive-supporting	16	1245	b20bfeef996f7a19506962ec304fa4b64ff4c14f8edf73e99aa493f1a4e1948d	v12/docs/perf-baselines/2026-07-20-hash-index-cohort-a-async-bytecode-01-selected.md
untracked	raw-performance-evidence	archive-raw	655	22659	21a7410e8520cf0464235b95362dce6f21e07e143d540b90dafca75307dcf320	v12/docs/perf-baselines/2026-07-20-hash-index-cohort-a-async-bytecode-02-selected.json
untracked	supporting-performance-report	archive-supporting	16	1250	8d222433305f6ab9ce7d1d80162fc4754c85d3c6afe1fac0e7170257539541ba	v12/docs/perf-baselines/2026-07-20-hash-index-cohort-a-async-bytecode-02-selected.md
untracked	raw-performance-evidence	archive-raw	518	17635	d1dd44d77d8d40620163f4a0e00a7dead61bcaf911033ae9712b94218f3d98f0	v12/docs/perf-baselines/2026-07-20-hash-index-cohort-a-async-compiled-01-selected.json
untracked	supporting-performance-report	archive-supporting	16	1111	cb51288ed8c65d804b86e84f6e5f3fa12585fcb05ce2e372a787e4d7f3be4500	v12/docs/perf-baselines/2026-07-20-hash-index-cohort-a-async-compiled-01-selected.md
untracked	raw-performance-evidence	archive-raw	510	17355	f616452ab032991a961dc414d9ebbcc4a5911b69135359a340984564704d769e	v12/docs/perf-baselines/2026-07-20-hash-index-cohort-a-async-compiled-02-selected.json
untracked	supporting-performance-report	archive-supporting	16	1117	5e2a28029827e1cf593a1b5b798186708ed408a3ae406c5d3b517b73c9010e14	v12/docs/perf-baselines/2026-07-20-hash-index-cohort-a-async-compiled-02-selected.md
untracked	raw-performance-evidence	archive-raw	324	10455	7c0ce72f2c0d7d4885793a2a66bb58237f155118ea4a12e1814b31e739909461	v12/docs/perf-baselines/2026-07-20-hash-index-cohort-a-async-go-reference.json
untracked	supporting-performance-report	archive-supporting	17	1570	d3a76a4c1604cddd536e5c3a4a404f9edf8cad3e7ff41862954911e58b5cc213	v12/docs/perf-baselines/2026-07-20-hash-index-cohort-a-async-go-reference.md
untracked	raw-performance-evidence	archive-raw	683	22111	3502fea4ad12c17df8358ae37c522820c3a195aed404c1ffa8d9bd165321a963	v12/docs/perf-baselines/2026-07-20-hash-index-cohort-a-async-interpreter-reference-selected.json
untracked	supporting-performance-report	archive-supporting	24	3207	1ef32c060a4b09ef33e2b2fa0341c08bd2919b3ffe540f36c4f043d25e55edca	v12/docs/perf-baselines/2026-07-20-hash-index-cohort-a-async-interpreter-reference-selected.md
untracked	raw-performance-evidence	archive-raw	663	22889	56ebe780d56edb30ce2069eef3c392b823afa3d5c43a200b1c5fd05444e8b745	v12/docs/perf-baselines/2026-07-20-hash-index-cohort-a-coverage-extra-bytecode-01-selected.json
untracked	supporting-performance-report	archive-supporting	16	1255	6073df2a8af37bc011b0909d48f8d829c1c3cda67faaddbcd8d9a34cdabb26d6	v12/docs/perf-baselines/2026-07-20-hash-index-cohort-a-coverage-extra-bytecode-01-selected.md
untracked	raw-performance-evidence	archive-raw	679	23530	17bf311c542912c82a3f2158dc3587968a49397408901fa4cfed887aaaa782c6	v12/docs/perf-baselines/2026-07-20-hash-index-cohort-a-coverage-extra-bytecode-02-selected.json
untracked	supporting-performance-report	archive-supporting	16	1258	be4295b0761c995ef2a6212d3379cef8831aeb7a65fa8f3fca5415cac1de476a	v12/docs/perf-baselines/2026-07-20-hash-index-cohort-a-coverage-extra-bytecode-02-selected.md
untracked	raw-performance-evidence	archive-raw	671	23262	7b7c2335768f6937b4d8e8e2ee44077b2240b22993728de01dc7a75d86a74770	v12/docs/perf-baselines/2026-07-20-hash-index-cohort-a-coverage-extra-bytecode-03-selected.json
untracked	supporting-performance-report	archive-supporting	16	1270	687e6debafc6f747b22bb2fbf2edff65607266a94234da86cd01262acf1e702d	v12/docs/perf-baselines/2026-07-20-hash-index-cohort-a-coverage-extra-bytecode-03-selected.md
untracked	raw-performance-evidence	archive-raw	866	30145	8079b2373ed0f8cccb03a6d8786e1761e565ed04efd37ab54f4c1c0fa641a5a3	v12/docs/perf-baselines/2026-07-20-hash-index-cohort-a-coverage-extra-bytecode-04-selected.json
untracked	supporting-performance-report	archive-supporting	17	1489	b9e755ba7e9993ad816967017a9e2ac9e521cacda48fa37244a821355275950c	v12/docs/perf-baselines/2026-07-20-hash-index-cohort-a-coverage-extra-bytecode-04-selected.md
untracked	raw-performance-evidence	archive-raw	518	17535	27bf73b9cdf46e4b17bf25b80dc555b372bba29708f7538069d71518db0bab26	v12/docs/perf-baselines/2026-07-20-hash-index-cohort-a-coverage-extra-compiled-01-selected.json
untracked	supporting-performance-report	archive-supporting	16	1115	d8dc233b344bea0f96418d44ce15ff3d5dbbbdc619f537a5b21e2879d2d42cb0	v12/docs/perf-baselines/2026-07-20-hash-index-cohort-a-coverage-extra-compiled-01-selected.md
untracked	raw-performance-evidence	archive-raw	534	18188	2a9cf9896f43eab16f7a932bf5a144893faae1caaffa14d456284615987d2e1c	v12/docs/perf-baselines/2026-07-20-hash-index-cohort-a-coverage-extra-compiled-02-selected.json
untracked	supporting-performance-report	archive-supporting	16	1120	df494a75257656fdd781fdf79b4e3380b2e205a5fcca33ed969b21021af1397f	v12/docs/perf-baselines/2026-07-20-hash-index-cohort-a-coverage-extra-compiled-02-selected.md
untracked	raw-performance-evidence	archive-raw	526	17907	7456741f4cf845de1b7d661839c03e91573497f72a6403197301c96ca9f15a3a	v12/docs/perf-baselines/2026-07-20-hash-index-cohort-a-coverage-extra-compiled-03-selected.json
untracked	supporting-performance-report	archive-supporting	16	1130	3514be309cfd05dcb1f808b35a265a54879cade2dfcaee8078bd829e5eaad71c	v12/docs/perf-baselines/2026-07-20-hash-index-cohort-a-coverage-extra-compiled-03-selected.md
untracked	raw-performance-evidence	archive-raw	673	23023	c65e0f8625ad0900a01a7285f64af445b357467526f62018192aba956c3220f4	v12/docs/perf-baselines/2026-07-20-hash-index-cohort-a-coverage-extra-compiled-04-selected.json
untracked	supporting-performance-report	archive-supporting	17	1332	1c1c3065cf3987592928a0050f06bc3d03470cbe58c9269b50f8d23341f8bc33	v12/docs/perf-baselines/2026-07-20-hash-index-cohort-a-coverage-extra-compiled-04-selected.md
untracked	raw-performance-evidence	archive-raw	688	22228	3cdd0cbcd954a19662515854d1b04d7ed7456c5c0ec2cfc847d2e7fa7a58fa33	v12/docs/perf-baselines/2026-07-20-hash-index-cohort-a-coverage-extra-go-reference.json
untracked	supporting-performance-report	archive-supporting	24	3043	06eb2acf483cfac6d3e261c5221e59f192bfd4a62ad28507459683be2e317e08	v12/docs/perf-baselines/2026-07-20-hash-index-cohort-a-coverage-extra-go-reference.md
untracked	raw-performance-evidence	archive-raw	1453	47171	5b579584058412ccf4b1f1fe865b0ecbf3fa5d752c7aec0aaec9a89c06005d6f	v12/docs/perf-baselines/2026-07-20-hash-index-cohort-a-coverage-extra-interpreter-reference-selected.json
untracked	supporting-performance-report	archive-supporting	38	6447	80229642b154e49b6999e2a8f77737d34de3350c5de598457f5e37161916351c	v12/docs/perf-baselines/2026-07-20-hash-index-cohort-a-coverage-extra-interpreter-reference-selected.md
untracked	raw-performance-evidence	archive-raw	294	9475	32ed6d9dc0722b5a3f785735a0c08c24bc6295deacc0466fd620919f9740284c	v12/docs/perf-baselines/2026-07-20-hash-index-cohort-a-generality-bytecode-01-status.json
untracked	supporting-performance-report	archive-supporting	16	1135	834d25d05b349196df23a5bb770a1cde51299b3b03d53fc68583d5b821856106	v12/docs/perf-baselines/2026-07-20-hash-index-cohort-a-generality-bytecode-01-status.md
untracked	raw-performance-evidence	archive-raw	248	8046	c08aa1d52948d76844bfb9933f2fa9dde595460ac8e7329a7974bb9b7a05a2b8	v12/docs/perf-baselines/2026-07-20-hash-index-cohort-a-generality-bytecode-02-status.json
untracked	supporting-performance-report	archive-supporting	15	909	ba5513ac1c7426032d402b88d6cb2ee880375850932dc01b9993343b1893b370	v12/docs/perf-baselines/2026-07-20-hash-index-cohort-a-generality-bytecode-02-status.md
untracked	raw-performance-evidence	archive-raw	663	22646	5c44cb6652362d9cff411b6c5d2f5fca6ca0717174f4347f8c338fa108d8d136	v12/docs/perf-baselines/2026-07-20-hash-index-cohort-a-generality-bytecode-03-selected.json
untracked	supporting-performance-report	archive-supporting	16	1197	7d9e105a566d4e9f70c3b543d2a347e0ec4ce71f3d83f22d591e378e2b519d65	v12/docs/perf-baselines/2026-07-20-hash-index-cohort-a-generality-bytecode-03-selected.md
untracked	raw-performance-evidence	archive-raw	657	22526	aba5f3abed72db09612748081a036cdb1c5f8a1e93cc506906050feb836c93fb	v12/docs/perf-baselines/2026-07-20-hash-index-cohort-a-generality-bytecode-04-selected.json
untracked	supporting-performance-report	archive-supporting	16	1221	f74ba199cdc1a38b026281e4182a5e5ba9ff5c22f0f54578c2e92373c32c00a6	v12/docs/perf-baselines/2026-07-20-hash-index-cohort-a-generality-bytecode-04-selected.md
untracked	raw-performance-evidence	archive-raw	671	23281	b013e78a5f8b4a35e26dcacc6d8dfcf459e18259aa5bf0961d70716e0094e990	v12/docs/perf-baselines/2026-07-20-hash-index-cohort-a-generality-bytecode-05-selected.json
untracked	supporting-performance-report	archive-supporting	16	1255	47b145545125ec5ba6e2525ea3e921a111e810d60836045445e8fa9205ada7a4	v12/docs/perf-baselines/2026-07-20-hash-index-cohort-a-generality-bytecode-05-selected.md
untracked	raw-performance-evidence	archive-raw	207	6580	3ce086fa269566b4f48d698e75a686dac4d278c3fda628c75f224b4433760891	v12/docs/perf-baselines/2026-07-20-hash-index-cohort-a-generality-bytecode-06-status.json
untracked	supporting-performance-report	archive-supporting	15	901	2e4b904900d97a0583b81cee3d44bf509af5776ff5e6d1354524a29077f64488	v12/docs/perf-baselines/2026-07-20-hash-index-cohort-a-generality-bytecode-06-status.md
untracked	raw-performance-evidence	archive-raw	444	15198	5a0ade9813379ac736ad5effef08446081d2f6268110b4276e2814816c25b63c	v12/docs/perf-baselines/2026-07-20-hash-index-cohort-a-generality-bytecode-07-selected.json
untracked	supporting-performance-report	archive-supporting	15	1046	6a268e81da69d7645bf4464774ed29e593f4e3f40fada6d6472bb6576ba2db7d	v12/docs/perf-baselines/2026-07-20-hash-index-cohort-a-generality-bytecode-07-selected.md
untracked	raw-performance-evidence	archive-raw	512	17177	5b46736fc7f92d634a0b74b8e48b83f331f3d023d359ca1dd0640bbec6503a93	v12/docs/perf-baselines/2026-07-20-hash-index-cohort-a-generality-compiled-01-selected.json
untracked	supporting-performance-report	archive-supporting	16	1078	3939b5f66dfeadec1e8ffd407301467d621c18887e2f4257dcff58a3488c1344	v12/docs/perf-baselines/2026-07-20-hash-index-cohort-a-generality-compiled-01-selected.md
untracked	raw-performance-evidence	archive-raw	347	11629	f324a1cb05253ac90fa2e59a1360a8d9f648c544fd35d97897cc0e89e6ec5ac7	v12/docs/perf-baselines/2026-07-20-hash-index-cohort-a-generality-compiled-02-selected.json
untracked	supporting-performance-report	archive-supporting	15	924	8b3d84d9aa2b5f43ef2652be2b6940156e8da93c6e902929dbb680201d418179	v12/docs/perf-baselines/2026-07-20-hash-index-cohort-a-generality-compiled-02-selected.md
untracked	raw-performance-evidence	archive-raw	518	17358	818df6155f9c1783d74dc49db29c3073c4161db1ae086464f996af277d9bbe42	v12/docs/perf-baselines/2026-07-20-hash-index-cohort-a-generality-compiled-03-selected.json
untracked	supporting-performance-report	archive-supporting	16	1061	5fd5b8e3232ba9b79d4745c86cc732a09c6d261e96ba6d541ac10104991d085a	v12/docs/perf-baselines/2026-07-20-hash-index-cohort-a-generality-compiled-03-selected.md
untracked	raw-performance-evidence	archive-raw	512	17190	ec038a28f3757ec93baa1d2acaa829a8949b82a53e57620c7a4c4af374d2f760	v12/docs/perf-baselines/2026-07-20-hash-index-cohort-a-generality-compiled-04-selected.json
untracked	supporting-performance-report	archive-supporting	16	1085	67b314471e46c6934c4602431c77f11aa4551646906945170342b9576b3f2dfe	v12/docs/perf-baselines/2026-07-20-hash-index-cohort-a-generality-compiled-04-selected.md
untracked	raw-performance-evidence	archive-raw	526	17919	aaad6f5fd3dd9dafddb75bb63ea3289b65739dc78e71e854b41f015ddd1a5c58	v12/docs/perf-baselines/2026-07-20-hash-index-cohort-a-generality-compiled-05-selected.json
untracked	supporting-performance-report	archive-supporting	16	1114	62582a9b45e2f5df96828db02012318c7daaf0148ae0965b0b17c3a29c817e8c	v12/docs/perf-baselines/2026-07-20-hash-index-cohort-a-generality-compiled-05-selected.md
untracked	raw-performance-evidence	archive-raw	355	11910	81f9fbbc1055003e44bc348af1e41e160489d6771f7e7c4e5c9df47b58cca5d6	v12/docs/perf-baselines/2026-07-20-hash-index-cohort-a-generality-compiled-06-selected.json
untracked	supporting-performance-report	archive-supporting	15	926	7637a54ff864e06e0e280dfbb3d470bff7e969c0322e3006462f2b89f63f4554	v12/docs/perf-baselines/2026-07-20-hash-index-cohort-a-generality-compiled-06-selected.md
untracked	raw-performance-evidence	archive-raw	347	11627	4b45a0fb050648c7240fee22f3faaf832e0179b1412ef7e075f1a0e55aef1ce1	v12/docs/perf-baselines/2026-07-20-hash-index-cohort-a-generality-compiled-07-selected.json
untracked	supporting-performance-report	archive-supporting	15	926	1347fd89b5fa8962fb99a91a9f7f84e952c07d70461cf574e90db9ed5c57df0d	v12/docs/perf-baselines/2026-07-20-hash-index-cohort-a-generality-compiled-07-selected.md
untracked	raw-performance-evidence	archive-raw	952	30736	e85c3e20f4fa1593c84d9943ac18d22663b3ec1bcdaa751c73e96b6595b5f7b4	v12/docs/perf-baselines/2026-07-20-hash-index-cohort-a-generality-go-reference.json
untracked	supporting-performance-report	archive-supporting	29	4249	4e8fcc560a04a5939d104717d90cf26268c6581c508e0d282c683639410b0a56	v12/docs/perf-baselines/2026-07-20-hash-index-cohort-a-generality-go-reference.md
untracked	raw-performance-evidence	archive-raw	1241	40366	14094415397e73f8801ddd9b2fff30c0fc8e09e04567839a50ddfcfc52d92ba9	v12/docs/perf-baselines/2026-07-20-hash-index-cohort-a-generality-interpreter-reference-selected.json
untracked	supporting-performance-report	archive-supporting	34	5943	d7e7ecf3695f28ed1839abf5ab6934256d9e9f84dd73751a5c91a7dea14b0afb	v12/docs/perf-baselines/2026-07-20-hash-index-cohort-a-generality-interpreter-reference-selected.md
untracked	raw-performance-evidence	archive-raw	447	13596	e027a09aef0f3763bfe6a69c7ec671ba9abe0bfc96e8006a68c2d42af6435b04	v12/docs/perf-baselines/2026-07-20-hash-index-cohort-a-generality-interpreter-reference-status.json
untracked	supporting-performance-report	archive-supporting	26	3274	530c1d0c4e056e9db621f585402805f597b0c3a74cc7ef399e529dad8476382e	v12/docs/perf-baselines/2026-07-20-hash-index-cohort-a-generality-interpreter-reference-status.md
untracked	raw-performance-evidence	archive-raw	88	122499	adc5d8014029fed86cb1fe1cd6f3d837ce81c9b91662154cf19a832c90f4d8e5	v12/docs/perf-baselines/2026-07-20-hash-index-cohort-a-refresh.json
untracked	supporting-performance-report	archive-supporting	135	13823	94b4ff601c39284149d83c3146953e8299786f67c0d2d1a56a7e6a0049826ebe	v12/docs/perf-baselines/2026-07-20-hash-index-cohort-a-refresh.md
untracked	raw-performance-evidence	archive-raw	8	272	8c918dff5ca148a5ef9e7e139807b3a3a7986779ce2903dd4b4387b50fa26d5f	v12/docs/perf-baselines/2026-07-20-hash-index-cohort-a-stdlib-source-state.json
untracked	raw-performance-evidence	archive-raw	663	22937	52a658d9aadfeeb08998bf02b09baae391a902d34b946672d7f533e3cee7f7ee	v12/docs/perf-baselines/2026-07-20-hash-index-cohort-b-async-bytecode-01-selected.json
untracked	supporting-performance-report	archive-supporting	16	1245	0d5247390eb5340e26001fba4b1b01829584fe4baf9eadf8fe5d00bb54bdc097	v12/docs/perf-baselines/2026-07-20-hash-index-cohort-b-async-bytecode-01-selected.md
untracked	raw-performance-evidence	archive-raw	655	22638	218a1065d3dc6eae03503d1e53186ab063466221cad6a868709e964211bd751c	v12/docs/perf-baselines/2026-07-20-hash-index-cohort-b-async-bytecode-02-selected.json
untracked	supporting-performance-report	archive-supporting	16	1249	3a32f30ba8961ddd01fa0d586b6405afe0a0fa7f46330bef09dd3160efe873a6	v12/docs/perf-baselines/2026-07-20-hash-index-cohort-b-async-bytecode-02-selected.md
untracked	raw-performance-evidence	archive-raw	518	17652	41ac79b476a06cf3dc6424533024317147a33ca7657f9923338c9b7ad5d1b907	v12/docs/perf-baselines/2026-07-20-hash-index-cohort-b-async-compiled-01-selected.json
untracked	supporting-performance-report	archive-supporting	16	1112	f833c0206d82d4ca17dade4005a110a005ff8ab6ec190da090910b6c23402f2b	v12/docs/perf-baselines/2026-07-20-hash-index-cohort-b-async-compiled-01-selected.md
untracked	raw-performance-evidence	archive-raw	510	17368	8c637d9f24a5adfa9df0ffe3afaf20aee841ae08afd6a8166aa3f901ce3196c0	v12/docs/perf-baselines/2026-07-20-hash-index-cohort-b-async-compiled-02-selected.json
untracked	supporting-performance-report	archive-supporting	16	1117	5445ae72374e5509fc32cae6861d87b9f8d31108e0fc04375bce4fd478bc5cf7	v12/docs/perf-baselines/2026-07-20-hash-index-cohort-b-async-compiled-02-selected.md
untracked	raw-performance-evidence	archive-raw	324	10451	2e7ce4210f237e84813e29e2afc4712d249953a192226c8d8a4c9a4a7f48bc65	v12/docs/perf-baselines/2026-07-20-hash-index-cohort-b-async-go-reference.json
untracked	supporting-performance-report	archive-supporting	17	1570	3a8fd43fc66c8eee14e7383691bfcb949ef5d1d89ba8cd359e4504842ab6e28e	v12/docs/perf-baselines/2026-07-20-hash-index-cohort-b-async-go-reference.md
untracked	raw-performance-evidence	archive-raw	683	22104	c64e1da4afbbb766d923d89fc2cb308e5f4a1450d433ad1a83a7599cd3fe4b19	v12/docs/perf-baselines/2026-07-20-hash-index-cohort-b-async-interpreter-reference-selected.json
untracked	supporting-performance-report	archive-supporting	24	3207	13ff424b7de0c5df17ea8f43a0c7ff160113177522edabb149508a3aa783c40a	v12/docs/perf-baselines/2026-07-20-hash-index-cohort-b-async-interpreter-reference-selected.md
untracked	raw-performance-evidence	archive-raw	663	22886	31043fdec17defcd6dc7e380614971ba1464a88d97ea896c5429f62ebcc29650	v12/docs/perf-baselines/2026-07-20-hash-index-cohort-b-coverage-extra-bytecode-01-selected.json
untracked	supporting-performance-report	archive-supporting	16	1255	608e6b2ba33d6c7f553aed6e1abf11edfab5c20be425e70f7c331d608907d952	v12/docs/perf-baselines/2026-07-20-hash-index-cohort-b-coverage-extra-bytecode-01-selected.md
untracked	raw-performance-evidence	archive-raw	679	23522	0dacb1ac339f5ff3dce6a7bdf54b40266c85245b22af21ffb5b2b1ba31b26feb	v12/docs/perf-baselines/2026-07-20-hash-index-cohort-b-coverage-extra-bytecode-02-selected.json
untracked	supporting-performance-report	archive-supporting	16	1259	4105dbbb97b5792ecf2cfce57911e1e8dcc64654a25d1b27822017ee1c6a0c4a	v12/docs/perf-baselines/2026-07-20-hash-index-cohort-b-coverage-extra-bytecode-02-selected.md
untracked	raw-performance-evidence	archive-raw	671	23257	0de22f15e2767f4112c9f368b25412cbe219c14e4cb394b6f589e515afa80fc5	v12/docs/perf-baselines/2026-07-20-hash-index-cohort-b-coverage-extra-bytecode-03-selected.json
untracked	supporting-performance-report	archive-supporting	16	1271	4f43fb97f4658e2922c336a3c8dbe1e5c571f5af894ccdeeea0af6a1b2afbbf9	v12/docs/perf-baselines/2026-07-20-hash-index-cohort-b-coverage-extra-bytecode-03-selected.md
untracked	raw-performance-evidence	archive-raw	866	30140	c7c48e12c726784c0af63f9f09d3c41c713c6b1f6b638d67c196b3f58d828021	v12/docs/perf-baselines/2026-07-20-hash-index-cohort-b-coverage-extra-bytecode-04-selected.json
untracked	supporting-performance-report	archive-supporting	17	1489	6de45f068cbb92d4e20e576f588c9702944c9b4ad713c4786d356a6490fd4304	v12/docs/perf-baselines/2026-07-20-hash-index-cohort-b-coverage-extra-bytecode-04-selected.md
untracked	raw-performance-evidence	archive-raw	518	17532	bc4cfdc0f9c11fe6666496e78b1a42e4a21b248a34f020d830c7d2ac3a0b1865	v12/docs/perf-baselines/2026-07-20-hash-index-cohort-b-coverage-extra-compiled-01-selected.json
untracked	supporting-performance-report	archive-supporting	16	1116	17c532e825ac68af82b7074b806bef89cd52e0b4c3aa6d5ce2e6d14ed069f064	v12/docs/perf-baselines/2026-07-20-hash-index-cohort-b-coverage-extra-compiled-01-selected.md
untracked	raw-performance-evidence	archive-raw	534	18188	1240f2e36f3cc901d0dcd7e9d984260e88b277172f0e0bf5909ba55b6c29791f	v12/docs/perf-baselines/2026-07-20-hash-index-cohort-b-coverage-extra-compiled-02-selected.json
untracked	supporting-performance-report	archive-supporting	16	1120	4b41cf84a36365b79dad909419d473dbfa16da65ecffafac93e81a6e98d3c6f1	v12/docs/perf-baselines/2026-07-20-hash-index-cohort-b-coverage-extra-compiled-02-selected.md
untracked	raw-performance-evidence	archive-raw	526	17893	52b4801a21dcd1846274ac96eaf766d8ef50aae007cc366fc59b8e8b6d15716b	v12/docs/perf-baselines/2026-07-20-hash-index-cohort-b-coverage-extra-compiled-03-selected.json
untracked	supporting-performance-report	archive-supporting	16	1130	d249da1a663db13be32f5308e49c935f85068d778353993a8ecd39e7db0569fd	v12/docs/perf-baselines/2026-07-20-hash-index-cohort-b-coverage-extra-compiled-03-selected.md
untracked	raw-performance-evidence	archive-raw	673	23000	593150a0b88c6e53732c6576a990958a9c6ecf616b969766e765e5aa3f89e4b5	v12/docs/perf-baselines/2026-07-20-hash-index-cohort-b-coverage-extra-compiled-04-selected.json
untracked	supporting-performance-report	archive-supporting	17	1332	6c223d206c71671bbd63f28a3140a7824c81491ed4d1ae4e401d0dc1fb7d263b	v12/docs/perf-baselines/2026-07-20-hash-index-cohort-b-coverage-extra-compiled-04-selected.md
untracked	raw-performance-evidence	archive-raw	688	22227	3a2e30b4dd60d975690f3ea85980caa870dbec4a34850fbbb12a44e466a1bc5f	v12/docs/perf-baselines/2026-07-20-hash-index-cohort-b-coverage-extra-go-reference.json
untracked	supporting-performance-report	archive-supporting	24	3043	1d8ccacb3510b4ab6ddf65dee73e276d8d0e3822070a07d16bbf553add7f745b	v12/docs/perf-baselines/2026-07-20-hash-index-cohort-b-coverage-extra-go-reference.md
untracked	raw-performance-evidence	archive-raw	1453	47155	d11da825264e8320dba2dfe637d5509a706db0952038ca70d6a049052738cb81	v12/docs/perf-baselines/2026-07-20-hash-index-cohort-b-coverage-extra-interpreter-reference-selected.json
untracked	supporting-performance-report	archive-supporting	38	6447	7b1211ce66e037dc0fd34b4e2199a66fbc3127e0f08125427b0453acabb7b7c2	v12/docs/perf-baselines/2026-07-20-hash-index-cohort-b-coverage-extra-interpreter-reference-selected.md
untracked	raw-performance-evidence	archive-raw	294	9471	1669760a2a7f121807105b5f611ed3d861195155bbbff65cec1e3d3436817a0c	v12/docs/perf-baselines/2026-07-20-hash-index-cohort-b-generality-bytecode-01-status.json
untracked	supporting-performance-report	archive-supporting	16	1135	ef4fd0e18b6fe4723529ba903f07ffbe8a0efb81ff881bf61f8773f661346cfb	v12/docs/perf-baselines/2026-07-20-hash-index-cohort-b-generality-bytecode-01-status.md
untracked	raw-performance-evidence	archive-raw	248	8047	6999e6f7cb574740751a9b8c51e4c26bdd4b45be965bbdda9681720d444eab95	v12/docs/perf-baselines/2026-07-20-hash-index-cohort-b-generality-bytecode-02-status.json
untracked	supporting-performance-report	archive-supporting	15	909	eaffc7eda9de44f81474dc0883a7627383d1af2d7289b2834d718123e05bb2ca	v12/docs/perf-baselines/2026-07-20-hash-index-cohort-b-generality-bytecode-02-status.md
untracked	raw-performance-evidence	archive-raw	663	22661	17413f326aa28e6131f9e3b902fa2b3cf3a41549c185e61d879d10aa1ba3614b	v12/docs/perf-baselines/2026-07-20-hash-index-cohort-b-generality-bytecode-03-selected.json
untracked	supporting-performance-report	archive-supporting	16	1197	efb7c73f8316d84dcf8ea7ea36be461314586c0fa74caff614be14f2f766ada7	v12/docs/perf-baselines/2026-07-20-hash-index-cohort-b-generality-bytecode-03-selected.md
untracked	raw-performance-evidence	archive-raw	657	22538	e14e2dd57e9671568822259f53f2a83bf06e196357bb8ef625609295a02b0ba9	v12/docs/perf-baselines/2026-07-20-hash-index-cohort-b-generality-bytecode-04-selected.json
untracked	supporting-performance-report	archive-supporting	16	1223	7b0a857489ec68e358dd5e36e7cce49b97bf5dddca16e853d292a3d3da431fbd	v12/docs/perf-baselines/2026-07-20-hash-index-cohort-b-generality-bytecode-04-selected.md
untracked	raw-performance-evidence	archive-raw	671	23284	ef5b1251fd4dd9a825d48fbc156671ac74f18f12a78c503bd82c8fcc877f7318	v12/docs/perf-baselines/2026-07-20-hash-index-cohort-b-generality-bytecode-05-replacement.json
untracked	supporting-performance-report	archive-supporting	16	1255	b3dc13af26794d96414028ee158b84cad5ebe40d9446ad89def068c59299d03d	v12/docs/perf-baselines/2026-07-20-hash-index-cohort-b-generality-bytecode-05-replacement.md
untracked	raw-performance-evidence	archive-raw	671	23227	0b9ba2bcb709ddd85a7f92fcef3d767f87c1846a9003d2d25dff52166f05e434	v12/docs/perf-baselines/2026-07-20-hash-index-cohort-b-generality-bytecode-05-selected.json
untracked	supporting-performance-report	archive-supporting	16	1269	986251c3e84081d5f24a8e0beb70e5fafbcab752fcb6fa7bac55508b2bd0bbc5	v12/docs/perf-baselines/2026-07-20-hash-index-cohort-b-generality-bytecode-05-selected.md
untracked	raw-performance-evidence	archive-raw	207	6580	0c440c9f87f174d8c74cc8acbbcfb92c18685e0c931a645b6cd876575fb66ab7	v12/docs/perf-baselines/2026-07-20-hash-index-cohort-b-generality-bytecode-06-status.json
untracked	supporting-performance-report	archive-supporting	15	901	f9443c4833ff1c1531f880f7194322db5bcab91fe2c542cd98e1dd06ac1d1b5d	v12/docs/perf-baselines/2026-07-20-hash-index-cohort-b-generality-bytecode-06-status.md
untracked	raw-performance-evidence	archive-raw	444	15197	b6beafbcd473f829a17d9192b0c2fbb654286669730620dda4d38cd609df5064	v12/docs/perf-baselines/2026-07-20-hash-index-cohort-b-generality-bytecode-07-selected.json
untracked	supporting-performance-report	archive-supporting	15	1048	79d0f4695006e9639b07ef4bcd44237666b7537880b57e8fbdbd8bf9d4c435a0	v12/docs/perf-baselines/2026-07-20-hash-index-cohort-b-generality-bytecode-07-selected.md
untracked	raw-performance-evidence	archive-raw	512	17177	38b6cbb4075fcd941a1e3300ae3256d77838cc766377f23474f9916317affa4e	v12/docs/perf-baselines/2026-07-20-hash-index-cohort-b-generality-compiled-01-selected.json
untracked	supporting-performance-report	archive-supporting	16	1078	936ab0c0fd42375930d3eb24b2cb3e3c6e67b4ceff9a69e6d7c0f19f37bae63c	v12/docs/perf-baselines/2026-07-20-hash-index-cohort-b-generality-compiled-01-selected.md
untracked	raw-performance-evidence	archive-raw	347	11632	484de870848ee678c8c563186608d833bbda804eb1d8a799e3eff2aab138ce35	v12/docs/perf-baselines/2026-07-20-hash-index-cohort-b-generality-compiled-02-selected.json
untracked	supporting-performance-report	archive-supporting	15	924	cfdf37b92f3f771dfbcbb1b19b1828a0445c46b97159c71a1aa4932a9c04abe7	v12/docs/perf-baselines/2026-07-20-hash-index-cohort-b-generality-compiled-02-selected.md
untracked	raw-performance-evidence	archive-raw	518	17353	4004a91d2f1c32a5940ba5384ad70782918bfd0817f9006f82ca93de7b6b29bc	v12/docs/perf-baselines/2026-07-20-hash-index-cohort-b-generality-compiled-03-selected.json
untracked	supporting-performance-report	archive-supporting	16	1061	a4ede1f12c3ad504d1d68d8d9e418ba7ec147274ff2c146da263953b69f657b3	v12/docs/perf-baselines/2026-07-20-hash-index-cohort-b-generality-compiled-03-selected.md
untracked	raw-performance-evidence	archive-raw	512	17186	fdd5b91707d8f29bb84721306dcfa87c11b33250c302e486314e31ca1d1cc129	v12/docs/perf-baselines/2026-07-20-hash-index-cohort-b-generality-compiled-04-selected.json
untracked	supporting-performance-report	archive-supporting	16	1085	9517443433ecb9dfe1f060a53126534e47cd01522a99aaa37bb142e560cee647	v12/docs/perf-baselines/2026-07-20-hash-index-cohort-b-generality-compiled-04-selected.md
untracked	raw-performance-evidence	archive-raw	526	17921	3445125fa04187f01187cc415492ea0002b5cec105fb7760fe827c07a12069d4	v12/docs/perf-baselines/2026-07-20-hash-index-cohort-b-generality-compiled-05-selected.json
untracked	supporting-performance-report	archive-supporting	16	1114	84d1c3b5a26f81cf490dbebdb4b0d2caea055a43bb03f41958f74444b9ac62e2	v12/docs/perf-baselines/2026-07-20-hash-index-cohort-b-generality-compiled-05-selected.md
untracked	raw-performance-evidence	archive-raw	355	11909	3504058b635dc2e01a805347a6ea44409e300194a2fc8ac34916ea2902ba49f9	v12/docs/perf-baselines/2026-07-20-hash-index-cohort-b-generality-compiled-06-selected.json
untracked	supporting-performance-report	archive-supporting	15	926	cc4210f8765719c01a7665ba55c6b9eb7d99589a8c00e0c0397678d68fa841e1	v12/docs/perf-baselines/2026-07-20-hash-index-cohort-b-generality-compiled-06-selected.md
untracked	raw-performance-evidence	archive-raw	347	11612	343868085329631af71a4196533b479575d18c7c85bc2b7dde1d19da1f2137f1	v12/docs/perf-baselines/2026-07-20-hash-index-cohort-b-generality-compiled-07-selected.json
untracked	supporting-performance-report	archive-supporting	15	927	2cc747adc0d92ce577ed8bdf9635bef1d3ec713f67454e2fc00cd0c7fb15881d	v12/docs/perf-baselines/2026-07-20-hash-index-cohort-b-generality-compiled-07-selected.md
untracked	raw-performance-evidence	archive-raw	952	30730	c699b16abb5b6155dd16bf6959cb799766c3d0c9626b0c52e96d95e43d3cf4c9	v12/docs/perf-baselines/2026-07-20-hash-index-cohort-b-generality-go-reference.json
untracked	supporting-performance-report	archive-supporting	29	4249	a3ca21923e78116c13ac0b764839e01d4fa9df12911210d05a248a475d1e422d	v12/docs/perf-baselines/2026-07-20-hash-index-cohort-b-generality-go-reference.md
untracked	raw-performance-evidence	archive-raw	1241	40374	16f3fb493e16dcd53a1c353bc2f9e6f1fc7ffe71b7cfb02cbac6f35de537ffe1	v12/docs/perf-baselines/2026-07-20-hash-index-cohort-b-generality-interpreter-reference-selected.json
untracked	supporting-performance-report	archive-supporting	34	5944	a174d1669db64101a22a126f69c27cbcbe20deca53c899801644dc6bc6986018	v12/docs/perf-baselines/2026-07-20-hash-index-cohort-b-generality-interpreter-reference-selected.md
untracked	raw-performance-evidence	archive-raw	447	13596	b80f345688cacff8beb6d58499f5e31ab365ada6cded48300a9d5979bc1d081c	v12/docs/perf-baselines/2026-07-20-hash-index-cohort-b-generality-interpreter-reference-status.json
untracked	supporting-performance-report	archive-supporting	26	3274	1b202f6affe043d228e9b0a0863f53f948ce5b3a27902acac4cf813eaf1469d8	v12/docs/perf-baselines/2026-07-20-hash-index-cohort-b-generality-interpreter-reference-status.md
untracked	raw-performance-evidence	archive-raw	88	122497	234ddbf56b0749dc4c92a8990ea0c00a223ec3e2d6d505465c7a6fdf004407ef	v12/docs/perf-baselines/2026-07-20-hash-index-cohort-b-reconciled-refresh.json
untracked	supporting-performance-report	archive-supporting	135	13834	08690e7e077a1edafd24f041f63e18626922435023b7f7048de75dca4646fe4d	v12/docs/perf-baselines/2026-07-20-hash-index-cohort-b-reconciled-refresh.md
untracked	raw-performance-evidence	archive-raw	88	122510	c56a4c86d9583a24c29869df241ceeb965d46b5bbd53774aca1f480311fca7bd	v12/docs/perf-baselines/2026-07-20-hash-index-cohort-b-refresh.json
untracked	supporting-performance-report	archive-supporting	135	13853	4c1b842cb004d7c7f2f90957086c3047cea5f48c698358af85a0bc1c8bd1c696	v12/docs/perf-baselines/2026-07-20-hash-index-cohort-b-refresh.md
untracked	raw-performance-evidence	archive-raw	8	272	8c918dff5ca148a5ef9e7e139807b3a3a7986779ce2903dd4b4387b50fa26d5f	v12/docs/perf-baselines/2026-07-20-hash-index-cohort-b-stdlib-source-state.json
untracked	raw-performance-evidence	archive-raw	6525	187416	b32ef6fc560dbe59c8b70df8cf1ef7ff9b3e9eaeda8cc0c31b1e7ab57f33b816	v12/docs/perf-baselines/2026-07-20-hash-index-two-cohort-variance.json
untracked	supporting-performance-report	archive-supporting	82	18931	786375dcfaf1e7c5c19dbb5ae612e4de28e2498a62ff9ab8104436deeb6857d8	v12/docs/perf-baselines/2026-07-20-hash-index-two-cohort-variance.md
untracked	raw-performance-evidence	archive-raw	64	1988	1e9baadaa33d44c865bc7047e7fe932d6e0c1142c13dfc26d6a11f7e30d2290a	v12/docs/perf-baselines/2026-07-20-inventory-reconciliation-go-reference.json
untracked	supporting-performance-report	archive-supporting	12	540	19edb98f86bc5771765a6ec00e71b0eb60892cc3592b2ac8e1a931ac1b3236b4	v12/docs/perf-baselines/2026-07-20-inventory-reconciliation-go-reference.md
untracked	raw-performance-evidence	archive-raw	133	4253	1ed3ee528ba290481ebd33c8e21e16239bf3567577fcf78a290cfdc62c4efed4	v12/docs/perf-baselines/2026-07-20-inventory-reconciliation-interpreter-reference.json
untracked	supporting-performance-report	archive-supporting	14	937	405dd295d8f2d9d62fc40738c431802ebc8e4f2d167fb6a09d10d8c20d05a894	v12/docs/perf-baselines/2026-07-20-inventory-reconciliation-interpreter-reference.md
untracked	raw-performance-evidence	archive-raw	397	13728	745ce0371c8e30a85e983a1068a30103eb653d703925396c87ad49558fe1a6a5	v12/docs/perf-baselines/2026-07-20-inventory-reconciliation-scorecard.json
untracked	supporting-performance-report	archive-supporting	16	1267	d7d01e53289e144773295f43db600391a83b6540d28a9fcafb07cf0e4e6dadb8	v12/docs/perf-baselines/2026-07-20-inventory-reconciliation-scorecard.md
untracked	supporting-performance-report	archive-supporting	21	1895	83c5ecb2b06c81b655e80bc1cd754be388e3f2ec2dea4dd2fdf59b466d207952	v12/docs/perf-baselines/2026-07-20-loader-walk-fusion-candidate-scorecard.md
untracked	raw-performance-evidence	archive-raw	1436	45630	b33dda81877c7010e8e1a43436072bd4a99e5633a0cd866b375d1428924e4634	v12/docs/perf-baselines/2026-07-20-loader-walk-fusion-candidate.json
untracked	supporting-performance-report	archive-supporting	123	5783	35d744f8b106c53f9a00e83421f4ca70d2a624467b315049d3a86f1671d32642	v12/docs/perf-baselines/2026-07-20-loader-walk-fusion-gate.md
untracked	raw-performance-evidence	archive-raw	663	22947	ca6e6f3d619ca6a22e9b371ac67f2c0cb96b542c43ff1426a728bdb73e8cb686	v12/docs/perf-baselines/2026-07-20-log-routing-redaction-async-bytecode-01-selected.json
untracked	supporting-performance-report	archive-supporting	16	1249	e5ddee2ac980f16be90ddaf37c16f403d7ed9c21164512e468082678d6611a08	v12/docs/perf-baselines/2026-07-20-log-routing-redaction-async-bytecode-01-selected.md
untracked	raw-performance-evidence	archive-raw	866	30020	5471f6d81da8197eeaaf9d0f375ff2beba80a1ca7f6caa3fb1326fe49ff4363c	v12/docs/perf-baselines/2026-07-20-log-routing-redaction-async-bytecode-02-selected.json
untracked	supporting-performance-report	archive-supporting	17	1442	5020f84c76db6162ff1ac821b34c190a808f79c0179e5ce8a6459a3ba9fc5242	v12/docs/perf-baselines/2026-07-20-log-routing-redaction-async-bytecode-02-selected.md
untracked	raw-performance-evidence	archive-raw	518	17654	1a3f065f0643208226f412b0fa2e9c6e32ea0a7caf81340aa3c65edeff1a8dc9	v12/docs/perf-baselines/2026-07-20-log-routing-redaction-async-compiled-01-selected.json
untracked	supporting-performance-report	archive-supporting	16	1115	e4f0082f2fae24f9b5ead1882d92ba85ea86e4111b4ca0e296fefe535b78a847	v12/docs/perf-baselines/2026-07-20-log-routing-redaction-async-compiled-01-selected.md
untracked	raw-performance-evidence	archive-raw	673	22980	cf3e900275118de98b1ccebc2aa80422e4cb91beaec29edde0a37ce811372105	v12/docs/perf-baselines/2026-07-20-log-routing-redaction-async-compiled-02-selected.json
untracked	supporting-performance-report	archive-supporting	17	1293	31d969dfbaf651ce6860e5ffe4e27d999b0307fa0452bd9f70d7a2afd5ebf9e9	v12/docs/perf-baselines/2026-07-20-log-routing-redaction-async-compiled-02-selected.md
untracked	raw-performance-evidence	archive-raw	376	12146	1e3bb937441daa700d421894994d2c7d6a9ed75891547139184874c123086440	v12/docs/perf-baselines/2026-07-20-log-routing-redaction-async-go-reference.json
untracked	supporting-performance-report	archive-supporting	18	1779	fa582e4c9b848f16d64c2be245fc42aefecdf88147c79f07442b78ecf329081f	v12/docs/perf-baselines/2026-07-20-log-routing-redaction-async-go-reference.md
untracked	raw-performance-evidence	archive-raw	793	25698	c801ce9aa0c29788fc39c32a0e1bb0d177d55de4879f497f48742e7b69bce4e6	v12/docs/perf-baselines/2026-07-20-log-routing-redaction-async-interpreter-reference-selected.json
untracked	supporting-performance-report	archive-supporting	26	3666	3fb98e46d3fc41f56d05ead89b519a603c94f73539cebcb33319069608e07c1e	v12/docs/perf-baselines/2026-07-20-log-routing-redaction-async-interpreter-reference-selected.md
untracked	raw-performance-evidence	archive-raw	413	14235	e2cb3970d3e84edb396c24fc1182833a9f5c4b98c75459b86ada8d473e1a27e8	v12/docs/perf-baselines/2026-07-20-log-routing-redaction-cohort-a.json
untracked	supporting-performance-report	archive-supporting	16	1253	b44c1aea1fc15763403ecca2c0f4239b7f3d576937af621d715f6f94822cda20	v12/docs/perf-baselines/2026-07-20-log-routing-redaction-cohort-a.md
untracked	raw-performance-evidence	archive-raw	413	14241	82339d20c47a8067692b73dbc14267a9669b2dac3e43da249f27122b7d430543	v12/docs/perf-baselines/2026-07-20-log-routing-redaction-cohort-b.json
untracked	supporting-performance-report	archive-supporting	16	1253	19768abd77f48a858c1a690664e132e1d3ce9e3e09e93a354909b647d3e3662a	v12/docs/perf-baselines/2026-07-20-log-routing-redaction-cohort-b.md
untracked	raw-performance-evidence	archive-raw	413	14238	3a69f7b881a8be5d42e5f953a54dc66635b2b982700ad0a67393f63d57b21bb1	v12/docs/perf-baselines/2026-07-20-log-routing-redaction-cohort-c.json
untracked	supporting-performance-report	archive-supporting	16	1253	e50302c0928868eb41963eeea32922d0b081b2ee9591c759b9a17e96e07ab6e0	v12/docs/perf-baselines/2026-07-20-log-routing-redaction-cohort-c.md
untracked	raw-performance-evidence	archive-raw	874	30287	62d5da55be2762814cb0bfa1d2b2461568c1a624ec7f05d0ec8e2590edd03f31	v12/docs/perf-baselines/2026-07-20-log-routing-redaction-coverage-extra-bytecode-01-selected.json
untracked	supporting-performance-report	archive-supporting	17	1456	57dee93ef27f552b69b9d3d09f42533153320ac4a35c06fad9ea7249a846663f	v12/docs/perf-baselines/2026-07-20-log-routing-redaction-coverage-extra-bytecode-01-selected.md
untracked	raw-performance-evidence	archive-raw	679	23528	0286fb7fe6aee0ebb33747e3a0d426f39ef4237b0298046f3cf8d79a93ccfde5	v12/docs/perf-baselines/2026-07-20-log-routing-redaction-coverage-extra-bytecode-02-selected.json
untracked	supporting-performance-report	archive-supporting	16	1261	97148948b1b422b0319df0bf401f463b355c6c351d7fb0c60f9eceb9f4cc09ca	v12/docs/perf-baselines/2026-07-20-log-routing-redaction-coverage-extra-bytecode-02-selected.md
untracked	raw-performance-evidence	archive-raw	890	30952	2c375f398d61f0400a609b382b39be45c1203e7a9a95c95d89da92a206bc3494	v12/docs/perf-baselines/2026-07-20-log-routing-redaction-coverage-extra-bytecode-03-selected.json
untracked	supporting-performance-report	archive-supporting	17	1475	94c302e4047ca79317e839c67b9de1b8bb4b104747632f00acca43f4cc6f607f	v12/docs/perf-baselines/2026-07-20-log-routing-redaction-coverage-extra-bytecode-03-selected.md
untracked	raw-performance-evidence	archive-raw	866	30149	f7096d33f6b1f04a20e151099d2262df2d976ae70fd362a4a1911d9e93af1907	v12/docs/perf-baselines/2026-07-20-log-routing-redaction-coverage-extra-bytecode-04-selected.json
untracked	supporting-performance-report	archive-supporting	17	1491	efe5af6bdd60b1aba39d75ad69bee6f1f4fe8cf536f920e57e29db8085efc13e	v12/docs/perf-baselines/2026-07-20-log-routing-redaction-coverage-extra-bytecode-04-selected.md
untracked	raw-performance-evidence	archive-raw	681	23154	f56464b32f1ef7b050c8852cf596932534d081570baaf4b51ce816423034255b	v12/docs/perf-baselines/2026-07-20-log-routing-redaction-coverage-extra-compiled-01-selected.json
untracked	supporting-performance-report	archive-supporting	17	1298	58045a0f5c3079ccd6d45a372ce5d52a61fee1e423732fdd426e7c619984f8bd	v12/docs/perf-baselines/2026-07-20-log-routing-redaction-coverage-extra-compiled-01-selected.md
untracked	raw-performance-evidence	archive-raw	534	18167	201d89de543a511712205a0c9a5741460ae652087ce58ec6d3535c3507a5bd1c	v12/docs/perf-baselines/2026-07-20-log-routing-redaction-coverage-extra-compiled-02-selected.json
untracked	supporting-performance-report	archive-supporting	16	1123	b5ec69e789dfea40920c27d685f72cb73572c2d870ea64392a6ab5c2b0333802	v12/docs/perf-baselines/2026-07-20-log-routing-redaction-coverage-extra-compiled-02-selected.md
untracked	raw-performance-evidence	archive-raw	697	23803	50dc2834d3837db2c00924eb13c432b3c78ebc5ab3e955d7fd5d6dd7222d4dd0	v12/docs/perf-baselines/2026-07-20-log-routing-redaction-coverage-extra-compiled-03-selected.json
untracked	supporting-performance-report	archive-supporting	17	1315	49238f22c0afb102fb044f51392ca7a6c49b26d579c63f11e0e173b1b47f35a1	v12/docs/perf-baselines/2026-07-20-log-routing-redaction-coverage-extra-compiled-03-selected.md
untracked	raw-performance-evidence	archive-raw	673	23021	b89bb7351265a6a0c994063dbd3629b07d26f65344c865b343fa6b23963877ea	v12/docs/perf-baselines/2026-07-20-log-routing-redaction-coverage-extra-compiled-04-selected.json
untracked	supporting-performance-report	archive-supporting	17	1335	f34837b92c958419821020707235987b1f39e96890875af14bb29a69e1b9c8ee	v12/docs/perf-baselines/2026-07-20-log-routing-redaction-coverage-extra-compiled-04-selected.md
untracked	raw-performance-evidence	archive-raw	792	25620	08f195b50019a170d45352dd6d21bd8bdb5ce22fe4f46a08ccb42a4a492fc4f8	v12/docs/perf-baselines/2026-07-20-log-routing-redaction-coverage-extra-go-reference.json
untracked	supporting-performance-report	archive-supporting	26	3469	063b561ab6d3ed9d9b688f8dab60e466a4f710e0290f75b2d181a2472688f3e1	v12/docs/perf-baselines/2026-07-20-log-routing-redaction-coverage-extra-go-reference.md
untracked	raw-performance-evidence	archive-raw	1673	54352	2aad6f8941504f188e6803d729c19f0c9d55562c21c84d1821f31087530da3a3	v12/docs/perf-baselines/2026-07-20-log-routing-redaction-coverage-extra-interpreter-reference-selected.json
untracked	supporting-performance-report	archive-supporting	42	7382	e0ef416a0bc745a7f4c2ddd707351d316d10570e215d597d2e54ec2d3c0a50e9	v12/docs/perf-baselines/2026-07-20-log-routing-redaction-coverage-extra-interpreter-reference-selected.md
untracked	raw-performance-evidence	archive-raw	343	11232	d1f95f6e756aba76c7380aa7a318808a402ce3e839c0ac3fb0fa9e34c00b6113	v12/docs/perf-baselines/2026-07-20-log-routing-redaction-generality-bytecode-01-status.json
untracked	supporting-performance-report	archive-supporting	16	1146	206501d0764ca11913582c3002700d9a909b4300a061042154de907be15bc8e6	v12/docs/perf-baselines/2026-07-20-log-routing-redaction-generality-bytecode-01-status.md
untracked	raw-performance-evidence	archive-raw	248	8051	b0c2d673cc211ce451f6bd6328fe2ed8a47a1663932c32cabf18c86d19e5680a	v12/docs/perf-baselines/2026-07-20-log-routing-redaction-generality-bytecode-02-status.json
untracked	supporting-performance-report	archive-supporting	15	912	5626186b1bf4f89d95b244c2cc3890c20beba5c1b9e3b08fc835f0b7d17661cf	v12/docs/perf-baselines/2026-07-20-log-routing-redaction-generality-bytecode-02-status.md
untracked	raw-performance-evidence	archive-raw	663	22661	0de642c523c5881c2427457cfa806bb2d0ea38c693faf6a440ee180e071c6ac5	v12/docs/perf-baselines/2026-07-20-log-routing-redaction-generality-bytecode-03-selected.json
untracked	supporting-performance-report	archive-supporting	16	1200	474248fe449972e2ef3cf59439f83cd81a7a9fc2ff18c6a9fa0e7d1c9a44f459	v12/docs/perf-baselines/2026-07-20-log-routing-redaction-generality-bytecode-03-selected.md
untracked	raw-performance-evidence	archive-raw	657	22537	54b11342f24356d535826d5d1f2d76abeacde8b459a36adf999f72aa31277f42	v12/docs/perf-baselines/2026-07-20-log-routing-redaction-generality-bytecode-04-selected.json
untracked	supporting-performance-report	archive-supporting	16	1224	da13a579d743d85aeca4339337db4ecbdb318a9699473f0e8877df17e577cf0c	v12/docs/perf-baselines/2026-07-20-log-routing-redaction-generality-bytecode-04-selected.md
untracked	raw-performance-evidence	archive-raw	671	23290	c92d61d03b7f08984798270b311d2dee69c922bae2120e2b5c714d6740ed6680	v12/docs/perf-baselines/2026-07-20-log-routing-redaction-generality-bytecode-05-selected.json
untracked	supporting-performance-report	archive-supporting	16	1259	89d630de6ab757675f473c564e6c690b53d294c8d6b7b835663e5e4b8136839d	v12/docs/perf-baselines/2026-07-20-log-routing-redaction-generality-bytecode-05-selected.md
untracked	raw-performance-evidence	archive-raw	207	6583	2857dd45aaf1017b58ecaabf5b784483117460d7410c84c9237e86545c7da2b9	v12/docs/perf-baselines/2026-07-20-log-routing-redaction-generality-bytecode-06-status.json
untracked	supporting-performance-report	archive-supporting	15	904	d8a72117f9351e133d95cbfad131ccaa19b9c498767c74c8a04bf72d1aa48110	v12/docs/perf-baselines/2026-07-20-log-routing-redaction-generality-bytecode-06-status.md
untracked	raw-performance-evidence	archive-raw	444	15204	e1958b0b1de60651cf6f56e9980c413f7bdf61151154762f6f7c79bf7eb757b1	v12/docs/perf-baselines/2026-07-20-log-routing-redaction-generality-bytecode-07-selected.json
untracked	supporting-performance-report	archive-supporting	15	1050	5933f9d4ef8681548481e1842e78599d9710fb75e96b5d7f8efbc0f7368ae0b3	v12/docs/perf-baselines/2026-07-20-log-routing-redaction-generality-bytecode-07-selected.md
untracked	raw-performance-evidence	archive-raw	512	17178	444da07da11526b0651bf543df5dd2e1cb3ed8db5c25876e570e5272a78e648e	v12/docs/perf-baselines/2026-07-20-log-routing-redaction-generality-compiled-01-selected.json
untracked	supporting-performance-report	archive-supporting	16	1081	1f3080272cac816e13546d5011b91c3415881e8bc40b68d99e4674342e233064	v12/docs/perf-baselines/2026-07-20-log-routing-redaction-generality-compiled-01-selected.md
untracked	raw-performance-evidence	archive-raw	347	11634	874f578f1af8cc60e87149cb0f8dedb67b5fb0ff0e43828bdd3b7a70ace759c4	v12/docs/perf-baselines/2026-07-20-log-routing-redaction-generality-compiled-02-selected.json
untracked	supporting-performance-report	archive-supporting	15	927	65a799c7b4dd27bf98dd9658c7cb70edfd52cbb6c25cc44f2fdcf1d8c5cdf806	v12/docs/perf-baselines/2026-07-20-log-routing-redaction-generality-compiled-02-selected.md
untracked	raw-performance-evidence	archive-raw	518	17358	a55f9f87648190dfa9e49674fb7fb3a51169cec8b1a37b412ced88cdc05bd418	v12/docs/perf-baselines/2026-07-20-log-routing-redaction-generality-compiled-03-selected.json
untracked	supporting-performance-report	archive-supporting	16	1064	b24f38bf45ac26ffe2fa900bb974bbe81ed60449c24b2265befe5cc471f51496	v12/docs/perf-baselines/2026-07-20-log-routing-redaction-generality-compiled-03-selected.md
untracked	raw-performance-evidence	archive-raw	512	17194	734153f6da4efcbd797a656c11a534f0051f9276e50bf786a50a6c389ec7e0a7	v12/docs/perf-baselines/2026-07-20-log-routing-redaction-generality-compiled-04-selected.json
untracked	supporting-performance-report	archive-supporting	16	1088	2ca543092eef2e157f420b2de5006272709351bf684a8059729ebde7ecd7f5c5	v12/docs/perf-baselines/2026-07-20-log-routing-redaction-generality-compiled-04-selected.md
untracked	raw-performance-evidence	archive-raw	526	17925	e6e339edd8c69931a2f0cd5e1333a0d345b63dc4faf43ff3387fb2552ac826bf	v12/docs/perf-baselines/2026-07-20-log-routing-redaction-generality-compiled-05-selected.json
untracked	supporting-performance-report	archive-supporting	16	1117	3e6f63b8281f97e1143c5f98203b81cd6680c61ddb1666571cf9ba4558abb620	v12/docs/perf-baselines/2026-07-20-log-routing-redaction-generality-compiled-05-selected.md
untracked	raw-performance-evidence	archive-raw	355	11913	f06670d9d0891c1456b3ef83c865ad6382857248280f9ecc4b9a7f1894b90254	v12/docs/perf-baselines/2026-07-20-log-routing-redaction-generality-compiled-06-selected.json
untracked	supporting-performance-report	archive-supporting	15	929	2fa95564232d98c237edc7d5e7ce04847cd26fb7f9751f9f28e5ae4111c6327e	v12/docs/perf-baselines/2026-07-20-log-routing-redaction-generality-compiled-06-selected.md
untracked	raw-performance-evidence	archive-raw	347	11636	7db1cdb79a29b176ac60eaec52c1ffcceacce5c7b4b5ef323b5159243d55f492	v12/docs/perf-baselines/2026-07-20-log-routing-redaction-generality-compiled-07-selected.json
untracked	supporting-performance-report	archive-supporting	15	931	fc61423668f56c8ffe857d675d8459e57f84e9163d11cc3b0f6ebf5e54d46aab	v12/docs/perf-baselines/2026-07-20-log-routing-redaction-generality-compiled-07-selected.md
untracked	raw-performance-evidence	archive-raw	952	30738	8332503f4ed1e51ef475e9bef3554ab3a47e4459ba7d519a3c5c244adae74601	v12/docs/perf-baselines/2026-07-20-log-routing-redaction-generality-go-reference.json
untracked	supporting-performance-report	archive-supporting	29	4250	e3ed78d4ace998aa746b34e33dcf33d2788888ea52428751c5ab83e2de26fbf5	v12/docs/perf-baselines/2026-07-20-log-routing-redaction-generality-go-reference.md
untracked	raw-performance-evidence	archive-raw	1241	40371	c356853d70eabbafac6000bb3c6264c56220491082737ec7069ab6de6a2ace0c	v12/docs/perf-baselines/2026-07-20-log-routing-redaction-generality-interpreter-reference-selected.json
untracked	supporting-performance-report	archive-supporting	34	5944	95d127fe794aa2d7deebb94392da10f696102517bfe59175cd1b2454015ac3cd	v12/docs/perf-baselines/2026-07-20-log-routing-redaction-generality-interpreter-reference-selected.md
untracked	raw-performance-evidence	archive-raw	451	13891	296a1bf7b6a5f5117fdd81056e238e28f6192cc74bc966a64a7bc763da035eb7	v12/docs/perf-baselines/2026-07-20-log-routing-redaction-generality-interpreter-reference-status.json
untracked	supporting-performance-report	archive-supporting	26	3405	b4600b6b995241f3cb30bb1b48ade74918f50fc3c0b2d98ae972dd6e9d64f42d	v12/docs/perf-baselines/2026-07-20-log-routing-redaction-generality-interpreter-reference-status.md
untracked	raw-performance-evidence	archive-raw	64	1985	9564e975b4504d3b71d275675d465e2a8a6593f96bae227377cd21a98c106a7c	v12/docs/perf-baselines/2026-07-20-log-routing-redaction-go-reference.json
untracked	supporting-performance-report	archive-supporting	12	538	44f6fed7b52bb5727da61a2ba3a9a69e1b2fbd836f83c3f4479564272392649f	v12/docs/perf-baselines/2026-07-20-log-routing-redaction-go-reference.md
untracked	raw-performance-evidence	archive-raw	133	4244	a67bb07d521d3c9d597d25a26358a165aa6f4c2457402bc3fa6c2fcf8aa598c6	v12/docs/perf-baselines/2026-07-20-log-routing-redaction-interpreter-reference.json
untracked	supporting-performance-report	archive-supporting	14	932	cee11607dc157ad2df5f35653b2bcd7546808ff8f61ca15f2e6e7a5c4257ebfa	v12/docs/perf-baselines/2026-07-20-log-routing-redaction-interpreter-reference.md
untracked	supporting-performance-report	archive-supporting	157	7626	abea6da23a63e0ab86cc42be8b8bd8276cb3d213569b54eb1f6715746b913f21	v12/docs/perf-baselines/2026-07-20-log-routing-redaction-profile-gate.md
untracked	raw-performance-evidence	archive-raw	94	133056	54e31e33b04772680000a625af5ef6e2100028fc00a380344017f596dba23c56	v12/docs/perf-baselines/2026-07-20-log-routing-redaction-refresh.json
untracked	supporting-performance-report	archive-supporting	141	14574	bacb3a9ade7e6d526cb6e562b60b5123ddf5393f8c80f1dfb70b4dcfb6430dab	v12/docs/perf-baselines/2026-07-20-log-routing-redaction-refresh.md
untracked	raw-performance-evidence	archive-raw	8	272	d8126a7ee93174b48c3c597839bac1620f3ab7b6babe10e23eb0f95c1d3bc28b	v12/docs/perf-baselines/2026-07-20-log-routing-redaction-stdlib-source-state.json
untracked	raw-performance-evidence	archive-raw	533	18130	78c62d0ab03b56b39461f15a4b177e449f3354b8b226a9a4a27951450bc6cbe3	v12/docs/perf-baselines/2026-07-20-map-hash-index-candidate-word-repeat.json
untracked	supporting-performance-report	archive-supporting	16	1218	de88d699978601ba7041c34f2fa91b931e3d551eb64dd87909a797663dc11fc5	v12/docs/perf-baselines/2026-07-20-map-hash-index-candidate-word-repeat.md
untracked	raw-performance-evidence	archive-raw	1175	40627	66ed502718a21bf937667cc030496eedacafc3c60108c3140550da10eabe2f6a	v12/docs/perf-baselines/2026-07-20-map-hash-index-candidate.json
untracked	supporting-performance-report	archive-supporting	20	1987	dc23ae26635f1a2ffd8acdfb3b143aba6f2f57afff5414e08e1ec41774a977a8	v12/docs/perf-baselines/2026-07-20-map-hash-index-candidate.md
untracked	raw-performance-evidence	archive-raw	293	9937	7768a1db336f8901959fd0d9c64fc4c4d516f31c2deb8e6a49e7323338a6cdd0	v12/docs/perf-baselines/2026-07-20-map-index-disabled-dependency-bytecode-b.json
untracked	supporting-performance-report	archive-supporting	14	883	eeee1df4d73ce14dbd64233fc6a8dbbf30244bf504eb60164ec8ce9580697be8	v12/docs/perf-baselines/2026-07-20-map-index-disabled-dependency-bytecode-b.md
untracked	raw-performance-evidence	archive-raw	293	9936	4ab77c0d3bf870ee8328dfd2c2f5d214b636e6a384fe09547c0d51395e0abb8f	v12/docs/perf-baselines/2026-07-20-map-index-disabled-dependency-bytecode.json
untracked	supporting-performance-report	archive-supporting	14	882	a542eb472d2dea4876c6a2ce4654c7d4fd69683a7298c2228c0fe39f09ae241f	v12/docs/perf-baselines/2026-07-20-map-index-disabled-dependency-bytecode.md
untracked	raw-performance-evidence	archive-raw	293	9937	56d984963f8659779f31197489c43bd59fe51e1b85489670c8b538aa089601bd	v12/docs/perf-baselines/2026-07-20-map-index-enabled-dependency-bytecode-b.json
untracked	supporting-performance-report	archive-supporting	14	882	7c58bd9498ccd1e0cf6a4a0268c0e284c89c15a017c28e5e29a1bc9ed7ed45f1	v12/docs/perf-baselines/2026-07-20-map-index-enabled-dependency-bytecode-b.md
untracked	raw-performance-evidence	archive-raw	293	9935	06762b2bbfd2bf946111e4acf5558d0066f4f3889b5be392e7f380e76c0067f1	v12/docs/perf-baselines/2026-07-20-map-index-enabled-dependency-bytecode.json
untracked	supporting-performance-report	archive-supporting	14	882	e031a75fc8e03a8fcd5b2b9fdb36de04669a721eb806ddfe6fe0662077cfa7d4	v12/docs/perf-baselines/2026-07-20-map-index-enabled-dependency-bytecode.md
untracked	raw-performance-evidence	archive-raw	168	5341	613fd99c51e8a04648857b429aa5ebafa0e2b9936fbff1b81664f9925200edfd	v12/docs/perf-baselines/2026-07-20-map-three-app-go-reference.json
untracked	supporting-performance-report	archive-supporting	14	950	96d641f5f8afceef3e9b0ad7035013da4eec2c56e51daa6656dac27ba2aeb27e	v12/docs/perf-baselines/2026-07-20-map-three-app-go-reference.md
untracked	raw-performance-evidence	archive-raw	353	11376	918ac1759c861dd0066b48f06f69e72844b174a8908ec4953c2bbe1dbb0e26e5	v12/docs/perf-baselines/2026-07-20-map-three-app-interpreter-reference.json
untracked	supporting-performance-report	archive-supporting	18	1841	a5cd3040dd0a500d2a8c08b3856ce535d094564260f0b82e6651aa2ca5f2fcbb	v12/docs/perf-baselines/2026-07-20-map-three-app-interpreter-reference.md
untracked	raw-performance-evidence	archive-raw	397	13631	d7e6f3609bb5e18b340c6b93d833e39a84ae6f27ffd33a471611642dfd4a7de2	v12/docs/perf-baselines/2026-07-20-mutex-work-queue-baseline-b.json
untracked	supporting-performance-report	archive-supporting	16	1226	61e97cf66a48665c87a2253323229d324f0f1c2c3cd48abd6976a092caeedb00	v12/docs/perf-baselines/2026-07-20-mutex-work-queue-baseline-b.md
untracked	raw-performance-evidence	archive-raw	397	13630	d6ab82a04f0de36b699b087bbed8d9aac59253f9d11ae181301bfca77b29f8d6	v12/docs/perf-baselines/2026-07-20-mutex-work-queue-baseline.json
untracked	supporting-performance-report	archive-supporting	16	1226	592168a1fccba927d98f58ffc4a8a0740433ef5178c585501ec5f8731a3b8eca	v12/docs/perf-baselines/2026-07-20-mutex-work-queue-baseline.md
untracked	raw-performance-evidence	archive-raw	663	22953	747cd9d6b16bd1ed568094c1366ac8ce476503b4e8a90aa7603771f29efd1a2c	v12/docs/perf-baselines/2026-07-20-mutex-work-queue-cohort-a-async-bytecode-01-selected.json
untracked	supporting-performance-report	archive-supporting	16	1252	3b92806bb1c98d82949fff818dfdedf980429fdc374155a201d5032e2f5ff9cf	v12/docs/perf-baselines/2026-07-20-mutex-work-queue-cohort-a-async-bytecode-01-selected.md
untracked	raw-performance-evidence	archive-raw	866	30010	e50231304e1993512a4aaaf8bc81fa77596b9f7111d2c36fbd8a3f903ce77f35	v12/docs/perf-baselines/2026-07-20-mutex-work-queue-cohort-a-async-bytecode-02-selected.json
untracked	supporting-performance-report	archive-supporting	17	1444	90b0750c017fde801b5fdd560a1e108670bf4d04b8ddccf952cddd0c6440bb11	v12/docs/perf-baselines/2026-07-20-mutex-work-queue-cohort-a-async-bytecode-02-selected.md
untracked	raw-performance-evidence	archive-raw	518	17641	98fd0e707914c906c92bd043b358fe536e51e093a04e210ee649b47ae529b3c1	v12/docs/perf-baselines/2026-07-20-mutex-work-queue-cohort-a-async-compiled-01-selected.json
untracked	supporting-performance-report	archive-supporting	16	1117	336fd294a2c5a06966716059f6f51680919bb889fc25b6a44d4a280da4d58cf2	v12/docs/perf-baselines/2026-07-20-mutex-work-queue-cohort-a-async-compiled-01-selected.md
untracked	raw-performance-evidence	archive-raw	673	22966	45e28c390f5b98ef53925657a83a27d2d2be30006700376b8a97581a106db832	v12/docs/perf-baselines/2026-07-20-mutex-work-queue-cohort-a-async-compiled-02-selected.json
untracked	supporting-performance-report	archive-supporting	17	1296	4c881c2824694963cd0130d57a0d587ef14907aca16bd26eacba4be54e013428	v12/docs/perf-baselines/2026-07-20-mutex-work-queue-cohort-a-async-compiled-02-selected.md
untracked	raw-performance-evidence	archive-raw	376	12138	a4af2cbb50d8be610d4e3f821ce46a41ef7db291594871464ad3d67aba7e0eb6	v12/docs/perf-baselines/2026-07-20-mutex-work-queue-cohort-a-async-go-reference.json
untracked	supporting-performance-report	archive-supporting	18	1778	5d53df1860ac6361b6cb5793869dfeb0d866889a3a2fe4cf2d4e763fa83060ad	v12/docs/perf-baselines/2026-07-20-mutex-work-queue-cohort-a-async-go-reference.md
untracked	raw-performance-evidence	archive-raw	793	25692	53393c4a0ad84b7c08ba89805e53c83f1c9670cbedd6288af2e99284b99dd93c	v12/docs/perf-baselines/2026-07-20-mutex-work-queue-cohort-a-async-interpreter-reference-selected.json
untracked	supporting-performance-report	archive-supporting	26	3665	1db681e337d27ebe6c9eccee8c8e9ac578430b7275bbc49731a8192368b17074	v12/docs/perf-baselines/2026-07-20-mutex-work-queue-cohort-a-async-interpreter-reference-selected.md
untracked	raw-performance-evidence	archive-raw	663	22894	1b068cd8cdad0ea6fa532a94562e061b62eaae2fe7f3cb99b25626667bd14121	v12/docs/perf-baselines/2026-07-20-mutex-work-queue-cohort-a-coverage-extra-bytecode-01-selected.json
untracked	supporting-performance-report	archive-supporting	16	1261	479bbdaef31f0ebdaf271c3984f7ba228f7b972628b8a62c65526d5c4360ae84	v12/docs/perf-baselines/2026-07-20-mutex-work-queue-cohort-a-coverage-extra-bytecode-01-selected.md
untracked	raw-performance-evidence	archive-raw	679	23530	bba041adbd0c479e63104d7432fbf54d7111b45a8fb04e8f2774b34bcf724c88	v12/docs/perf-baselines/2026-07-20-mutex-work-queue-cohort-a-coverage-extra-bytecode-02-selected.json
untracked	supporting-performance-report	archive-supporting	16	1265	ef1bc9008d9dcb965ed6c0b3d03d6b077a27f7cef15391710c2c89d19b08fff4	v12/docs/perf-baselines/2026-07-20-mutex-work-queue-cohort-a-coverage-extra-bytecode-02-selected.md
untracked	raw-performance-evidence	archive-raw	671	23284	12cdc5966929c3e6c4454e834b722d77766ec0d58c7fea3276bf500836187d02	v12/docs/perf-baselines/2026-07-20-mutex-work-queue-cohort-a-coverage-extra-bytecode-03-selected.json
untracked	supporting-performance-report	archive-supporting	16	1278	4a7dfc102f0e11194d705f4c8a59059ce2093774a8396d81d522546897da7928	v12/docs/perf-baselines/2026-07-20-mutex-work-queue-cohort-a-coverage-extra-bytecode-03-selected.md
untracked	raw-performance-evidence	archive-raw	866	30140	f49e29ca44e166c1fc4ca683dd3e5cb07cccb0ab60177f3e2a932966c94aefc6	v12/docs/perf-baselines/2026-07-20-mutex-work-queue-cohort-a-coverage-extra-bytecode-04-selected.json
untracked	supporting-performance-report	archive-supporting	17	1495	5f7e1da2602e83f951de1e8ecc95a26f315875bd3ceee13a4044b74d9d507b1a	v12/docs/perf-baselines/2026-07-20-mutex-work-queue-cohort-a-coverage-extra-bytecode-04-selected.md
untracked	raw-performance-evidence	archive-raw	518	17544	0f5a0f686b350b75c11267d6ac609cb98097018dedea93330f4c0617ecb4adf9	v12/docs/perf-baselines/2026-07-20-mutex-work-queue-cohort-a-coverage-extra-compiled-01-selected.json
untracked	supporting-performance-report	archive-supporting	16	1122	7d9d133de5ad40020f8ca056048e478aff1ee90e6c720f664a8015a77ebd4592	v12/docs/perf-baselines/2026-07-20-mutex-work-queue-cohort-a-coverage-extra-compiled-01-selected.md
untracked	raw-performance-evidence	archive-raw	534	18192	0d48bc3b6c8d5f57f3ed71e9234f8574d808ed2e7f2957528e752ab93f7453df	v12/docs/perf-baselines/2026-07-20-mutex-work-queue-cohort-a-coverage-extra-compiled-02-selected.json
untracked	supporting-performance-report	archive-supporting	16	1126	d5042286aaf3822ad34df94b92cd10bdc0cac320c4d0c3e16c3ba8f2334e4807	v12/docs/perf-baselines/2026-07-20-mutex-work-queue-cohort-a-coverage-extra-compiled-02-selected.md
untracked	raw-performance-evidence	archive-raw	526	17928	16553f4108552182d14c84cb68bc32a563a6ca13f4d18939d735d04dd68a817f	v12/docs/perf-baselines/2026-07-20-mutex-work-queue-cohort-a-coverage-extra-compiled-03-selected.json
untracked	supporting-performance-report	archive-supporting	16	1136	d00ccc39b5ccf00001bbb1eabf0a9b05a54faaaa767ff2c359420b39c362fe7d	v12/docs/perf-baselines/2026-07-20-mutex-work-queue-cohort-a-coverage-extra-compiled-03-selected.md
untracked	raw-performance-evidence	archive-raw	673	23021	547ff1571cb72081d6ba6cfbe29b56eb228a22de54509a6a0d5aac03d70c3dc5	v12/docs/perf-baselines/2026-07-20-mutex-work-queue-cohort-a-coverage-extra-compiled-04-selected.json
untracked	supporting-performance-report	archive-supporting	17	1338	5c51e8e3aa59d9819232c61467bb15246d148058f63ced49f9e39101b8fc69b5	v12/docs/perf-baselines/2026-07-20-mutex-work-queue-cohort-a-coverage-extra-compiled-04-selected.md
untracked	raw-performance-evidence	archive-raw	688	22224	f22129b638d63d45c6c2c35b092902a8d3d306e742b6f04d480d04ca08a0943c	v12/docs/perf-baselines/2026-07-20-mutex-work-queue-cohort-a-coverage-extra-go-reference.json
untracked	supporting-performance-report	archive-supporting	24	3043	fde87a17a0740da0d8929bd11e863d96fd53702448ddfac2dbd299166d6922eb	v12/docs/perf-baselines/2026-07-20-mutex-work-queue-cohort-a-coverage-extra-go-reference.md
untracked	raw-performance-evidence	archive-raw	1453	47161	aa239fdf588d73111c827903215fa90ca8259b3cdef2713da9fd77545238ed5e	v12/docs/perf-baselines/2026-07-20-mutex-work-queue-cohort-a-coverage-extra-interpreter-reference-selected.json
untracked	supporting-performance-report	archive-supporting	38	6447	601c03a4cb3efb79ab644c1e28b847f4cb3e50a52b87d20bd94d3d3353e3b609	v12/docs/perf-baselines/2026-07-20-mutex-work-queue-cohort-a-coverage-extra-interpreter-reference-selected.md
untracked	raw-performance-evidence	archive-raw	367	12117	ebfdb7506c409ac34afc98b4597749e40d65204046ec03347d5efe97dee95ec2	v12/docs/perf-baselines/2026-07-20-mutex-work-queue-cohort-a-generality-bytecode-01-status.json
untracked	supporting-performance-report	archive-supporting	16	1155	9ec2ef4b9200ddadcea2ac2f0eb947b5748bb3e6ad4a92e61758d22fd8a0be4f	v12/docs/perf-baselines/2026-07-20-mutex-work-queue-cohort-a-generality-bytecode-01-status.md
untracked	raw-performance-evidence	archive-raw	248	8052	b4e74260ccdbcfdbac8c3f2a6611a3aa9a8f9bec4330c628b01842dfb570ec2d	v12/docs/perf-baselines/2026-07-20-mutex-work-queue-cohort-a-generality-bytecode-02-status.json
untracked	supporting-performance-report	archive-supporting	15	915	2996fec36e57a637734258a151da764e0009f117b980d7562445f06fa8c5f59a	v12/docs/perf-baselines/2026-07-20-mutex-work-queue-cohort-a-generality-bytecode-02-status.md
untracked	raw-performance-evidence	archive-raw	663	22671	f535f39ab7b9319194e5b98a741f142a0a1b45616aa6b7597a813430ab47ee10	v12/docs/perf-baselines/2026-07-20-mutex-work-queue-cohort-a-generality-bytecode-03-selected.json
untracked	supporting-performance-report	archive-supporting	16	1203	e68a7ca9b83109611937393f54d8d6b035635c5c92b8fe71636d5d37fe540006	v12/docs/perf-baselines/2026-07-20-mutex-work-queue-cohort-a-generality-bytecode-03-selected.md
untracked	raw-performance-evidence	archive-raw	657	22542	a8867fd4eb4885900bdcb40aa59ee2036d5a9cbffc226acc0201faa32db1e8dd	v12/docs/perf-baselines/2026-07-20-mutex-work-queue-cohort-a-generality-bytecode-04-selected.json
untracked	supporting-performance-report	archive-supporting	16	1228	01b37f061f099e7326eba00883c9ebd0c734d2bb14d7ccfe72ebe00ca58b0cfd	v12/docs/perf-baselines/2026-07-20-mutex-work-queue-cohort-a-generality-bytecode-04-selected.md
untracked	raw-performance-evidence	archive-raw	671	23293	260c86b7734515f443c67e191cc1fdcbc17feb17c3c9430611f8226dcd54d2d3	v12/docs/perf-baselines/2026-07-20-mutex-work-queue-cohort-a-generality-bytecode-05-selected.json
untracked	supporting-performance-report	archive-supporting	16	1261	fd8366e0fbc943f891e19891aae19250b2d330a57b8947a8de54ecda53e85841	v12/docs/perf-baselines/2026-07-20-mutex-work-queue-cohort-a-generality-bytecode-05-selected.md
untracked	raw-performance-evidence	archive-raw	232	7473	867f3e8f71e7104e86b6119c615101d8f0935171d4f15a0ac7b704ad21e4b058	v12/docs/perf-baselines/2026-07-20-mutex-work-queue-cohort-a-generality-bytecode-06-status.json
untracked	supporting-performance-report	archive-supporting	15	911	df93f06913a0487146d993b1823b88f991cc6cc246c4ee96b7e4a519c5e36df9	v12/docs/perf-baselines/2026-07-20-mutex-work-queue-cohort-a-generality-bytecode-06-status.md
untracked	raw-performance-evidence	archive-raw	444	15206	aa3db554f5de7e9689c4b2223148bd9fdd88986683fc8a77fba3ffaba1a89c6f	v12/docs/perf-baselines/2026-07-20-mutex-work-queue-cohort-a-generality-bytecode-07-selected.json
untracked	supporting-performance-report	archive-supporting	15	1053	4a34257d553c66b68a80f1311d31fab78b3e5feed0bdb280aff1436ade4672cd	v12/docs/perf-baselines/2026-07-20-mutex-work-queue-cohort-a-generality-bytecode-07-selected.md
untracked	raw-performance-evidence	archive-raw	512	17188	f2a3cd210bb541ecf981a2944b604549b810544ada34a630bfa542b4e7d328b6	v12/docs/perf-baselines/2026-07-20-mutex-work-queue-cohort-a-generality-compiled-01-selected.json
untracked	supporting-performance-report	archive-supporting	16	1084	8dc052f735e76248ec25835712d7ff91cc95f3029dc01f0ad485bc9c8fe82a15	v12/docs/perf-baselines/2026-07-20-mutex-work-queue-cohort-a-generality-compiled-01-selected.md
untracked	raw-performance-evidence	archive-raw	347	11636	f9722be91f363c2145ee8868fc911ecaceba0f3f3ed0e9eb157ee5b3617680a9	v12/docs/perf-baselines/2026-07-20-mutex-work-queue-cohort-a-generality-compiled-02-selected.json
untracked	supporting-performance-report	archive-supporting	15	930	43d3deef4f03dbbec535bc5faffc3eeb7fe458bca816f0ccab66a00862923992	v12/docs/perf-baselines/2026-07-20-mutex-work-queue-cohort-a-generality-compiled-02-selected.md
untracked	raw-performance-evidence	archive-raw	518	17363	5d9ed08031e77b733a19399035ec5bf3df50bd2a298e532214a1bde08a248a68	v12/docs/perf-baselines/2026-07-20-mutex-work-queue-cohort-a-generality-compiled-03-selected.json
untracked	supporting-performance-report	archive-supporting	16	1067	b249f01cd98ded1c2c221ba7f94ba0260a437bc7e790ede010e0e60eda5d6180	v12/docs/perf-baselines/2026-07-20-mutex-work-queue-cohort-a-generality-compiled-03-selected.md
untracked	raw-performance-evidence	archive-raw	512	17196	7f537864b5faeec55bd0f153cc85784be8c8ba52ee71a16ca59421a55f416ff4	v12/docs/perf-baselines/2026-07-20-mutex-work-queue-cohort-a-generality-compiled-04-selected.json
untracked	supporting-performance-report	archive-supporting	16	1091	dd8923577ed43d6d9ddb4cdda0d53b44b23b241148c4e03c29f6b7072f7b3814	v12/docs/perf-baselines/2026-07-20-mutex-work-queue-cohort-a-generality-compiled-04-selected.md
untracked	raw-performance-evidence	archive-raw	526	17926	6bb724ca31f639135cd7cb549e5fd5c9ab8c4e3afeb3180ccbd3a31417aa979a	v12/docs/perf-baselines/2026-07-20-mutex-work-queue-cohort-a-generality-compiled-05-selected.json
untracked	supporting-performance-report	archive-supporting	16	1120	9397607d0f7947f3e58a4b908aae5a9d8db27f5cea5ad95097bc26a9d6c919a9	v12/docs/perf-baselines/2026-07-20-mutex-work-queue-cohort-a-generality-compiled-05-selected.md
untracked	raw-performance-evidence	archive-raw	355	11918	89a35cc0b03ca13f5e3374ddb94c4baa4358cb9a552efdb97967bdfe15fbd0db	v12/docs/perf-baselines/2026-07-20-mutex-work-queue-cohort-a-generality-compiled-06-selected.json
untracked	supporting-performance-report	archive-supporting	15	932	0694961254f83545f0a81b7f82b0c1471a059648bf214a227ae1c1e6082fe6f5	v12/docs/perf-baselines/2026-07-20-mutex-work-queue-cohort-a-generality-compiled-06-selected.md
untracked	raw-performance-evidence	archive-raw	347	11626	f0c0be25ca37e4168dec2ca76c0c4891e1174bcc65103ca82ff5f14ca022cdfa	v12/docs/perf-baselines/2026-07-20-mutex-work-queue-cohort-a-generality-compiled-07-selected.json
untracked	supporting-performance-report	archive-supporting	15	932	3f88a7feace9b62015bec2b201de827647ae4bde87297dddcf3ec391017c2e8e	v12/docs/perf-baselines/2026-07-20-mutex-work-queue-cohort-a-generality-compiled-07-selected.md
untracked	raw-performance-evidence	archive-raw	952	30737	ae62871d5430315d5df7114fb0fe1b5b36bb1880b81bd27485f5f5ec4ad6ad55	v12/docs/perf-baselines/2026-07-20-mutex-work-queue-cohort-a-generality-go-reference.json
untracked	supporting-performance-report	archive-supporting	29	4249	1872c90a1d61e956e88032f612ac7373fae3314ae06e9deb2b1387b5cebf9cc3	v12/docs/perf-baselines/2026-07-20-mutex-work-queue-cohort-a-generality-go-reference.md
untracked	raw-performance-evidence	archive-raw	1241	40375	e0c260094b9f967de84db48f0432df821b4d153b46b6d4d4d887fff2131c398c	v12/docs/perf-baselines/2026-07-20-mutex-work-queue-cohort-a-generality-interpreter-reference-selected.json
untracked	supporting-performance-report	archive-supporting	34	5944	8d3de812791b73e4e4b391a73b521bd4fa9d2fcd84ae43e519b3a53bfb0b99a1	v12/docs/perf-baselines/2026-07-20-mutex-work-queue-cohort-a-generality-interpreter-reference-selected.md
untracked	raw-performance-evidence	archive-raw	455	14182	82b2a6f8c8b3430d76a68e832aa9711e47c2b1abb3d8e6fcd16beedd80d9dde2	v12/docs/perf-baselines/2026-07-20-mutex-work-queue-cohort-a-generality-interpreter-reference-status.json
untracked	supporting-performance-report	archive-supporting	26	3534	2f984e4bf228dc3d9147f78b25305642dd157ae56410053c52eb860eb29b73e6	v12/docs/perf-baselines/2026-07-20-mutex-work-queue-cohort-a-generality-interpreter-reference-status.md
untracked	raw-performance-evidence	archive-raw	90	127244	852892e61a2790d2edc2361be0e9bec1ef1b7815ed9b82e064616c1fd764f6b4	v12/docs/perf-baselines/2026-07-20-mutex-work-queue-cohort-a-refresh.json
untracked	supporting-performance-report	archive-supporting	137	14219	75edf5301140195565649ce941570a849308f398267f04fffdb92a3156705df0	v12/docs/perf-baselines/2026-07-20-mutex-work-queue-cohort-a-refresh.md
untracked	raw-performance-evidence	archive-raw	8	272	8c918dff5ca148a5ef9e7e139807b3a3a7986779ce2903dd4b4387b50fa26d5f	v12/docs/perf-baselines/2026-07-20-mutex-work-queue-cohort-a-stdlib-source-state.json
untracked	raw-performance-evidence	archive-raw	64	1982	bcda85ddc2f8d962e1e798350145a319ccda288ec73129f8c687421d9c1ace2b	v12/docs/perf-baselines/2026-07-20-mutex-work-queue-go-reference.json
untracked	supporting-performance-report	archive-supporting	12	532	ea65a92e9b42b6c52f03570c4e3151a852a277fc6af10e57e88cb457310f3b8d	v12/docs/perf-baselines/2026-07-20-mutex-work-queue-go-reference.md
untracked	raw-performance-evidence	archive-raw	133	4228	aa4a3d41f2bd2165cfb2779bdc697905025880fe218c16a46c78fe0bf573305c	v12/docs/perf-baselines/2026-07-20-mutex-work-queue-interpreter-reference.json
untracked	supporting-performance-report	archive-supporting	14	921	8227d5135b433fbff6b0b04cb8cb7a493d488033bbc26f24c80723454b4ebb1a	v12/docs/perf-baselines/2026-07-20-mutex-work-queue-interpreter-reference.md
untracked	supporting-performance-report	archive-supporting	184	9092	06f2abed9abd460c5bec8fe967c2d4b7b35b0d2f675aa377a57a29c1fdd02112	v12/docs/perf-baselines/2026-07-20-mutex-work-queue-profile-gate.md
untracked	supporting-performance-report	archive-supporting	102	5641	4d2637da39cb5d8d852c7abb5f282cf1db8a74462a1e27fc6374a9604a6b4490	v12/docs/perf-baselines/2026-07-20-operation-depth-contract.md
untracked	supporting-performance-report	archive-supporting	21	1895	a55d193155ee7df77a4edc1397a5a77215274bddaf3dc93f2a21a64910415cab	v12/docs/perf-baselines/2026-07-20-origin-skip-known-candidate-scorecard.md
untracked	raw-performance-evidence	archive-raw	1436	45633	99ace4d6692d4c57f54c227930274b2ccfdcea0461596c31f216f4750f26f94b	v12/docs/perf-baselines/2026-07-20-origin-skip-known-candidate.json
untracked	supporting-performance-report	archive-supporting	127	6672	1df7187b9460f2c6deafad95e94b467ee06fbde05cf9ca92e7573adadd2199e2	v12/docs/perf-baselines/2026-07-20-origin-skip-known-gate.md
untracked	supporting-performance-report	archive-supporting	21	1895	76e8448615677839d95c3f5dcacce498832a270a053279f4868618a862637b5b	v12/docs/perf-baselines/2026-07-20-parser-field-id-cache-candidate-scorecard.md
untracked	raw-performance-evidence	archive-raw	1436	45631	9426713d836f0a59177efef0317c7472fd42dbda973fe16ae4df3a1ace4527e2	v12/docs/perf-baselines/2026-07-20-parser-field-id-cache-candidate.json
untracked	supporting-performance-report	archive-supporting	112	6023	a1f17458fce15ef1421c7f375db318250cf11b029f53aff499f01024a5f1cf7e	v12/docs/perf-baselines/2026-07-20-parser-field-id-cache-gate.md
untracked	supporting-performance-report	archive-supporting	21	1895	d767c88268a670da49e0203dc788096a3750caad80342569269024b2fdbd9f30	v12/docs/perf-baselines/2026-07-20-parser-node-kind-cache-candidate-scorecard.md
untracked	raw-performance-evidence	archive-raw	1436	45643	40f8c0db7a900c5f6f817f8180bc6fb7a683734b556b167d6d812a0ea2f60db3	v12/docs/perf-baselines/2026-07-20-parser-node-kind-cache-candidate.json
untracked	supporting-performance-report	archive-supporting	113	6158	0d8b92a2cafad8f183a6cc694cf7eb3bde6071c7b5eb5d051408334d2510ac5a	v12/docs/perf-baselines/2026-07-20-parser-node-kind-cache-gate.md
untracked	supporting-performance-report	archive-supporting	16	1251	ce5c7bc159fae5eb2fe9b05549afa0099ce85f4b7b1bd6629af909e8d892bd6d	v12/docs/perf-baselines/2026-07-20-parser-redundant-span-candidate-scorecard.md
untracked	raw-performance-evidence	archive-raw	494	16248	c5a0fb3ae24ad8006c205eb6468257e84958617c1767d1bbcdc2262dcc842747	v12/docs/perf-baselines/2026-07-20-parser-redundant-span-candidate.json
untracked	supporting-performance-report	archive-supporting	136	6621	c05f8ff1e9b4d33ffa6beaf89425eb340120023d862413a46c784650a8223b85	v12/docs/perf-baselines/2026-07-20-parser-redundant-span-dispatch-gate.md
untracked	supporting-performance-report	archive-supporting	131	6790	68a53ca56bd90e577c7d8be7c91c3af673e5b7a51faaa07881f46d0c729a0931	v12/docs/perf-baselines/2026-07-20-parser-residual-span-caller-pair-gate.md
untracked	supporting-performance-report	archive-supporting	75	3453	5f0d4762e999e556c854fadf4a4a755b1169cab175898985cb76a34507d10b75	v12/docs/perf-baselines/2026-07-20-performance-stability-manifest.md
untracked	supporting-performance-report	archive-supporting	137	7404	7d38ce430192cf49071b1f419a51bf0bedb637c2faf59dce71307c7d878d1eb5	v12/docs/perf-baselines/2026-07-20-post-correction-sudoku-bytecode-attribution.md
untracked	supporting-performance-report	archive-supporting	160	8056	e17c4dfceb7f0fa4d34b8149e3ae962d14d87571aaf6cde5ace3f0f61968b4a7	v12/docs/perf-baselines/2026-07-20-post-hash-index-profile-reconciliation.md
untracked	raw-performance-evidence	archive-raw	88	2681	673b94845e6bad6f129e2ce7855908857d66716cfd1731d1df6f72539a079b74	v12/docs/perf-baselines/2026-07-20-post-index-inventory-bytecode-profile.json
untracked	supporting-performance-report	archive-supporting	13	712	c8acba0fd91de5f16432972332e79162c2eb057bdedc907b371a367f121edfa4	v12/docs/perf-baselines/2026-07-20-post-index-inventory-bytecode-profile.md
untracked	raw-performance-evidence	archive-raw	87	2667	efd27dd706dc29a3ec153190c56779a31db6c4352524e5550c7cb2337b96d8d7	v12/docs/perf-baselines/2026-07-20-post-index-inventory-compiled-profile.json
untracked	supporting-performance-report	archive-supporting	13	642	05d5d73afd3b447922f33d0e72bf75c578c7cc762197c90de1889324c48f6b01	v12/docs/perf-baselines/2026-07-20-post-index-inventory-compiled-profile.md
untracked	raw-performance-evidence	archive-raw	96	2918	c563a28c3263469a736253a3144060424de88aba42d4978ef224766fdc9f1e93	v12/docs/perf-baselines/2026-07-20-post-index-k-nucleotide-bytecode-profile.json
untracked	supporting-performance-report	archive-supporting	13	689	46fe0fd68ffd3a10e4df8d3c407bd5430d54ddd722dd441b1b83537336e62e29	v12/docs/perf-baselines/2026-07-20-post-index-k-nucleotide-bytecode-profile.md
untracked	raw-performance-evidence	archive-raw	95	2898	423669149294c95bb8a60956069c883f42c11a5519fda98ac34cbef21451c50e	v12/docs/perf-baselines/2026-07-20-post-index-k-nucleotide-compiled-profile.json
untracked	supporting-performance-report	archive-supporting	13	618	610e240200715dd5b387a9b2d817e362d9b2a3ce32c288d582473a8d76890737	v12/docs/perf-baselines/2026-07-20-post-index-k-nucleotide-compiled-profile.md
untracked	raw-performance-evidence	archive-raw	96	2888	694dad64ac269fc97b5ed4e1897852a28a39a0bacbb7442bfbc41493658a5b92	v12/docs/perf-baselines/2026-07-20-post-index-word-frequency-bytecode-profile.json
untracked	supporting-performance-report	archive-supporting	13	692	bbf242e7eba937bfac4d38d3669b1555ac465d6375faefbe554781e24d3562c2	v12/docs/perf-baselines/2026-07-20-post-index-word-frequency-bytecode-profile.md
untracked	raw-performance-evidence	archive-raw	95	2870	a138b7dca5cbc279c76c92d4966f8abb5cff142fc6584e1a25d415bc395d4ef6	v12/docs/perf-baselines/2026-07-20-post-index-word-frequency-compiled-profile.json
untracked	supporting-performance-report	archive-supporting	13	622	fd88ec15a784f5d5896ce425ac0f13ae2435701d6689f335df749e4ee2cc2565	v12/docs/perf-baselines/2026-07-20-post-index-word-frequency-compiled-profile.md
untracked	supporting-performance-report	archive-supporting	138	6692	717fbbf39211fbb2218e7dbe86007919214d001f4c7e505bd2a7c84685c67567	v12/docs/perf-baselines/2026-07-20-qualified-impl-diagnostic-and-profile-refresh.md
untracked	raw-performance-evidence	archive-raw	241	8239	b42d1b505c123dfb45dff426c7ae75cdcf8343d435ec99980402f0ffe2e4a492	v12/docs/perf-baselines/2026-07-20-regex-rebalance-bytecode.json
untracked	supporting-performance-report	archive-supporting	14	861	851d01d66d08a453e5913b2fc43a45f83f038d8249af25e4e65be7d81b8dac0a	v12/docs/perf-baselines/2026-07-20-regex-rebalance-bytecode.md
untracked	raw-performance-evidence	archive-raw	192	6434	a9f6cf3228532d25714202f17bbd2161048a0ca0b4d0ebe2fbb4181dd307ae15	v12/docs/perf-baselines/2026-07-20-regex-rebalance-compiled.json
untracked	supporting-performance-report	archive-supporting	14	766	0e3924fdc9769e0bfcb4f74bb3a3ede5990972b7826a2e16891f44f00fc6bf16	v12/docs/perf-baselines/2026-07-20-regex-rebalance-compiled.md
untracked	raw-performance-evidence	archive-raw	64	1979	9a57d57320dd76d5a4b08bf283d76e2e2a00df2482b6dc2aa0ca9331a4c9cbd7	v12/docs/perf-baselines/2026-07-20-regex-rebalance-go-reference.json
untracked	supporting-performance-report	archive-supporting	12	535	e47dbf2faf87d63e09a0d3143e10fd09f830d53d3190fd3e9e161a4882818da5	v12/docs/perf-baselines/2026-07-20-regex-rebalance-go-reference.md
untracked	raw-performance-evidence	archive-raw	518	17551	d74ca8b46745422f04bd4f4894c51473e2e6a2b044d103a502a49ae3eaa86deb	v12/docs/perf-baselines/2026-07-20-regex-rebalance-historical-compiled-01.json
untracked	raw-performance-evidence	archive-raw	363	12298	b50509dab1345837546cb1c88474da897749926b42af5988ad26bfe6445d428f	v12/docs/perf-baselines/2026-07-20-regex-rebalance-historical-compiled-02.json
untracked	raw-performance-evidence	archive-raw	526	17917	28e9f0d404fff9ba5ba5588ec86d3cfdc7a8d3bce129ac2f8a3aa0b3cb7a8447	v12/docs/perf-baselines/2026-07-20-regex-rebalance-historical-compiled-03.json
untracked	raw-performance-evidence	archive-raw	510	17385	32e06af0e381e30e75dc783f23ea68cd17d10ba36b7b00c2225e44f46cda4ffa	v12/docs/perf-baselines/2026-07-20-regex-rebalance-historical-compiled-04.json
untracked	raw-performance-evidence	archive-raw	584	18837	ab09bb0feb9e31d205ec98e64a60122a9dd75f3f69e0f87c1bfa97fe5b354f8a	v12/docs/perf-baselines/2026-07-20-regex-rebalance-historical-go-reference-without-suffix.json
untracked	raw-performance-evidence	archive-raw	133	4233	c0644fb8851709e3a781321463b016666011a5b078e3611147712167a4e3a433	v12/docs/perf-baselines/2026-07-20-regex-rebalance-interpreter-reference.json
untracked	supporting-performance-report	archive-supporting	14	926	bbb96958b904396119fe347ba577f2db7a5c6f24cfc7bc671ac34563001b47f7	v12/docs/perf-baselines/2026-07-20-regex-rebalance-interpreter-reference.md
untracked	raw-performance-evidence	archive-raw	86	120048	029310a4d0154aea75b635df01f182ea6ae094a7deef51604caec47731e8d89b	v12/docs/perf-baselines/2026-07-20-regex-rebalance-scorecard.json
untracked	supporting-performance-report	archive-supporting	135	13958	f268d298381518316d5851915dc25e8d6b5d9d75650937664677e7730277d843	v12/docs/perf-baselines/2026-07-20-regex-rebalance-scorecard.md
untracked	raw-performance-evidence	archive-raw	8	272	8c918dff5ca148a5ef9e7e139807b3a3a7986779ce2903dd4b4387b50fa26d5f	v12/docs/perf-baselines/2026-07-20-regex-rebalance-stdlib-source-state.json
untracked	supporting-performance-report	archive-supporting	198	9220	b5223e2b9bfd612ab0f9f003a9dbe3b735f7b23dc0e59ffdc58a6aa2ead73e24	v12/docs/perf-baselines/2026-07-20-regex-three-api-current-profile-gate.md
untracked	raw-performance-evidence	archive-raw	116	3644	844afa3c24c26b6e3866435f5394e33fcd8558c5bb59604dfabb11d751b84f31	v12/docs/perf-baselines/2026-07-20-source-equivalence-go-01.json
untracked	supporting-performance-report	archive-supporting	13	710	eecaf28918cf5c50db7dd43b09175a0e580fb16edc179d7fcb9769b5f9b40386	v12/docs/perf-baselines/2026-07-20-source-equivalence-go-01.md
untracked	raw-performance-evidence	archive-raw	116	3644	36781650163e06c1c66426998a88948343484bf7697f583c5ab3f4c696a09c29	v12/docs/perf-baselines/2026-07-20-source-equivalence-go-02.json
untracked	supporting-performance-report	archive-supporting	13	710	c5f71f2a988de4e8a728e605bf3cd80d423f62668d41eadeef2ace99dabf2dc9	v12/docs/perf-baselines/2026-07-20-source-equivalence-go-02.md
untracked	raw-performance-evidence	archive-raw	133	4213	d10035e50d83d4151577fda15ebd08588722a27944c57a9159a2bd6dc7624baa	v12/docs/perf-baselines/2026-07-20-source-equivalence-interpreter-01.json
untracked	supporting-performance-report	archive-supporting	14	913	d93b233f88036b03141916dc4ce67c5997a0ab381f9ea8c86016c431df4c67db	v12/docs/perf-baselines/2026-07-20-source-equivalence-interpreter-01.md
untracked	raw-performance-evidence	archive-raw	133	4214	f2bcbd48ea9872eb4bce46a249a7ebf789de5d8d038456a18fe06ff233610e03	v12/docs/perf-baselines/2026-07-20-source-equivalence-interpreter-02.json
untracked	supporting-performance-report	archive-supporting	14	913	be2894731e55f704e370638872e85d8598a23fd5e85fc3792a91070ff0c9e02e	v12/docs/perf-baselines/2026-07-20-source-equivalence-interpreter-02.md
untracked	raw-performance-evidence	archive-raw	296	9822	c27b4e6f0395068341bf40a2da46205b01ff8ddd76fe1a94dcb77f1dae1d9f35	v12/docs/perf-baselines/2026-07-20-source-equivalence-scorecard-bytecode.json
untracked	supporting-performance-report	archive-supporting	15	888	23bbfad3f1c13207c05437f92e6c1c396c46ee8a167169ab12620dbacd293347	v12/docs/perf-baselines/2026-07-20-source-equivalence-scorecard-bytecode.md
untracked	raw-performance-evidence	archive-raw	347	11609	a4f9f5a561c1d7ada03718e27864b4b97aea10f38851ce1c8f25a87dabd4a4ad	v12/docs/perf-baselines/2026-07-20-source-equivalence-scorecard-compiled.json
untracked	supporting-performance-report	archive-supporting	15	910	87a3db17676e2a356cb16c0d1daa688040815823a59658375b2d923fe714285d	v12/docs/perf-baselines/2026-07-20-source-equivalence-scorecard-compiled.md
untracked	raw-performance-evidence	archive-raw	116	3627	d0a40514e58385f1dcdb2ea9659bd98fe9855f8caec6637fb739ce55fffc7597	v12/docs/perf-baselines/2026-07-20-source-equivalence-scorecard-go.json
untracked	supporting-performance-report	archive-supporting	13	702	0c46151528514bd5dad34c545f65c1b5dc79bf75ade283c36c83ab894ae3e40c	v12/docs/perf-baselines/2026-07-20-source-equivalence-scorecard-go.md
untracked	raw-performance-evidence	archive-raw	195	6168	13ea21789cdf2cfa2ce82a9299b5a76f9844efe06a23468c2df248c0d48320a4	v12/docs/perf-baselines/2026-07-20-source-equivalence-scorecard-interpreter.json
untracked	raw-performance-evidence	archive-raw	86	120013	5047b439b8618cf41a0d613237a63326b8fb89bf79aee9d1dee0ec7619d5ae2d	v12/docs/perf-baselines/2026-07-20-source-equivalence-scorecard.json
untracked	supporting-performance-report	archive-supporting	133	13917	6916e6ad553649ab00970444aff9a09284091ae698ac9e99c764f1cfefca6102	v12/docs/perf-baselines/2026-07-20-source-equivalence-scorecard.md
untracked	raw-performance-evidence	archive-raw	105	3124	c77deeaf8b35de14890788d2cc2a6aca9c5074c968696bba5bf283c9dae5e63a	v12/docs/perf-baselines/2026-07-20-source-equivalence-sudoku-compiled-01.json
untracked	raw-performance-evidence	archive-raw	105	3122	c2c421e068441d1c204e316595c46713b5657ade48daab13d11e47297e4995a8	v12/docs/perf-baselines/2026-07-20-source-equivalence-sudoku-compiled-02.json
untracked	raw-performance-evidence	archive-raw	107	3178	4041f0ccda2f51b72474687941786e4b532c70155269dea36734431948fca1ae	v12/docs/perf-baselines/2026-07-20-source-equivalence-tape-compiled-01.json
untracked	raw-performance-evidence	archive-raw	107	3178	d49ab3eaadcbf8f8fcd7bf32c1affba250e1534ff1bc547e595749d35b8fb474	v12/docs/perf-baselines/2026-07-20-source-equivalence-tape-compiled-02.json
untracked	supporting-performance-report	archive-supporting	105	5413	27e6da6cd4603287e6f46e2edcdb79df8c93dfeec81fb70713226902e16369e7	v12/docs/perf-baselines/2026-07-20-source-exact-established-guard-refresh.md
untracked	raw-performance-evidence	archive-raw	184	6145	77b0ff8a878a0f3ee33da73d925e1a39f35f2a143176f1133f0bb8423024bd4a	v12/docs/perf-baselines/2026-07-20-source-exact-guards-c1-binarytrees-compiled.json
untracked	raw-performance-evidence	archive-raw	233	7832	7b672b733c899b36c773afa2aa306bc09feb76cce2ba7acd40868227ac44213a	v12/docs/perf-baselines/2026-07-20-source-exact-guards-c1-json-bytecode.json
untracked	raw-performance-evidence	archive-raw	184	6046	48b358570db656a5dfc947c56b28d244c8efa486c100cc17f4fa384039006de6	v12/docs/perf-baselines/2026-07-20-source-exact-guards-c1-json-compiled.json
untracked	raw-performance-evidence	archive-raw	235	7908	89467df608ab1b733e70378188a4bf1fbd24dd631db6cf063487b9dac0a50f7a	v12/docs/perf-baselines/2026-07-20-source-exact-guards-c1-pidigits-bytecode.json
untracked	raw-performance-evidence	archive-raw	184	6085	f0e6fbf300dc7e569a953726c0f9687f371a2581e9f17c3f68ed074ea0e11469	v12/docs/perf-baselines/2026-07-20-source-exact-guards-c1-quicksort-compiled.json
untracked	raw-performance-evidence	archive-raw	446	15126	602819eb85b97c0dd4a21fac3da629bde0503d19a5f0fc77822d4255e7f97168	v12/docs/perf-baselines/2026-07-20-source-exact-guards-c2-bytecode.json
untracked	supporting-performance-report	archive-supporting	15	1010	38fe6301f2642d16ae65bee11b7aa9fc9eb37ba5733cac67ae1e75e0297da05c	v12/docs/perf-baselines/2026-07-20-source-exact-guards-c2-bytecode.md
untracked	raw-performance-evidence	archive-raw	510	17140	c8cea805153b48d9897fb3ef0ee057ccc4eb4546cac1078c880794a54d588f93	v12/docs/perf-baselines/2026-07-20-source-exact-guards-c2-compiled.json
untracked	supporting-performance-report	archive-supporting	16	1064	ec37e4b3efd9fb317d3a15966dc134596ed70102ec179fdf40cf24fe76917bbe	v12/docs/perf-baselines/2026-07-20-source-exact-guards-c2-compiled.md
untracked	raw-performance-evidence	archive-raw	168	5311	cb452800ce0adf99cdc7f531ac9c6181787156968ebe8815f3002f6aded3478a	v12/docs/perf-baselines/2026-07-20-source-exact-guards-c2-go-reference.json
untracked	supporting-performance-report	archive-supporting	14	926	ea36e313ed6324e5991c5dcb2252ccdd4df2659493401bfa00c22c04c659ad6a	v12/docs/perf-baselines/2026-07-20-source-exact-guards-c2-go-reference.md
untracked	raw-performance-evidence	archive-raw	243	7730	f10db3f3454437e60e962c8282e50cc90d212a16e69ba7bac988baabbd46ef09	v12/docs/perf-baselines/2026-07-20-source-exact-guards-c2-interpreter-reference.json
untracked	supporting-performance-report	archive-supporting	16	1341	6e6ccd017c47c2cadafa2df06ad921f1cbc486f12d1b7fec94e2772ed3536029	v12/docs/perf-baselines/2026-07-20-source-exact-guards-c2-interpreter-reference.md
untracked	raw-performance-evidence	archive-raw	8	272	d8126a7ee93174b48c3c597839bac1620f3ab7b6babe10e23eb0f95c1d3bc28b	v12/docs/perf-baselines/2026-07-20-source-exact-guards-stdlib-source-state.json
untracked	raw-performance-evidence	archive-raw	697	18778	6ddc564ee065ccd620a21db9356b6ea7fce98a1550755a30e0448cc94ffeb825	v12/docs/perf-baselines/2026-07-20-source-exact-guards-variance.json
untracked	supporting-performance-report	archive-supporting	23	2782	303b38518600d27c10b07ee5069d4138e272dce5bf4d59e4e1b92eed44d364e3	v12/docs/perf-baselines/2026-07-20-source-exact-guards-variance.md
untracked	raw-performance-evidence	archive-raw	168	5324	9eaec0badb41c8cb422c566c337e3de96424fbd66f34679f4aece9b2a8d9bfb2	v12/docs/perf-baselines/2026-07-20-sudoku-integer-quotient-go-reference.json
untracked	supporting-performance-report	archive-supporting	14	933	d482ff8353003954533ab55bce149d6c19c14c6ea3d6d6f6aba5a536cd915132	v12/docs/perf-baselines/2026-07-20-sudoku-integer-quotient-go-reference.md
untracked	raw-performance-evidence	archive-raw	296	9822	728846a48e98a87db11a778cca3d2f5aa4fa9a2daada601d51fb59c6a220883f	v12/docs/perf-baselines/2026-07-20-sudoku-integer-quotient-scorecard-bytecode.json
untracked	supporting-performance-report	archive-supporting	15	888	3959dfba286838d2227e677e8ae10908dc2ab3611face703ce21fe49fbad81aa	v12/docs/perf-baselines/2026-07-20-sudoku-integer-quotient-scorecard-bytecode.md
untracked	raw-performance-evidence	archive-raw	347	11611	bf93057480db592f9486838c4a1299b0e4a86bb7d08af1a58cfb52b175842691	v12/docs/perf-baselines/2026-07-20-sudoku-integer-quotient-scorecard-compiled.json
untracked	supporting-performance-report	archive-supporting	15	915	a27153b346b7dc887421e4747417bcc9b1abeeca70ee29c86dd4ebec7b45fbb8	v12/docs/perf-baselines/2026-07-20-sudoku-integer-quotient-scorecard-compiled.md
untracked	supporting-performance-report	archive-supporting	189	8860	0d420dca58d879540374d66a6f04a0e4069d4d645a760e27f08018947a23a2e0	v12/docs/perf-baselines/2026-07-20-sudoku-tape-source-equivalence-reconciliation.md
untracked	raw-performance-evidence	archive-raw	233	7859	850001769e46f65a25e75814cb736e5764a9cb93c71999cc3669f9cbf2b3f9a6	v12/docs/perf-baselines/2026-07-20-threshold-stability-c1-base64-bytecode.json
untracked	raw-performance-evidence	archive-raw	184	6063	80640e67cf3d48207d90f6d611a3b17f2a1d8d8610eb8f55e163f83de178d860	v12/docs/perf-baselines/2026-07-20-threshold-stability-c1-base64-compiled.json
untracked	raw-performance-evidence	archive-raw	184	6122	c7fbb7d4a3a460759c4c2f6c24a183ad665981f3689cde94ae1a71b2729c66f3	v12/docs/perf-baselines/2026-07-20-threshold-stability-c1-monte-carlo-compiled.json
untracked	raw-performance-evidence	archive-raw	233	7831	b08e98c986344ccb1af3ad84d05aa4d7d9a509fc629f52e13b4fa454a0ad6b0d	v12/docs/perf-baselines/2026-07-20-threshold-stability-c2-base64-bytecode.json
untracked	supporting-performance-report	archive-supporting	14	841	e382f627c9c9154ee9daf4beb151464104644d487f9070a2995fe0901a124341	v12/docs/perf-baselines/2026-07-20-threshold-stability-c2-base64-bytecode.md
untracked	raw-performance-evidence	archive-raw	184	6049	b7c8aa2e092bd00fca4fb45d26339d7f0ab5d28db2a22d1c29b804909f90e0b6	v12/docs/perf-baselines/2026-07-20-threshold-stability-c2-base64-compiled.json
untracked	supporting-performance-report	archive-supporting	14	748	7c814844727f83261da8c676f50ecc77ebe14fc9d68cd24885a4b2c61a8487df	v12/docs/perf-baselines/2026-07-20-threshold-stability-c2-base64-compiled.md
untracked	raw-performance-evidence	archive-raw	120	3956	1f484138d376073666a02a904dd984f6c0b9fc58005b242cd59378576177d4c1	v12/docs/perf-baselines/2026-07-20-threshold-stability-c2-go-reference.json
untracked	supporting-performance-report	archive-supporting	13	1006	1b7da01aa73f2897787f090eded9305a0e6da9bef4e239b60943dec97489dc83	v12/docs/perf-baselines/2026-07-20-threshold-stability-c2-go-reference.md
untracked	raw-performance-evidence	archive-raw	133	4185	976fb961709599de96d7fe18b03b614985d0c2256cca227ad4f0a03c471fb54d	v12/docs/perf-baselines/2026-07-20-threshold-stability-c2-interpreter-reference.json
untracked	supporting-performance-report	archive-supporting	14	902	af05fcbb19d11c08b96b2712a1d17a90aacebc04f48fb6d03f9d752e8e59a689	v12/docs/perf-baselines/2026-07-20-threshold-stability-c2-interpreter-reference.md
untracked	raw-performance-evidence	archive-raw	184	6109	0df1b5a528c0785c3bf8dd11e9de7e9daa123b28d16b01eb0af39e5f9652b2dd	v12/docs/perf-baselines/2026-07-20-threshold-stability-c2-monte-carlo-compiled.json
untracked	supporting-performance-report	archive-supporting	14	764	148a13edc73d083e95101fb6c1e7569dadbb0430fb7988bae512c33358b8f086	v12/docs/perf-baselines/2026-07-20-threshold-stability-c2-monte-carlo-compiled.md
untracked	raw-performance-evidence	archive-raw	233	7830	0b7c0adc7fdc7877a74aeed9e93ecfdbe828d28534f8f8cc4c48e8952c43baac	v12/docs/perf-baselines/2026-07-20-threshold-stability-c3-base64-bytecode.json
untracked	supporting-performance-report	archive-supporting	14	841	7bcdedb05dbeb0d7e553164352a27dfecd092fbf5e5b0bfd213449e9957d5a16	v12/docs/perf-baselines/2026-07-20-threshold-stability-c3-base64-bytecode.md
untracked	raw-performance-evidence	archive-raw	184	6052	414e31429bed17441c126e5a2b44c561d890f5c4ff9ebd0d09d6b182e3ffb663	v12/docs/perf-baselines/2026-07-20-threshold-stability-c3-base64-compiled.json
untracked	supporting-performance-report	archive-supporting	14	748	55bb6c1f2e516853eefde52be35a0d231095ea2c30c30ecb3803e4dd91e3199b	v12/docs/perf-baselines/2026-07-20-threshold-stability-c3-base64-compiled.md
untracked	raw-performance-evidence	archive-raw	120	3957	0059d3ba45f40ea661f83ce05c609c1bae00f5b8a7463eb6a8eece4c07caf619	v12/docs/perf-baselines/2026-07-20-threshold-stability-c3-go-reference.json
untracked	supporting-performance-report	archive-supporting	13	1006	1a53a7b859c9eff87a95183a0b3c6d9c4ab45b62c28a3b1d2aeb1fff135d317b	v12/docs/perf-baselines/2026-07-20-threshold-stability-c3-go-reference.md
untracked	raw-performance-evidence	archive-raw	133	4182	5c16ea14c4a9762428ff03b6974956d15a2fce160c207cb151b1bbbe736ba850	v12/docs/perf-baselines/2026-07-20-threshold-stability-c3-interpreter-reference.json
untracked	supporting-performance-report	archive-supporting	14	902	b4ac751e04d726e639eed2535903cf89fa59992cb4d8c9bfeed7390d695b3b3e	v12/docs/perf-baselines/2026-07-20-threshold-stability-c3-interpreter-reference.md
untracked	raw-performance-evidence	archive-raw	184	6106	5802e1b1db38a2861053ee258c082473bf5b8cc01c39bffd28417acea4d5d215	v12/docs/perf-baselines/2026-07-20-threshold-stability-c3-monte-carlo-compiled.json
untracked	supporting-performance-report	archive-supporting	14	764	c8f6e53f86d669128b794ab4c9e9faa69ea5108c4edcb071c1e3398107fcafc9	v12/docs/perf-baselines/2026-07-20-threshold-stability-c3-monte-carlo-compiled.md
untracked	supporting-performance-report	archive-supporting	90	4555	39887cf11a886b3f537c24bac07cebdbd70a0b079bfeaba815324a1ab3e7a44e	v12/docs/perf-baselines/2026-07-20-threshold-stability-reconciliation.md
untracked	raw-performance-evidence	archive-raw	547	14442	89f37a2f036934cf59626fa82e5b7138bca0ab40f8891a7cdb8f3a84dafcb971	v12/docs/perf-baselines/2026-07-20-threshold-stability-variance.json
untracked	supporting-performance-report	archive-supporting	23	2557	7de63555e981310b0d4bfa72645bf80b8a541c04085f608a16fa8052ca496723	v12/docs/perf-baselines/2026-07-20-threshold-stability-variance.md
untracked	supporting-performance-report	archive-supporting	102	4865	12a99e8b96111a90e86b39dbc1925574dc4eed787a7084cc4c79db0e2590bf88	v12/docs/perf-baselines/2026-07-20-tree-sitter-span-child-count-audit.md
untracked	raw-performance-evidence	archive-raw	663	22942	9607f5897c515706fb5d4f247e427de7d0647b16aeeac53e7f7d98aeddc5cb37	v12/docs/perf-baselines/2026-07-20-wide-integer-records-async-bytecode-01-selected.json
untracked	supporting-performance-report	archive-supporting	16	1247	849149ff30e0867cecc5d0ea8b88641f51a9d2f262f7ea123a47535afbe1572d	v12/docs/perf-baselines/2026-07-20-wide-integer-records-async-bytecode-01-selected.md
untracked	raw-performance-evidence	archive-raw	866	30013	eb1c9d37517d15348619939ffcdc5059cd6f54c3950741aa6a430d05a16356df	v12/docs/perf-baselines/2026-07-20-wide-integer-records-async-bytecode-02-selected.json
untracked	supporting-performance-report	archive-supporting	17	1440	e239d16d0626b22bf1b3bbda089ee50094d40faa3f5d78ea3e1590aac01a9a33	v12/docs/perf-baselines/2026-07-20-wide-integer-records-async-bytecode-02-selected.md
untracked	raw-performance-evidence	archive-raw	518	17650	31ca212f8a92f789de7e50b672796906df898eef632706355525e1412e4b9414	v12/docs/perf-baselines/2026-07-20-wide-integer-records-async-compiled-01-selected.json
untracked	supporting-performance-report	archive-supporting	16	1113	4ec3f62bba4f1be3f6c70f44ea9b8a40eff17195b6e65b6358603e96924f8626	v12/docs/perf-baselines/2026-07-20-wide-integer-records-async-compiled-01-selected.md
untracked	raw-performance-evidence	archive-raw	673	22961	b2ee0508f97a8291cef2f560af003cbc79ebf82f969a8b5442e1db24785178ed	v12/docs/perf-baselines/2026-07-20-wide-integer-records-async-compiled-02-selected.json
untracked	supporting-performance-report	archive-supporting	17	1291	f534bae8eea97ce2ae46c3c8d4cf908d522e8d60734f4f01dffe1507e19f26b4	v12/docs/perf-baselines/2026-07-20-wide-integer-records-async-compiled-02-selected.md
untracked	raw-performance-evidence	archive-raw	376	12144	f20b92f76111160a651bf8f4fe3b4ad1ffdf0deb22bda9f4f49e79137c75e3d6	v12/docs/perf-baselines/2026-07-20-wide-integer-records-async-go-reference.json
untracked	supporting-performance-report	archive-supporting	18	1778	a2d9a32a56ca67266e0217d93ad3320986f8971fec8dbf2dbdd89d5b46525aff	v12/docs/perf-baselines/2026-07-20-wide-integer-records-async-go-reference.md
untracked	raw-performance-evidence	archive-raw	793	25692	8d35f669c32133b31586b8abb707a63db29e60558227389eebbe292fc97330ad	v12/docs/perf-baselines/2026-07-20-wide-integer-records-async-interpreter-reference-selected.json
untracked	supporting-performance-report	archive-supporting	26	3665	a6ba659289aa2096f69cb49ee752e9bbbcbb53fa2a229be370a62d88fdde724b	v12/docs/perf-baselines/2026-07-20-wide-integer-records-async-interpreter-reference-selected.md
untracked	raw-performance-evidence	archive-raw	397	13664	8bb8e82f3a9fd7599f17a3ce745d8edb5781f0777cd5615fe4deb9248d4487c7	v12/docs/perf-baselines/2026-07-20-wide-integer-records-cohort-a.json
untracked	supporting-performance-report	archive-supporting	16	1245	1e47670821f4f00016b1a29ef0dbc39f5d86186735f52b916b967300a486a57b	v12/docs/perf-baselines/2026-07-20-wide-integer-records-cohort-a.md
